datetime,portfolio_value,cash,cash_deposits_total,cash_withdrawals_total,cash_adjustments_net_total,cash_financing_enabled,cash_financing_account_mode,cash_financing_credit_total,cash_financing_debit_total,cash_financing_net_total,cash_financing_days_accrued,cash_financing_events,cash_financing_last_credit_rate_used,cash_financing_last_debit_rate_used,positions,cash_deposits_period,cash_withdrawals_period,cash_adjustments_net_period,cash_financing_credit_period,cash_financing_debit_period,cash_financing_net_period,return,cash_adjusted_portfolio_value
2025-12-15 08:30:00-05:00,100000.0,100000.0,0.0,0.0,0.0,False,margin,0.0,0.0,0.0,0,0,,,[],0.0,0.0,0.0,0.0,0.0,0.0,,100000.0
2025-12-15 09:30:00-05:00,100000.0,100000.0,0.0,0.0,0.0,False,margin,0.0,0.0,0.0,0,0,,,[],0.0,0.0,0.0,0.0,0.0,0.0,0.0,100000.0
2025-12-15 09:30:00-05:00,100000.0,100000.0,0.0,0.0,0.0,False,margin,0.0,0.0,0.0,0,0,,,[],0.0,0.0,0.0,0.0,0.0,0.0,0.0,100000.0
2025-12-15 16:00:00-05:00,100024.29992675781,93142.60009765625,0.0,0.0,0.0,False,margin,0.0,0.0,0.0,0,0,,,"[{'asset': {'symbol': 'SPY', 'type': 'stock'}, 'quantity': 10.0}]",0.0,0.0,0.0,0.0,0.0,0.0,0.000242999267578125,100024.29992675781
2025-12-16 08:30:00-05:00,100000.0,93142.60009765625,0.0,0.0,0.0,False,margin,0.0,0.0,0.0,0,0,,,"[{'asset': {'symbol': 'SPY', 'type': 'stock'}, 'quantity': 10.0}]",0.0,0.0,0.0,0.0,0.0,0.0,-0.00024294023327937284,99999.99999999999
2025-12-16 09:30:00-05:00,100000.0,93142.60009765625,0.0,0.0,0.0,False,margin,0.0,0.0,0.0,0,0,,,"[{'asset': {'symbol': 'SPY', 'type': 'stock'}, 'quantity': 10.0}]",0.0,0.0,0.0,0.0,0.0,0.0,0.0,99999.99999999999
2025-12-16 09:30:00-05:00,100000.0,93142.60009765625,0.0,0.0,0.0,False,margin,0.0,0.0,0.0,0,0,,,"[{'asset': {'symbol': 'SPY', 'type': 'stock'}, 'quantity': 10.0}]",0.0,0.0,0.0,0.0,0.0,0.0,0.0,99999.99999999999
2025-12-16 16:00:00-05:00,100000.0,93142.60009765625,0.0,0.0,0.0,False,margin,0.0,0.0,0.0,0,0,,,"[{'asset': {'symbol': 'SPY', 'type': 'stock'}, 'quantity': 10.0}]",0.0,0.0,0.0,0.0,0.0,0.0,0.0,99999.99999999999
2025-12-17 08:30:00-05:00,99934.89990234375,93142.60009765625,0.0,0.0,0.0,False,margin,0.0,0.0,0.0,0,0,,,"[{'asset': {'symbol': 'SPY', 'type': 'stock'}, 'quantity': 10.0}]",0.0,0.0,0.0,0.0,0.0,0.0,-0.0006510009765625,99934.89990234375
2025-12-17 09:30:00-05:00,99934.89990234375,93142.60009765625,0.0,0.0,0.0,False,margin,0.0,0.0,0.0,0,0,,,"[{'asset': {'symbol': 'SPY', 'type': 'stock'}, 'quantity': 10.0}]",0.0,0.0,0.0,0.0,0.0,0.0,0.0,99934.89990234375
2025-12-17 09:30:00-05:00,99934.89990234375,93142.60009765625,0.0,0.0,0.0,False,margin,0.0,0.0,0.0,0,0,,,"[{'asset': {'symbol': 'SPY', 'type': 'stock'}, 'quantity': 10.0}]",0.0,0.0,0.0,0.0,0.0,0.0,0.0,99934.89990234375
2025-12-17 16:00:00-05:00,99934.89990234375,93142.60009765625,0.0,0.0,0.0,False,margin,0.0,0.0,0.0,0,0,,,"[{'asset': {'symbol': 'SPY', 'type': 'stock'}, 'quantity': 10.0}]",0.0,0.0,0.0,0.0,0.0,0.0,0.0,99934.89990234375
2025-12-18 08:30:00-05:00,99941.50024414062,93142.60009765625,0.0,0.0,0.0,False,margin,0.0,0.0,0.0,0,0,,,"[{'asset': {'symbol': 'SPY', 'type': 'stock'}, 'quantity': 10.0}]",0.0,0.0,0.0,0.0,0.0,0.0,6.604641424892451e-05,99941.50024414062
2025-12-18 09:30:00-05:00,99941.50024414062,93142.60009765625,0.0,0.0,0.0,False,margin,0.0,0.0,0.0,0,0,,,"[{'asset': {'symbol': 'SPY', 'type': 'stock'}, 'quantity': 10.0}]",0.0,0.0,0.0,0.0,0.0,0.0,0.0,99941.50024414062
2025-12-18 09:30:00-05:00,99941.50024414062,93142.60009765625,0.0,0.0,0.0,False,margin,0.0,0.0,0.0,0,0,,,"[{'asset': {'symbol': 'SPY', 'type': 'stock'}, 'quantity': 10.0}]",0.0,0.0,0.0,0.0,0.0,0.0,0.0,99941.50024414062
2025-12-18 16:00:00-05:00,99941.50024414062,93142.60009765625,0.0,0.0,0.0,False,margin,0.0,0.0,0.0,0,0,,,"[{'asset': {'symbol': 'SPY', 'type': 'stock'}, 'quantity': 10.0}]",0.0,0.0,0.0,0.0,0.0,0.0,0.0,99941.50024414062
2025-12-19 08:30:00-05:00,99918.59985351562,93142.60009765625,0.0,0.0,0.0,False,margin,0.0,0.0,0.0,0,0,,,"[{'asset': {'symbol': 'SPY', 'type': 'stock'}, 'quantity': 10.0}]",0.0,0.0,0.0,0.0,0.0,0.0,-0.0002291379513921456,99918.59985351562
2025-12-19 09:30:00-05:00,99918.59985351562,93142.60009765625,0.0,0.0,0.0,False,margin,0.0,0.0,0.0,0,0,,,"[{'asset': {'symbol': 'SPY', 'type': 'stock'}, 'quantity': 10.0}]",0.0,0.0,0.0,0.0,0.0,0.0,0.0,99918.59985351562
2025-12-19 09:30:00-05:00,99918.59985351562,93142.60009765625,0.0,0.0,0.0,False,margin,0.0,0.0,0.0,0,0,,,"[{'asset': {'symbol': 'SPY', 'type': 'stock'}, 'quantity': 10.0}]",0.0,0.0,0.0,0.0,0.0,0.0,0.0,99918.59985351562
2025-12-19 16:00:00-05:00,99918.59985351562,93142.60009765625,0.0,0.0,0.0,False,margin,0.0,0.0,0.0,0,0,,,"[{'asset': {'symbol': 'SPY', 'type': 'stock'}, 'quantity': 10.0}]",0.0,0.0,0.0,0.0,0.0,0.0,0.0,99918.59985351562
2025-12-22 08:30:00-05:00,99908.50036621094,93142.60009765625,0.0,0.0,0.0,False,margin,0.0,0.0,0.0,0,0,,,"[{'asset': {'symbol': 'SPY', 'type': 'stock'}, 'quantity': 10.0}]",0.0,0.0,0.0,0.0,0.0,0.0,-0.0001010771499950332,99908.50036621092
2025-12-22 09:30:00-05:00,99908.50036621094,93142.60009765625,0.0,0.0,0.0,False,margin,0.0,0.0,0.0,0,0,,,"[{'asset': {'symbol': 'SPY', 'type': 'stock'}, 'quantity': 10.0}]",0.0,0.0,0.0,0.0,0.0,0.0,0.0,99908.50036621092
2025-12-22 09:30:00-05:00,99908.50036621094,93142.60009765625,0.0,0.0,0.0,False,margin,0.0,0.0,0.0,0,0,,,"[{'asset': {'symbol': 'SPY', 'type': 'stock'}, 'quantity': 10.0}]",0.0,0.0,0.0,0.0,0.0,0.0,0.0,99908.50036621092
2025-12-22 16:00:00-05:00,99908.50036621094,93142.60009765625,0.0,0.0,0.0,False,margin,0.0,0.0,0.0,0,0,,,"[{'asset': {'symbol': 'SPY', 'type': 'stock'}, 'quantity': 10.0}]",0.0,0.0,0.0,0.0,0.0,0.0,0.0,99908.50036621092
2025-12-23 08:30:00-05:00,99982.00012207031,93142.60009765625,0.0,0.0,0.0,False,margin,0.0,0.0,0.0,0,0,,,"[{'asset': {'symbol': 'SPY', 'type': 'stock'}, 'quantity': 10.0}]",0.0,0.0,0.0,0.0,0.0,0.0,0.0007356706945851889,99982.0001220703
2025-12-23 09:30:00-05:00,99982.00012207031,93142.60009765625,0.0,0.0,0.0,False,margin,0.0,0.0,0.0,0,0,,,"[{'asset': {'symbol': 'SPY', 'type': 'stock'}, 'quantity': 10.0}]",0.0,0.0,0.0,0.0,0.0,0.0,0.0,99982.0001220703
2025-12-23 09:30:00-05:00,99982.00012207031,93142.60009765625,0.0,0.0,0.0,False,margin,0.0,0.0,0.0,0,0,,,"[{'asset': {'symbol': 'SPY', 'type': 'stock'}, 'quantity': 10.0}]",0.0,0.0,0.0,0.0,0.0,0.0,0.0,99982.0001220703
2025-12-23 16:00:00-05:00,99982.00012207031,93142.60009765625,0.0,0.0,0.0,False,margin,0.0,0.0,0.0,0,0,,,"[{'asset': {'symbol': 'SPY', 'type': 'stock'}, 'quantity': 10.0}]",0.0,0.0,0.0,0.0,0.0,0.0,0.0,99982.0001220703
2025-12-24 08:30:00-05:00,99981.79992675781,93142.60009765625,0.0,0.0,0.0,False,margin,0.0,0.0,0.0,0,0,,,"[{'asset': {'symbol': 'SPY', 'type': 'stock'}, 'quantity': 10.0}]",0.0,0.0,0.0,0.0,0.0,0.0,-2.0023135389927883e-06,99981.79992675781
2025-12-24 09:30:00-05:00,99981.79992675781,93142.60009765625,0.0,0.0,0.0,False,margin,0.0,0.0,0.0,0,0,,,"[{'asset': {'symbol': 'SPY', 'type': 'stock'}, 'quantity': 10.0}]",0.0,0.0,0.0,0.0,0.0,0.0,0.0,99981.79992675781
2025-12-24 09:30:00-05:00,99981.79992675781,93142.60009765625,0.0,0.0,0.0,False,margin,0.0,0.0,0.0,0,0,,,"[{'asset': {'symbol': 'SPY', 'type': 'stock'}, 'quantity': 10.0}]",0.0,0.0,0.0,0.0,0.0,0.0,0.0,99981.79992675781
2025-12-24 13:00:00-05:00,99981.79992675781,93142.60009765625,0.0,0.0,0.0,False,margin,0.0,0.0,0.0,0,0,,,"[{'asset': {'symbol': 'SPY', 'type': 'stock'}, 'quantity': 10.0}]",0.0,0.0,0.0,0.0,0.0,0.0,0.0,99981.79992675781
2025-12-26 08:30:00-05:00,100022.10021972656,93142.60009765625,0.0,0.0,0.0,False,margin,0.0,0.0,0.0,0,0,,,"[{'asset': {'symbol': 'SPY', 'type': 'stock'}, 'quantity': 10.0}]",0.0,0.0,0.0,0.0,0.0,0.0,0.0004030762898674778,100022.10021972655
2025-12-26 09:30:00-05:00,100022.10021972656,93142.60009765625,0.0,0.0,0.0,False,margin,0.0,0.0,0.0,0,0,,,"[{'asset': {'symbol': 'SPY', 'type': 'stock'}, 'quantity': 10.0}]",0.0,0.0,0.0,0.0,0.0,0.0,0.0,100022.10021972655
2025-12-26 09:30:00-05:00,100022.10021972656,93142.60009765625,0.0,0.0,0.0,False,margin,0.0,0.0,0.0,0,0,,,"[{'asset': {'symbol': 'SPY', 'type': 'stock'}, 'quantity': 10.0}]",0.0,0.0,0.0,0.0,0.0,0.0,0.0,100022.10021972655
2025-12-26 16:00:00-05:00,100022.10021972656,93142.60009765625,0.0,0.0,0.0,False,margin,0.0,0.0,0.0,0,0,,,"[{'asset': {'symbol': 'SPY', 'type': 'stock'}, 'quantity': 10.0}]",0.0,0.0,0.0,0.0,0.0,0.0,0.0,100022.10021972655
2025-12-29 08:30:00-05:00,100049.00024414062,93142.60009765625,0.0,0.0,0.0,False,margin,0.0,0.0,0.0,0,0,,,"[{'asset': {'symbol': 'SPY', 'type': 'stock'}, 'quantity': 10.0}]",0.0,0.0,0.0,0.0,0.0,0.0,0.0002689408076312041,100049.00024414062
2025-12-29 09:30:00-05:00,100049.00024414062,93142.60009765625,0.0,0.0,0.0,False,margin,0.0,0.0,0.0,0,0,,,"[{'asset': {'symbol': 'SPY', 'type': 'stock'}, 'quantity': 10.0}]",0.0,0.0,0.0,0.0,0.0,0.0,0.0,100049.00024414062
2025-12-29 09:30:00-05:00,100049.00024414062,93142.60009765625,0.0,0.0,0.0,False,margin,0.0,0.0,0.0,0,0,,,"[{'asset': {'symbol': 'SPY', 'type': 'stock'}, 'quantity': 10.0}]",0.0,0.0,0.0,0.0,0.0,0.0,0.0,100049.00024414062
2025-12-29 16:00:00-05:00,100049.00024414062,93142.60009765625,0.0,0.0,0.0,False,margin,0.0,0.0,0.0,0,0,,,"[{'asset': {'symbol': 'SPY', 'type': 'stock'}, 'quantity': 10.0}]",0.0,0.0,0.0,0.0,0.0,0.0,0.0,100049.00024414062
2025-12-30 08:30:00-05:00,100017.99987792969,93142.60009765625,0.0,0.0,0.0,False,margin,0.0,0.0,0.0,0,0,,,"[{'asset': {'symbol': 'SPY', 'type': 'stock'}, 'quantity': 10.0}]",0.0,0.0,0.0,0.0,0.0,0.0,-0.0003098518339542632,100017.9998779297
2025-12-30 09:30:00-05:00,100017.99987792969,93142.60009765625,0.0,0.0,0.0,False,margin,0.0,0.0,0.0,0,0,,,"[{'asset': {'symbol': 'SPY', 'type': 'stock'}, 'quantity': 10.0}]",0.0,0.0,0.0,0.0,0.0,0.0,0.0,100017.9998779297
2025-12-30 09:30:00-05:00,100017.99987792969,93142.60009765625,0.0,0.0,0.0,False,margin,0.0,0.0,0.0,0,0,,,"[{'asset': {'symbol': 'SPY', 'type': 'stock'}, 'quantity': 10.0}]",0.0,0.0,0.0,0.0,0.0,0.0,0.0,100017.9998779297
2025-12-30 16:00:00-05:00,100017.99987792969,93142.60009765625,0.0,0.0,0.0,False,margin,0.0,0.0,0.0,0,0,,,"[{'asset': {'symbol': 'SPY', 'type': 'stock'}, 'quantity': 10.0}]",0.0,0.0,0.0,0.0,0.0,0.0,0.0,100017.9998779297
2025-12-31 08:30:00-05:00,100017.10021972656,93142.60009765625,0.0,0.0,0.0,False,margin,0.0,0.0,0.0,0,0,,,"[{'asset': {'symbol': 'SPY', 'type': 'stock'}, 'quantity': 10.0}]",0.0,0.0,0.0,0.0,0.0,0.0,-8.994962948899378e-06,100017.10021972656
2025-12-31 09:30:00-05:00,100017.10021972656,93142.60009765625,0.0,0.0,0.0,False,margin,0.0,0.0,0.0,0,0,,,"[{'asset': {'symbol': 'SPY', 'type': 'stock'}, 'quantity': 10.0}]",0.0,0.0,0.0,0.0,0.0,0.0,0.0,100017.10021972656
2025-12-31 09:30:00-05:00,100017.10021972656,93142.60009765625,0.0,0.0,0.0,False,margin,0.0,0.0,0.0,0,0,,,"[{'asset': {'symbol': 'SPY', 'type': 'stock'}, 'quantity': 10.0}]",0.0,0.0,0.0,0.0,0.0,0.0,0.0,100017.10021972656
2025-12-31 16:00:00-05:00,100017.10021972656,93142.60009765625,0.0,0.0,0.0,False,margin,0.0,0.0,0.0,0,0,,,"[{'asset': {'symbol': 'SPY', 'type': 'stock'}, 'quantity': 10.0}]",0.0,0.0,0.0,0.0,0.0,0.0,0.0,100017.10021972656
2026-01-02 08:30:00-05:00,100014.00024414062,93142.60009765625,0.0,0.0,0.0,False,margin,0.0,0.0,0.0,0,0,,,"[{'asset': {'symbol': 'SPY', 'type': 'stock'}, 'quantity': 10.0}]",0.0,0.0,0.0,0.0,0.0,0.0,-3.099445573934052e-05,100014.00024414062
2026-01-02 09:30:00-05:00,100014.00024414062,93142.60009765625,0.0,0.0,0.0,False,margin,0.0,0.0,0.0,0,0,,,"[{'asset': {'symbol': 'SPY', 'type': 'stock'}, 'quantity': 10.0}]",0.0,0.0,0.0,0.0,0.0,0.0,0.0,100014.00024414062
2026-01-02 09:30:00-05:00,100014.00024414062,93142.60009765625,0.0,0.0,0.0,False,margin,0.0,0.0,0.0,0,0,,,"[{'asset': {'symbol': 'SPY', 'type': 'stock'}, 'quantity': 10.0}]",0.0,0.0,0.0,0.0,0.0,0.0,0.0,100014.00024414062
2026-01-02 16:00:00-05:00,100014.00024414062,93142.60009765625,0.0,0.0,0.0,False,margin,0.0,0.0,0.0,0,0,,,"[{'asset': {'symbol': 'SPY', 'type': 'stock'}, 'quantity': 10.0}]",0.0,0.0,0.0,0.0,0.0,0.0,0.0,100014.00024414062
2026-01-05 08:30:00-05:00,99999.70031738281,93142.60009765625,0.0,0.0,0.0,False,margin,0.0,0.0,0.0,0,0,,,"[{'asset': {'symbol': 'SPY', 'type': 'stock'}, 'quantity': 10.0}]",0.0,0.0,0.0,0.0,0.0,0.0,-0.0001429792501340358,99999.70031738281
2026-01-05 09:30:00-05:00,99999.70031738281,93142.60009765625,0.0,0.0,0.0,False,margin,0.0,0.0,0.0,0,0,,,"[{'asset': {'symbol': 'SPY', 'type': 'stock'}, 'quantity': 10.0}]",0.0,0.0,0.0,0.0,0.0,0.0,0.0,99999.70031738281
2026-01-05 09:30:00-05:00,99999.70031738281,93142.60009765625,0.0,0.0,0.0,False,margin,0.0,0.0,0.0,0,0,,,"[{'asset': {'symbol': 'SPY', 'type': 'stock'}, 'quantity': 10.0}]",0.0,0.0,0.0,0.0,0.0,0.0,0.0,99999.70031738281
2026-01-05 16:00:00-05:00,99999.70031738281,93142.60009765625,0.0,0.0,0.0,False,margin,0.0,0.0,0.0,0,0,,,"[{'asset': {'symbol': 'SPY', 'type': 'stock'}, 'quantity': 10.0}]",0.0,0.0,0.0,0.0,0.0,0.0,0.0,99999.70031738281
2026-01-06 08:30:00-05:00,100007.99987792969,93142.60009765625,0.0,0.0,0.0,False,margin,0.0,0.0,0.0,0,0,,,"[{'asset': {'symbol': 'SPY', 'type': 'stock'}, 'quantity': 10.0}]",0.0,0.0,0.0,0.0,0.0,0.0,8.2995854192898e-05,100007.99987792967
2026-01-06 09:30:00-05:00,100007.99987792969,93142.60009765625,0.0,0.0,0.0,False,margin,0.0,0.0,0.0,0,0,,,"[{'asset': {'symbol': 'SPY', 'type': 'stock'}, 'quantity': 10.0}]",0.0,0.0,0.0,0.0,0.0,0.0,0.0,100007.99987792967
2026-01-06 09:30:00-05:00,100007.99987792969,93142.60009765625,0.0,0.0,0.0,False,margin,0.0,0.0,0.0,0,0,,,"[{'asset': {'symbol': 'SPY', 'type': 'stock'}, 'quantity': 10.0}]",0.0,0.0,0.0,0.0,0.0,0.0,0.0,100007.99987792967
2026-01-06 16:00:00-05:00,100007.99987792969,93142.60009765625,0.0,0.0,0.0,False,margin,0.0,0.0,0.0,0,0,,,"[{'asset': {'symbol': 'SPY', 'type': 'stock'}, 'quantity': 10.0}]",0.0,0.0,0.0,0.0,0.0,0.0,0.0,100007.99987792967
2026-01-07 08:30:00-05:00,100021.90002441406,93142.60009765625,0.0,0.0,0.0,False,margin,0.0,0.0,0.0,0,0,,,"[{'asset': {'symbol': 'SPY', 'type': 'stock'}, 'quantity': 10.0}]",0.0,0.0,0.0,0.0,0.0,0.0,0.00013899034578575308,100021.90002441405
2026-01-07 09:30:00-05:00,100021.90002441406,93142.60009765625,0.0,0.0,0.0,False,margin,0.0,0.0,0.0,0,0,,,"[{'asset': {'symbol': 'SPY', 'type': 'stock'}, 'quantity': 10.0}]",0.0,0.0,0.0,0.0,0.0,0.0,0.0,100021.90002441405
2026-01-07 09:30:00-05:00,100021.90002441406,93142.60009765625,0.0,0.0,0.0,False,margin,0.0,0.0,0.0,0,0,,,"[{'asset': {'symbol': 'SPY', 'type': 'stock'}, 'quantity': 10.0}]",0.0,0.0,0.0,0.0,0.0,0.0,0.0,100021.90002441405
2026-01-07 16:00:00-05:00,100021.90002441406,93142.60009765625,0.0,0.0,0.0,False,margin,0.0,0.0,0.0,0,0,,,"[{'asset': {'symbol': 'SPY', 'type': 'stock'}, 'quantity': 10.0}]",0.0,0.0,0.0,0.0,0.0,0.0,0.0,100021.90002441405
2026-01-08 08:30:00-05:00,100064.50012207031,93142.60009765625,0.0,0.0,0.0,False,margin,0.0,0.0,0.0,0,0,,,"[{'asset': {'symbol': 'SPY', 'type': 'stock'}, 'quantity': 10.0}]",0.0,0.0,0.0,0.0,0.0,0.0,0.00042590770267163355,100064.50012207028
2026-01-08 09:30:00-05:00,100064.50012207031,93142.60009765625,0.0,0.0,0.0,False,margin,0.0,0.0,0.0,0,0,,,"[{'asset': {'symbol': 'SPY', 'type': 'stock'}, 'quantity': 10.0}]",0.0,0.0,0.0,0.0,0.0,0.0,0.0,100064.50012207028
2026-01-08 09:30:00-05:00,100064.50012207031,93142.60009765625,0.0,0.0,0.0,False,margin,0.0,0.0,0.0,0,0,,,"[{'asset': {'symbol': 'SPY', 'type': 'stock'}, 'quantity': 10.0}]",0.0,0.0,0.0,0.0,0.0,0.0,0.0,100064.50012207028
2026-01-08 16:00:00-05:00,100064.50012207031,93142.60009765625,0.0,0.0,0.0,False,margin,0.0,0.0,0.0,0,0,,,"[{'asset': {'symbol': 'SPY', 'type': 'stock'}, 'quantity': 10.0}]",0.0,0.0,0.0,0.0,0.0,0.0,0.0,100064.50012207028
2026-01-09 08:30:00-05:00,100030.80017089844,93142.60009765625,0.0,0.0,0.0,False,margin,0.0,0.0,0.0,0,0,,,"[{'asset': {'symbol': 'SPY', 'type': 'stock'}, 'quantity': 10.0}]",0.0,0.0,0.0,0.0,0.0,0.0,-0.0003367822867326962,100030.80017089841
2026-01-09 09:30:00-05:00,100030.80017089844,93142.60009765625,0.0,0.0,0.0,False,margin,0.0,0.0,0.0,0,0,,,"[{'asset': {'symbol': 'SPY', 'type': 'stock'}, 'quantity': 10.0}]",0.0,0.0,0.0,0.0,0.0,0.0,0.0,100030.80017089841
2026-01-09 09:30:00-05:00,100030.80017089844,93142.60009765625,0.0,0.0,0.0,False,margin,0.0,0.0,0.0,0,0,,,"[{'asset': {'symbol': 'SPY', 'type': 'stock'}, 'quantity': 10.0}]",0.0,0.0,0.0,0.0,0.0,0.0,0.0,100030.80017089841
2026-01-09 16:00:00-05:00,100030.80017089844,93142.60009765625,0.0,0.0,0.0,False,margin,0.0,0.0,0.0,0,0,,,"[{'asset': {'symbol': 'SPY', 'type': 'stock'}, 'quantity': 10.0}]",0.0,0.0,0.0,0.0,0.0,0.0,0.0,100030.80017089841
2026-01-12 08:30:00-05:00,100048.90014648438,93142.60009765625,0.0,0.0,0.0,False,margin,0.0,0.0,0.0,0,0,,,"[{'asset': {'symbol': 'SPY', 'type': 'stock'}, 'quantity': 10.0}]",0.0,0.0,0.0,0.0,0.0,0.0,0.00018094402479050902,100048.90014648433
2026-01-12 09:30:00-05:00,100048.90014648438,93142.60009765625,0.0,0.0,0.0,False,margin,0.0,0.0,0.0,0,0,,,"[{'asset': {'symbol': 'SPY', 'type': 'stock'}, 'quantity': 10.0}]",0.0,0.0,0.0,0.0,0.0,0.0,0.0,100048.90014648433
2026-01-12 09:30:00-05:00,100048.90014648438,93142.60009765625,0.0,0.0,0.0,False,margin,0.0,0.0,0.0,0,0,,,"[{'asset': {'symbol': 'SPY', 'type': 'stock'}, 'quantity': 10.0}]",0.0,0.0,0.0,0.0,0.0,0.0,0.0,100048.90014648433
2026-01-12 16:00:00-05:00,100048.90014648438,93142.60009765625,0.0,0.0,0.0,False,margin,0.0,0.0,0.0,0,0,,,"[{'asset': {'symbol': 'SPY', 'type': 'stock'}, 'quantity': 10.0}]",0.0,0.0,0.0,0.0,0.0,0.0,0.0,100048.90014648433
2026-01-13 08:30:00-05:00,100049.40002441406,93142.60009765625,0.0,0.0,0.0,False,margin,0.0,0.0,0.0,0,0,,,"[{'asset': {'symbol': 'SPY', 'type': 'stock'}, 'quantity': 10.0}]",0.0,0.0,0.0,0.0,0.0,0.0,4.996336081212436e-06,100049.40002441402
2026-01-13 09:30:00-05:00,100049.40002441406,93142.60009765625,0.0,0.0,0.0,False,margin,0.0,0.0,0.0,0,0,,,"[{'asset': {'symbol': 'SPY', 'type': 'stock'}, 'quantity': 10.0}]",0.0,0.0,0.0,0.0,0.0,0.0,0.0,100049.40002441402
2026-01-13 09:30:00-05:00,100049.40002441406,93142.60009765625,0.0,0.0,0.0,False,margin,0.0,0.0,0.0,0,0,,,"[{'asset': {'symbol': 'SPY', 'type': 'stock'}, 'quantity': 10.0}]",0.0,0.0,0.0,0.0,0.0,0.0,0.0,100049.40002441402
2026-01-13 16:00:00-05:00,100049.40002441406,93142.60009765625,0.0,0.0,0.0,False,margin,0.0,0.0,0.0,0,0,,,"[{'asset': {'symbol': 'SPY', 'type': 'stock'}, 'quantity': 10.0}]",0.0,0.0,0.0,0.0,0.0,0.0,0.0,100049.40002441402
2026-01-14 08:30:00-05:00,100097.5,93142.60009765625,0.0,0.0,0.0,False,margin,0.0,0.0,0.0,0,0,,,"[{'asset': {'symbol': 'SPY', 'type': 'stock'}, 'quantity': 10.0}]",0.0,0.0,0.0,0.0,0.0,0.0,0.0004807622591859635,100097.49999999997
2026-01-14 09:30:00-05:00,100097.5,93142.60009765625,0.0,0.0,0.0,False,margin,0.0,0.0,0.0,0,0,,,"[{'asset': {'symbol': 'SPY', 'type': 'stock'}, 'quantity': 10.0}]",0.0,0.0,0.0,0.0,0.0,0.0,0.0,100097.49999999997
2026-01-14 09:30:00-05:00,100097.5,93142.60009765625,0.0,0.0,0.0,False,margin,0.0,0.0,0.0,0,0,,,"[{'asset': {'symbol': 'SPY', 'type': 'stock'}, 'quantity': 10.0}]",0.0,0.0,0.0,0.0,0.0,0.0,0.0,100097.49999999997
2026-01-14 16:00:00-05:00,100097.5,93142.60009765625,0.0,0.0,0.0,False,margin,0.0,0.0,0.0,0,0,,,"[{'asset': {'symbol': 'SPY', 'type': 'stock'}, 'quantity': 10.0}]",0.0,0.0,0.0,0.0,0.0,0.0,0.0,100097.49999999997
2026-01-15 08:30:00-05:00,100052.60009765625,93142.60009765625,0.0,0.0,0.0,False,margin,0.0,0.0,0.0,0,0,,,"[{'asset': {'symbol': 'SPY', 'type': 'stock'}, 'quantity': 10.0}]",0.0,0.0,0.0,0.0,0.0,0.0,-0.0004485616758035915,100052.60009765622
2026-01-15 09:30:00-05:00,100052.60009765625,93142.60009765625,0.0,0.0,0.0,False,margin,0.0,0.0,0.0,0,0,,,"[{'asset': {'symbol': 'SPY', 'type': 'stock'}, 'quantity': 10.0}]",0.0,0.0,0.0,0.0,0.0,0.0,0.0,100052.60009765622
2026-01-15 09:30:00-05:00,100052.60009765625,93142.60009765625,0.0,0.0,0.0,False,margin,0.0,0.0,0.0,0,0,,,"[{'asset': {'symbol': 'SPY', 'type': 'stock'}, 'quantity': 10.0}]",0.0,0.0,0.0,0.0,0.0,0.0,0.0,100052.60009765622
2026-01-15 16:00:00-05:00,100052.60009765625,93142.60009765625,0.0,0.0,0.0,False,margin,0.0,0.0,0.0,0,0,,,"[{'asset': {'symbol': 'SPY', 'type': 'stock'}, 'quantity': 10.0}]",0.0,0.0,0.0,0.0,0.0,0.0,0.0,100052.60009765622
2026-01-16 08:30:00-05:00,100088.30017089844,93142.60009765625,0.0,0.0,0.0,False,margin,0.0,0.0,0.0,0,0,,,"[{'asset': {'symbol': 'SPY', 'type': 'stock'}, 'quantity': 10.0}]",0.0,0.0,0.0,0.0,0.0,0.0,0.00035681304840996114,100088.30017089841
2026-01-16 09:30:00-05:00,100088.30017089844,93142.60009765625,0.0,0.0,0.0,False,margin,0.0,0.0,0.0,0,0,,,"[{'asset': {'symbol': 'SPY', 'type': 'stock'}, 'quantity': 10.0}]",0.0,0.0,0.0,0.0,0.0,0.0,0.0,100088.30017089841
2026-01-16 09:30:00-05:00,100088.30017089844,93142.60009765625,0.0,0.0,0.0,False,margin,0.0,0.0,0.0,0,0,,,"[{'asset': {'symbol': 'SPY', 'type': 'stock'}, 'quantity': 10.0}]",0.0,0.0,0.0,0.0,0.0,0.0,0.0,100088.30017089841
2026-01-16 16:00:00-05:00,100088.30017089844,93142.60009765625,0.0,0.0,0.0,False,margin,0.0,0.0,0.0,0,0,,,"[{'asset': {'symbol': 'SPY', 'type': 'stock'}, 'quantity': 10.0}]",0.0,0.0,0.0,0.0,0.0,0.0,0.0,100088.30017089841
2026-01-20 08:30:00-05:00,100079.19982910156,93142.60009765625,0.0,0.0,0.0,False,margin,0.0,0.0,0.0,0,0,,,"[{'asset': {'symbol': 'SPY', 'type': 'stock'}, 'quantity': 10.0}]",0.0,0.0,0.0,0.0,0.0,0.0,-9.092313268720099e-05,100079.19982910152
2026-01-20 09:30:00-05:00,100079.19982910156,93142.60009765625,0.0,0.0,0.0,False,margin,0.0,0.0,0.0,0,0,,,"[{'asset': {'symbol': 'SPY', 'type': 'stock'}, 'quantity': 10.0}]",0.0,0.0,0.0,0.0,0.0,0.0,0.0,100079.19982910152
2026-01-20 09:30:00-05:00,100079.19982910156,93142.60009765625,0.0,0.0,0.0,False,margin,0.0,0.0,0.0,0,0,,,"[{'asset': {'symbol': 'SPY', 'type': 'stock'}, 'quantity': 10.0}]",0.0,0.0,0.0,0.0,0.0,0.0,0.0,100079.19982910152
2026-01-20 16:00:00-05:00,100079.19982910156,93142.60009765625,0.0,0.0,0.0,False,margin,0.0,0.0,0.0,0,0,,,"[{'asset': {'symbol': 'SPY', 'type': 'stock'}, 'quantity': 10.0}]",0.0,0.0,0.0,0.0,0.0,0.0,0.0,100079.19982910152
2026-01-21 08:30:00-05:00,99957.5,93142.60009765625,0.0,0.0,0.0,False,margin,0.0,0.0,0.0,0,0,,,"[{'asset': {'symbol': 'SPY', 'type': 'stock'}, 'quantity': 10.0}]",0.0,0.0,0.0,0.0,0.0,0.0,-0.0012160351932207793,99957.49999999996
2026-01-21 09:30:00-05:00,99957.5,93142.60009765625,0.0,0.0,0.0,False,margin,0.0,0.0,0.0,0,0,,,"[{'asset': {'symbol': 'SPY', 'type': 'stock'}, 'quantity': 10.0}]",0.0,0.0,0.0,0.0,0.0,0.0,0.0,99957.49999999996
2026-01-21 09:30:00-05:00,99957.5,93142.60009765625,0.0,0.0,0.0,False,margin,0.0,0.0,0.0,0,0,,,"[{'asset': {'symbol': 'SPY', 'type': 'stock'}, 'quantity': 10.0}]",0.0,0.0,0.0,0.0,0.0,0.0,0.0,99957.49999999996
2026-01-21 16:00:00-05:00,99957.5,93142.60009765625,0.0,0.0,0.0,False,margin,0.0,0.0,0.0,0,0,,,"[{'asset': {'symbol': 'SPY', 'type': 'stock'}, 'quantity': 10.0}]",0.0,0.0,0.0,0.0,0.0,0.0,0.0,99957.49999999996
2026-01-22 08:30:00-05:00,99939.10034179688,93142.60009765625,0.0,0.0,0.0,False,margin,0.0,0.0,0.0,0,0,,,"[{'asset': {'symbol': 'SPY', 'type': 'stock'}, 'quantity': 10.0}]",0.0,0.0,0.0,0.0,0.0,0.0,-0.00018407481382712654,99939.10034179683
2026-01-22 09:30:00-05:00,99939.10034179688,93142.60009765625,0.0,0.0,0.0,False,margin,0.0,0.0,0.0,0,0,,,"[{'asset': {'symbol': 'SPY', 'type': 'stock'}, 'quantity': 10.0}]",0.0,0.0,0.0,0.0,0.0,0.0,0.0,99939.10034179683
2026-01-22 09:30:00-05:00,99939.10034179688,93142.60009765625,0.0,0.0,0.0,False,margin,0.0,0.0,0.0,0,0,,,"[{'asset': {'symbol': 'SPY', 'type': 'stock'}, 'quantity': 10.0}]",0.0,0.0,0.0,0.0,0.0,0.0,0.0,99939.10034179683
2026-01-22 16:00:00-05:00,99939.10034179688,93142.60009765625,0.0,0.0,0.0,False,margin,0.0,0.0,0.0,0,0,,,"[{'asset': {'symbol': 'SPY', 'type': 'stock'}, 'quantity': 10.0}]",0.0,0.0,0.0,0.0,0.0,0.0,0.0,99939.10034179683
2026-01-23 08:30:00-05:00,100041.09985351562,93142.60009765625,0.0,0.0,0.0,False,margin,0.0,0.0,0.0,0,0,,,"[{'asset': {'symbol': 'SPY', 'type': 'stock'}, 'quantity': 10.0}]",0.0,0.0,0.0,0.0,0.0,0.0,0.0010206166692506378,100041.0998535156
2026-01-23 09:30:00-05:00,100041.09985351562,93142.60009765625,0.0,0.0,0.0,False,margin,0.0,0.0,0.0,0,0,,,"[{'asset': {'symbol': 'SPY', 'type': 'stock'}, 'quantity': 10.0}]",0.0,0.0,0.0,0.0,0.0,0.0,0.0,100041.0998535156
2026-01-23 09:30:00-05:00,100041.09985351562,93142.60009765625,0.0,0.0,0.0,False,margin,0.0,0.0,0.0,0,0,,,"[{'asset': {'symbol': 'SPY', 'type': 'stock'}, 'quantity': 10.0}]",0.0,0.0,0.0,0.0,0.0,0.0,0.0,100041.0998535156
2026-01-23 16:00:00-05:00,100041.09985351562,93142.60009765625,0.0,0.0,0.0,False,margin,0.0,0.0,0.0,0,0,,,"[{'asset': {'symbol': 'SPY', 'type': 'stock'}, 'quantity': 10.0}]",0.0,0.0,0.0,0.0,0.0,0.0,0.0,100041.0998535156
2026-01-26 08:30:00-05:00,100024.10034179688,93142.60009765625,0.0,0.0,0.0,False,margin,0.0,0.0,0.0,0,0,,,"[{'asset': {'symbol': 'SPY', 'type': 'stock'}, 'quantity': 10.0}]",0.0,0.0,0.0,0.0,0.0,0.0,-0.00016992527814709552,100024.10034179685
2026-01-26 09:30:00-05:00,100024.10034179688,93142.60009765625,0.0,0.0,0.0,False,margin,0.0,0.0,0.0,0,0,,,"[{'asset': {'symbol': 'SPY', 'type': 'stock'}, 'quantity': 10.0}]",0.0,0.0,0.0,0.0,0.0,0.0,0.0,100024.10034179685
2026-01-26 09:30:00-05:00,100024.10034179688,93142.60009765625,0.0,0.0,0.0,False,margin,0.0,0.0,0.0,0,0,,,"[{'asset': {'symbol': 'SPY', 'type': 'stock'}, 'quantity': 10.0}]",0.0,0.0,0.0,0.0,0.0,0.0,0.0,100024.10034179685
2026-01-26 16:00:00-05:00,100024.10034179688,93142.60009765625,0.0,0.0,0.0,False,margin,0.0,0.0,0.0,0,0,,,"[{'asset': {'symbol': 'SPY', 'type': 'stock'}, 'quantity': 10.0}]",0.0,0.0,0.0,0.0,0.0,0.0,0.0,100024.10034179685
2026-01-27 08:30:00-05:00,100047.5,93142.60009765625,0.0,0.0,0.0,False,margin,0.0,0.0,0.0,0,0,,,"[{'asset': {'symbol': 'SPY', 'type': 'stock'}, 'quantity': 10.0}]",0.0,0.0,0.0,0.0,0.0,0.0,0.00023394020164305374,100047.49999999997
2026-01-27 09:30:00-05:00,100047.5,93142.60009765625,0.0,0.0,0.0,False,margin,0.0,0.0,0.0,0,0,,,"[{'asset': {'symbol': 'SPY', 'type': 'stock'}, 'quantity': 10.0}]",0.0,0.0,0.0,0.0,0.0,0.0,0.0,100047.49999999997
2026-01-27 09:30:00-05:00,100047.5,93142.60009765625,0.0,0.0,0.0,False,margin,0.0,0.0,0.0,0,0,,,"[{'asset': {'symbol': 'SPY', 'type': 'stock'}, 'quantity': 10.0}]",0.0,0.0,0.0,0.0,0.0,0.0,0.0,100047.49999999997
2026-01-27 16:00:00-05:00,100047.5,93142.60009765625,0.0,0.0,0.0,False,margin,0.0,0.0,0.0,0,0,,,"[{'asset': {'symbol': 'SPY', 'type': 'stock'}, 'quantity': 10.0}]",0.0,0.0,0.0,0.0,0.0,0.0,0.0,100047.49999999997
2026-01-28 08:30:00-05:00,100084.40002441406,93142.60009765625,0.0,0.0,0.0,False,margin,0.0,0.0,0.0,0,0,,,"[{'asset': {'symbol': 'SPY', 'type': 'stock'}, 'quantity': 10.0}]",0.0,0.0,0.0,0.0,0.0,0.0,0.0003688250522408106,100084.40002441406
2026-01-28 09:30:00-05:00,100084.40002441406,93142.60009765625,0.0,0.0,0.0,False,margin,0.0,0.0,0.0,0,0,,,"[{'asset': {'symbol': 'SPY', 'type': 'stock'}, 'quantity': 10.0}]",0.0,0.0,0.0,0.0,0.0,0.0,0.0,100084.40002441406
2026-01-28 09:30:00-05:00,100084.40002441406,93142.60009765625,0.0,0.0,0.0,False,margin,0.0,0.0,0.0,0,0,,,"[{'asset': {'symbol': 'SPY', 'type': 'stock'}, 'quantity': 10.0}]",0.0,0.0,0.0,0.0,0.0,0.0,0.0,100084.40002441406
2026-01-28 16:00:00-05:00,100084.40002441406,93142.60009765625,0.0,0.0,0.0,False,margin,0.0,0.0,0.0,0,0,,,"[{'asset': {'symbol': 'SPY', 'type': 'stock'}, 'quantity': 10.0}]",0.0,0.0,0.0,0.0,0.0,0.0,0.0,100084.40002441406
2026-01-29 08:30:00-05:00,100113.09997558594,93142.60009765625,0.0,0.0,0.0,False,margin,0.0,0.0,0.0,0,0,,,"[{'asset': {'symbol': 'SPY', 'type': 'stock'}, 'quantity': 10.0}]",0.0,0.0,0.0,0.0,0.0,0.0,0.0002867574883285915,100113.09997558592
2026-01-29 09:30:00-05:00,100113.09997558594,93142.60009765625,0.0,0.0,0.0,False,margin,0.0,0.0,0.0,0,0,,,"[{'asset': {'symbol': 'SPY', 'type': 'stock'}, 'quantity': 10.0}]",0.0,0.0,0.0,0.0,0.0,0.0,0.0,100113.09997558592
2026-01-29 09:30:00-05:00,100113.09997558594,93142.60009765625,0.0,0.0,0.0,False,margin,0.0,0.0,0.0,0,0,,,"[{'asset': {'symbol': 'SPY', 'type': 'stock'}, 'quantity': 10.0}]",0.0,0.0,0.0,0.0,0.0,0.0,0.0,100113.09997558592
2026-01-29 16:00:00-05:00,100113.09997558594,93142.60009765625,0.0,0.0,0.0,False,margin,0.0,0.0,0.0,0,0,,,"[{'asset': {'symbol': 'SPY', 'type': 'stock'}, 'quantity': 10.0}]",0.0,0.0,0.0,0.0,0.0,0.0,0.0,100113.09997558592
2026-01-30 08:30:00-05:00,100106.50024414062,93142.60009765625,0.0,0.0,0.0,False,margin,0.0,0.0,0.0,0,0,,,"[{'asset': {'symbol': 'SPY', 'type': 'stock'}, 'quantity': 10.0}]",0.0,0.0,0.0,0.0,0.0,0.0,-6.5922755832373e-05,100106.50024414061
2026-01-30 09:30:00-05:00,100106.50024414062,93142.60009765625,0.0,0.0,0.0,False,margin,0.0,0.0,0.0,0,0,,,"[{'asset': {'symbol': 'SPY', 'type': 'stock'}, 'quantity': 10.0}]",0.0,0.0,0.0,0.0,0.0,0.0,0.0,100106.50024414061
2026-01-30 09:30:00-05:00,100106.50024414062,93142.60009765625,0.0,0.0,0.0,False,margin,0.0,0.0,0.0,0,0,,,"[{'asset': {'symbol': 'SPY', 'type': 'stock'}, 'quantity': 10.0}]",0.0,0.0,0.0,0.0,0.0,0.0,0.0,100106.50024414061
2026-01-30 16:00:00-05:00,100106.50024414062,93142.60009765625,0.0,0.0,0.0,False,margin,0.0,0.0,0.0,0,0,,,"[{'asset': {'symbol': 'SPY', 'type': 'stock'}, 'quantity': 10.0}]",0.0,0.0,0.0,0.0,0.0,0.0,0.0,100106.50024414061
2026-02-02 08:30:00-05:00,100060.49987792969,93142.60009765625,0.0,0.0,0.0,False,margin,0.0,0.0,0.0,0,0,,,"[{'asset': {'symbol': 'SPY', 'type': 'stock'}, 'quantity': 10.0}]",0.0,0.0,0.0,0.0,0.0,0.0,-0.00045951427828114455,100060.49987792966
2026-02-02 09:30:00-05:00,100060.49987792969,93142.60009765625,0.0,0.0,0.0,False,margin,0.0,0.0,0.0,0,0,,,"[{'asset': {'symbol': 'SPY', 'type': 'stock'}, 'quantity': 10.0}]",0.0,0.0,0.0,0.0,0.0,0.0,0.0,100060.49987792966
2026-02-02 09:30:00-05:00,100060.49987792969,93142.60009765625,0.0,0.0,0.0,False,margin,0.0,0.0,0.0,0,0,,,"[{'asset': {'symbol': 'SPY', 'type': 'stock'}, 'quantity': 10.0}]",0.0,0.0,0.0,0.0,0.0,0.0,0.0,100060.49987792966
2026-02-02 16:00:00-05:00,100060.49987792969,93142.60009765625,0.0,0.0,0.0,False,margin,0.0,0.0,0.0,0,0,,,"[{'asset': {'symbol': 'SPY', 'type': 'stock'}, 'quantity': 10.0}]",0.0,0.0,0.0,0.0,0.0,0.0,0.0,100060.49987792966
2026-02-03 08:30:00-05:00,100038.40026855469,93142.60009765625,0.0,0.0,0.0,False,margin,0.0,0.0,0.0,0,0,,,"[{'asset': {'symbol': 'SPY', 'type': 'stock'}, 'quantity': 10.0}]",0.0,0.0,0.0,0.0,0.0,0.0,-0.00022086247222391205,100038.40026855466
2026-02-03 09:30:00-05:00,100038.40026855469,93142.60009765625,0.0,0.0,0.0,False,margin,0.0,0.0,0.0,0,0,,,"[{'asset': {'symbol': 'SPY', 'type': 'stock'}, 'quantity': 10.0}]",0.0,0.0,0.0,0.0,0.0,0.0,0.0,100038.40026855466
2026-02-03 09:30:00-05:00,100038.40026855469,93142.60009765625,0.0,0.0,0.0,False,margin,0.0,0.0,0.0,0,0,,,"[{'asset': {'symbol': 'SPY', 'type': 'stock'}, 'quantity': 10.0}]",0.0,0.0,0.0,0.0,0.0,0.0,0.0,100038.40026855466
2026-02-03 16:00:00-05:00,100038.40026855469,93142.60009765625,0.0,0.0,0.0,False,margin,0.0,0.0,0.0,0,0,,,"[{'asset': {'symbol': 'SPY', 'type': 'stock'}, 'quantity': 10.0}]",0.0,0.0,0.0,0.0,0.0,0.0,0.0,100038.40026855466
2026-02-04 08:30:00-05:00,100104.70031738281,93142.60009765625,0.0,0.0,0.0,False,margin,0.0,0.0,0.0,0,0,,,"[{'asset': {'symbol': 'SPY', 'type': 'stock'}, 'quantity': 10.0}]",0.0,0.0,0.0,0.0,0.0,0.0,0.000662745992040471,100104.70031738278
2026-02-04 09:30:00-05:00,100104.70031738281,93142.60009765625,0.0,0.0,0.0,False,margin,0.0,0.0,0.0,0,0,,,"[{'asset': {'symbol': 'SPY', 'type': 'stock'}, 'quantity': 10.0}]",0.0,0.0,0.0,0.0,0.0,0.0,0.0,100104.70031738278
2026-02-04 09:30:00-05:00,100104.70031738281,93142.60009765625,0.0,0.0,0.0,False,margin,0.0,0.0,0.0,0,0,,,"[{'asset': {'symbol': 'SPY', 'type': 'stock'}, 'quantity': 10.0}]",0.0,0.0,0.0,0.0,0.0,0.0,0.0,100104.70031738278
2026-02-04 16:00:00-05:00,100104.70031738281,93142.60009765625,0.0,0.0,0.0,False,margin,0.0,0.0,0.0,0,0,,,"[{'asset': {'symbol': 'SPY', 'type': 'stock'}, 'quantity': 10.0}]",0.0,0.0,0.0,0.0,0.0,0.0,0.0,100104.70031738278
2026-02-05 08:30:00-05:00,100046.09985351562,93142.60009765625,0.0,0.0,0.0,False,margin,0.0,0.0,0.0,0,0,,,"[{'asset': {'symbol': 'SPY', 'type': 'stock'}, 'quantity': 10.0}]",0.0,0.0,0.0,0.0,0.0,0.0,-0.0005853917316708828,100046.0998535156
2026-02-05 09:30:00-05:00,100046.09985351562,93142.60009765625,0.0,0.0,0.0,False,margin,0.0,0.0,0.0,0,0,,,"[{'asset': {'symbol': 'SPY', 'type': 'stock'}, 'quantity': 10.0}]",0.0,0.0,0.0,0.0,0.0,0.0,0.0,100046.0998535156
2026-02-05 09:30:00-05:00,100046.09985351562,93142.60009765625,0.0,0.0,0.0,False,margin,0.0,0.0,0.0,0,0,,,"[{'asset': {'symbol': 'SPY', 'type': 'stock'}, 'quantity': 10.0}]",0.0,0.0,0.0,0.0,0.0,0.0,0.0,100046.0998535156
2026-02-05 16:00:00-05:00,100046.09985351562,93142.60009765625,0.0,0.0,0.0,False,margin,0.0,0.0,0.0,0,0,,,"[{'asset': {'symbol': 'SPY', 'type': 'stock'}, 'quantity': 10.0}]",0.0,0.0,0.0,0.0,0.0,0.0,0.0,100046.0998535156
2026-02-06 08:30:00-05:00,99952.00012207031,93142.60009765625,0.0,0.0,0.0,False,margin,0.0,0.0,0.0,0,0,,,"[{'asset': {'symbol': 'SPY', 'type': 'stock'}, 'quantity': 10.0}]",0.0,0.0,0.0,0.0,0.0,0.0,-0.0009405637159578473,99952.00012207028
2026-02-06 09:30:00-05:00,99952.00012207031,93142.60009765625,0.0,0.0,0.0,False,margin,0.0,0.0,0.0,0,0,,,"[{'asset': {'symbol': 'SPY', 'type': 'stock'}, 'quantity': 10.0}]",0.0,0.0,0.0,0.0,0.0,0.0,0.0,99952.00012207028
2026-02-06 09:30:00-05:00,99952.00012207031,93142.60009765625,0.0,0.0,0.0,False,margin,0.0,0.0,0.0,0,0,,,"[{'asset': {'symbol': 'SPY', 'type': 'stock'}, 'quantity': 10.0}]",0.0,0.0,0.0,0.0,0.0,0.0,0.0,99952.00012207028
2026-02-06 16:00:00-05:00,99952.00012207031,93142.60009765625,0.0,0.0,0.0,False,margin,0.0,0.0,0.0,0,0,,,"[{'asset': {'symbol': 'SPY', 'type': 'stock'}, 'quantity': 10.0}]",0.0,0.0,0.0,0.0,0.0,0.0,0.0,99952.00012207028
2026-02-09 08:30:00-05:00,99957.20031738281,93142.60009765625,0.0,0.0,0.0,False,margin,0.0,0.0,0.0,0,0,,,"[{'asset': {'symbol': 'SPY', 'type': 'stock'}, 'quantity': 10.0}]",0.0,0.0,0.0,0.0,0.0,0.0,5.202692598596383e-05,99957.20031738278
2026-02-09 09:30:00-05:00,99957.20031738281,93142.60009765625,0.0,0.0,0.0,False,margin,0.0,0.0,0.0,0,0,,,"[{'asset': {'symbol': 'SPY', 'type': 'stock'}, 'quantity': 10.0}]",0.0,0.0,0.0,0.0,0.0,0.0,0.0,99957.20031738278
2026-02-09 09:30:00-05:00,99957.20031738281,93142.60009765625,0.0,0.0,0.0,False,margin,0.0,0.0,0.0,0,0,,,"[{'asset': {'symbol': 'SPY', 'type': 'stock'}, 'quantity': 10.0}]",0.0,0.0,0.0,0.0,0.0,0.0,0.0,99957.20031738278
2026-02-09 16:00:00-05:00,99957.20031738281,93142.60009765625,0.0,0.0,0.0,False,margin,0.0,0.0,0.0,0,0,,,"[{'asset': {'symbol': 'SPY', 'type': 'stock'}, 'quantity': 10.0}]",0.0,0.0,0.0,0.0,0.0,0.0,0.0,99957.20031738278
2026-02-10 08:30:00-05:00,100036.79992675781,93142.60009765625,0.0,0.0,0.0,False,margin,0.0,0.0,0.0,0,0,,,"[{'asset': {'symbol': 'SPY', 'type': 'stock'}, 'quantity': 10.0}]",0.0,0.0,0.0,0.0,0.0,0.0,0.0007963369234257897,100036.7999267578
2026-02-10 09:30:00-05:00,100036.79992675781,93142.60009765625,0.0,0.0,0.0,False,margin,0.0,0.0,0.0,0,0,,,"[{'asset': {'symbol': 'SPY', 'type': 'stock'}, 'quantity': 10.0}]",0.0,0.0,0.0,0.0,0.0,0.0,0.0,100036.7999267578
2026-02-10 09:30:00-05:00,100036.79992675781,93142.60009765625,0.0,0.0,0.0,False,margin,0.0,0.0,0.0,0,0,,,"[{'asset': {'symbol': 'SPY', 'type': 'stock'}, 'quantity': 10.0}]",0.0,0.0,0.0,0.0,0.0,0.0,0.0,100036.7999267578
2026-02-10 16:00:00-05:00,100036.79992675781,93142.60009765625,0.0,0.0,0.0,False,margin,0.0,0.0,0.0,0,0,,,"[{'asset': {'symbol': 'SPY', 'type': 'stock'}, 'quantity': 10.0}]",0.0,0.0,0.0,0.0,0.0,0.0,0.0,100036.7999267578
2026-02-11 08:30:00-05:00,100092.10021972656,93142.60009765625,0.0,0.0,0.0,False,margin,0.0,0.0,0.0,0,0,,,"[{'asset': {'symbol': 'SPY', 'type': 'stock'}, 'quantity': 10.0}]",0.0,0.0,0.0,0.0,0.0,0.0,0.0005527994998764279,100092.10021972655
2026-02-11 09:30:00-05:00,100092.10021972656,93142.60009765625,0.0,0.0,0.0,False,margin,0.0,0.0,0.0,0,0,,,"[{'asset': {'symbol': 'SPY', 'type': 'stock'}, 'quantity': 10.0}]",0.0,0.0,0.0,0.0,0.0,0.0,0.0,100092.10021972655
2026-02-11 09:30:00-05:00,100092.10021972656,93142.60009765625,0.0,0.0,0.0,False,margin,0.0,0.0,0.0,0,0,,,"[{'asset': {'symbol': 'SPY', 'type': 'stock'}, 'quantity': 10.0}]",0.0,0.0,0.0,0.0,0.0,0.0,0.0,100092.10021972655
2026-02-11 16:00:00-05:00,100092.10021972656,93142.60009765625,0.0,0.0,0.0,False,margin,0.0,0.0,0.0,0,0,,,"[{'asset': {'symbol': 'SPY', 'type': 'stock'}, 'quantity': 10.0}]",0.0,0.0,0.0,0.0,0.0,0.0,0.0,100092.10021972655
2026-02-12 08:30:00-05:00,100106.50024414062,93142.60009765625,0.0,0.0,0.0,False,margin,0.0,0.0,0.0,0,0,,,"[{'asset': {'symbol': 'SPY', 'type': 'stock'}, 'quantity': 10.0}]",0.0,0.0,0.0,0.0,0.0,0.0,0.00014386774163446402,100106.50024414061
2026-02-12 09:30:00-05:00,100106.50024414062,93142.60009765625,0.0,0.0,0.0,False,margin,0.0,0.0,0.0,0,0,,,"[{'asset': {'symbol': 'SPY', 'type': 'stock'}, 'quantity': 10.0}]",0.0,0.0,0.0,0.0,0.0,0.0,0.0,100106.50024414061
2026-02-12 09:30:00-05:00,100106.50024414062,93142.60009765625,0.0,0.0,0.0,False,margin,0.0,0.0,0.0,0,0,,,"[{'asset': {'symbol': 'SPY', 'type': 'stock'}, 'quantity': 10.0}]",0.0,0.0,0.0,0.0,0.0,0.0,0.0,100106.50024414061
2026-02-12 16:00:00-05:00,100106.50024414062,93142.60009765625,0.0,0.0,0.0,False,margin,0.0,0.0,0.0,0,0,,,"[{'asset': {'symbol': 'SPY', 'type': 'stock'}, 'quantity': 10.0}]",0.0,0.0,0.0,0.0,0.0,0.0,0.0,100106.50024414061
2026-02-13 08:30:00-05:00,100085.0,93142.60009765625,0.0,0.0,0.0,False,margin,0.0,0.0,0.0,0,0,,,"[{'asset': {'symbol': 'SPY', 'type': 'stock'}, 'quantity': 10.0}]",0.0,0.0,0.0,0.0,0.0,0.0,-0.00021477370688406859,100084.99999999999
2026-02-13 09:30:00-05:00,100085.0,93142.60009765625,0.0,0.0,0.0,False,margin,0.0,0.0,0.0,0,0,,,"[{'asset': {'symbol': 'SPY', 'type': 'stock'}, 'quantity': 10.0}]",0.0,0.0,0.0,0.0,0.0,0.0,0.0,100084.99999999999
2026-02-13 09:30:00-05:00,100085.0,93142.60009765625,0.0,0.0,0.0,False,margin,0.0,0.0,0.0,0,0,,,"[{'asset': {'symbol': 'SPY', 'type': 'stock'}, 'quantity': 10.0}]",0.0,0.0,0.0,0.0,0.0,0.0,0.0,100084.99999999999
2026-02-13 16:00:00-05:00,100085.0,93142.60009765625,0.0,0.0,0.0,False,margin,0.0,0.0,0.0,0,0,,,"[{'asset': {'symbol': 'SPY', 'type': 'stock'}, 'quantity': 10.0}]",0.0,0.0,0.0,0.0,0.0,0.0,0.0,100084.99999999999
2026-02-17 08:30:00-05:00,99959.50012207031,93142.60009765625,0.0,0.0,0.0,False,margin,0.0,0.0,0.0,0,0,,,"[{'asset': {'symbol': 'SPY', 'type': 'stock'}, 'quantity': 10.0}]",0.0,0.0,0.0,0.0,0.0,0.0,-0.001253932936301019,99959.50012207028
2026-02-17 09:30:00-05:00,99959.50012207031,93142.60009765625,0.0,0.0,0.0,False,margin,0.0,0.0,0.0,0,0,,,"[{'asset': {'symbol': 'SPY', 'type': 'stock'}, 'quantity': 10.0}]",0.0,0.0,0.0,0.0,0.0,0.0,0.0,99959.50012207028
2026-02-17 09:30:00-05:00,99959.50012207031,93142.60009765625,0.0,0.0,0.0,False,margin,0.0,0.0,0.0,0,0,,,"[{'asset': {'symbol': 'SPY', 'type': 'stock'}, 'quantity': 10.0}]",0.0,0.0,0.0,0.0,0.0,0.0,0.0,99959.50012207028
2026-02-17 16:00:00-05:00,99959.50012207031,93142.60009765625,0.0,0.0,0.0,False,margin,0.0,0.0,0.0,0,0,,,"[{'asset': {'symbol': 'SPY', 'type': 'stock'}, 'quantity': 10.0}]",0.0,0.0,0.0,0.0,0.0,0.0,0.0,99959.50012207028
2026-02-18 08:30:00-05:00,99944.00024414062,93142.60009765625,0.0,0.0,0.0,False,margin,0.0,0.0,0.0,0,0,,,"[{'asset': {'symbol': 'SPY', 'type': 'stock'}, 'quantity': 10.0}]",0.0,0.0,0.0,0.0,0.0,0.0,-0.00015506157904710493,99944.0002441406
2026-02-18 09:30:00-05:00,99944.00024414062,93142.60009765625,0.0,0.0,0.0,False,margin,0.0,0.0,0.0,0,0,,,"[{'asset': {'symbol': 'SPY', 'type': 'stock'}, 'quantity': 10.0}]",0.0,0.0,0.0,0.0,0.0,0.0,0.0,99944.0002441406
2026-02-18 09:30:00-05:00,99944.00024414062,93142.60009765625,0.0,0.0,0.0,False,margin,0.0,0.0,0.0,0,0,,,"[{'asset': {'symbol': 'SPY', 'type': 'stock'}, 'quantity': 10.0}]",0.0,0.0,0.0,0.0,0.0,0.0,0.0,99944.0002441406
2026-02-18 16:00:00-05:00,99944.00024414062,93142.60009765625,0.0,0.0,0.0,False,margin,0.0,0.0,0.0,0,0,,,"[{'asset': {'symbol': 'SPY', 'type': 'stock'}, 'quantity': 10.0}]",0.0,0.0,0.0,0.0,0.0,0.0,0.0,99944.0002441406
2026-02-19 08:30:00-05:00,99982.80029296875,93142.60009765625,0.0,0.0,0.0,False,margin,0.0,0.0,0.0,0,0,,,"[{'asset': {'symbol': 'SPY', 'type': 'stock'}, 'quantity': 10.0}]",0.0,0.0,0.0,0.0,0.0,0.0,0.00038821788935148926,99982.80029296872
2026-02-19 09:30:00-05:00,99982.80029296875,93142.60009765625,0.0,0.0,0.0,False,margin,0.0,0.0,0.0,0,0,,,"[{'asset': {'symbol': 'SPY', 'type': 'stock'}, 'quantity': 10.0}]",0.0,0.0,0.0,0.0,0.0,0.0,0.0,99982.80029296872
2026-02-19 09:30:00-05:00,99982.80029296875,93142.60009765625,0.0,0.0,0.0,False,margin,0.0,0.0,0.0,0,0,,,"[{'asset': {'symbol': 'SPY', 'type': 'stock'}, 'quantity': 10.0}]",0.0,0.0,0.0,0.0,0.0,0.0,0.0,99982.80029296872
2026-02-19 16:00:00-05:00,99982.80029296875,93142.60009765625,0.0,0.0,0.0,False,margin,0.0,0.0,0.0,0,0,,,"[{'asset': {'symbol': 'SPY', 'type': 'stock'}, 'quantity': 10.0}]",0.0,0.0,0.0,0.0,0.0,0.0,0.0,99982.80029296872
2026-02-20 08:30:00-05:00,99981.00036621094,93142.60009765625,0.0,0.0,0.0,False,margin,0.0,0.0,0.0,0,0,,,"[{'asset': {'symbol': 'SPY', 'type': 'stock'}, 'quantity': 10.0}]",0.0,0.0,0.0,0.0,0.0,0.0,-1.800236393198e-05,99981.00036621091
2026-02-20 09:30:00-05:00,99981.00036621094,93142.60009765625,0.0,0.0,0.0,False,margin,0.0,0.0,0.0,0,0,,,"[{'asset': {'symbol': 'SPY', 'type': 'stock'}, 'quantity': 10.0}]",0.0,0.0,0.0,0.0,0.0,0.0,0.0,99981.00036621091
2026-02-20 09:30:00-05:00,99981.00036621094,93142.60009765625,0.0,0.0,0.0,False,margin,0.0,0.0,0.0,0,0,,,"[{'asset': {'symbol': 'SPY', 'type': 'stock'}, 'quantity': 10.0}]",0.0,0.0,0.0,0.0,0.0,0.0,0.0,99981.00036621091
2026-02-20 16:00:00-05:00,99981.00036621094,93142.60009765625,0.0,0.0,0.0,False,margin,0.0,0.0,0.0,0,0,,,"[{'asset': {'symbol': 'SPY', 'type': 'stock'}, 'quantity': 10.0}]",0.0,0.0,0.0,0.0,0.0,0.0,0.0,99981.00036621091
2026-02-23 08:30:00-05:00,99965.80017089844,93142.60009765625,0.0,0.0,0.0,False,margin,0.0,0.0,0.0,0,0,,,"[{'asset': {'symbol': 'SPY', 'type': 'stock'}, 'quantity': 10.0}]",0.0,0.0,0.0,0.0,0.0,0.0,-0.00015203083842754768,99965.80017089841
2026-02-23 09:30:00-05:00,99965.80017089844,93142.60009765625,0.0,0.0,0.0,False,margin,0.0,0.0,0.0,0,0,,,"[{'asset': {'symbol': 'SPY', 'type': 'stock'}, 'quantity': 10.0}]",0.0,0.0,0.0,0.0,0.0,0.0,0.0,99965.80017089841
2026-02-23 09:30:00-05:00,99965.80017089844,93142.60009765625,0.0,0.0,0.0,False,margin,0.0,0.0,0.0,0,0,,,"[{'asset': {'symbol': 'SPY', 'type': 'stock'}, 'quantity': 10.0}]",0.0,0.0,0.0,0.0,0.0,0.0,0.0,99965.80017089841
2026-02-23 16:00:00-05:00,99965.80017089844,93142.60009765625,0.0,0.0,0.0,False,margin,0.0,0.0,0.0,0,0,,,"[{'asset': {'symbol': 'SPY', 'type': 'stock'}, 'quantity': 10.0}]",0.0,0.0,0.0,0.0,0.0,0.0,0.0,99965.80017089841
2026-02-24 08:30:00-05:00,100020.90026855469,93142.60009765625,0.0,0.0,0.0,False,margin,0.0,0.0,0.0,0,0,,,"[{'asset': {'symbol': 'SPY', 'type': 'stock'}, 'quantity': 10.0}]",0.0,0.0,0.0,0.0,0.0,0.0,0.0005511894824235147,100020.90026855466
2026-02-24 09:30:00-05:00,100020.90026855469,93142.60009765625,0.0,0.0,0.0,False,margin,0.0,0.0,0.0,0,0,,,"[{'asset': {'symbol': 'SPY', 'type': 'stock'}, 'quantity': 10.0}]",0.0,0.0,0.0,0.0,0.0,0.0,0.0,100020.90026855466
2026-02-24 09:30:00-05:00,100020.90026855469,93142.60009765625,0.0,0.0,0.0,False,margin,0.0,0.0,0.0,0,0,,,"[{'asset': {'symbol': 'SPY', 'type': 'stock'}, 'quantity': 10.0}]",0.0,0.0,0.0,0.0,0.0,0.0,0.0,100020.90026855466
2026-02-24 16:00:00-05:00,100020.90026855469,93142.60009765625,0.0,0.0,0.0,False,margin,0.0,0.0,0.0,0,0,,,"[{'asset': {'symbol': 'SPY', 'type': 'stock'}, 'quantity': 10.0}]",0.0,0.0,0.0,0.0,0.0,0.0,0.0,100020.90026855466
2026-02-25 08:30:00-05:00,99961.60034179688,93142.60009765625,0.0,0.0,0.0,False,margin,0.0,0.0,0.0,0,0,,,"[{'asset': {'symbol': 'SPY', 'type': 'stock'}, 'quantity': 10.0}]",0.0,0.0,0.0,0.0,0.0,0.0,-0.0005928753550367278,99961.60034179685
2026-02-25 09:30:00-05:00,99961.60034179688,93142.60009765625,0.0,0.0,0.0,False,margin,0.0,0.0,0.0,0,0,,,"[{'asset': {'symbol': 'SPY', 'type': 'stock'}, 'quantity': 10.0}]",0.0,0.0,0.0,0.0,0.0,0.0,0.0,99961.60034179685
2026-02-25 09:30:00-05:00,99961.60034179688,93142.60009765625,0.0,0.0,0.0,False,margin,0.0,0.0,0.0,0,0,,,"[{'asset': {'symbol': 'SPY', 'type': 'stock'}, 'quantity': 10.0}]",0.0,0.0,0.0,0.0,0.0,0.0,0.0,99961.60034179685
2026-02-25 16:00:00-05:00,99961.60034179688,93142.60009765625,0.0,0.0,0.0,False,margin,0.0,0.0,0.0,0,0,,,"[{'asset': {'symbol': 'SPY', 'type': 'stock'}, 'quantity': 10.0}]",0.0,0.0,0.0,0.0,0.0,0.0,0.0,99961.60034179685
2026-02-26 08:30:00-05:00,100044.40002441406,93142.60009765625,0.0,0.0,0.0,False,margin,0.0,0.0,0.0,0,0,,,"[{'asset': {'symbol': 'SPY', 'type': 'stock'}, 'quantity': 10.0}]",0.0,0.0,0.0,0.0,0.0,0.0,0.0008283148962608848,100044.40002441403
2026-02-26 09:30:00-05:00,100044.40002441406,93142.60009765625,0.0,0.0,0.0,False,margin,0.0,0.0,0.0,0,0,,,"[{'asset': {'symbol': 'SPY', 'type': 'stock'}, 'quantity': 10.0}]",0.0,0.0,0.0,0.0,0.0,0.0,0.0,100044.40002441403
2026-02-26 09:30:00-05:00,100044.40002441406,93142.60009765625,0.0,0.0,0.0,False,margin,0.0,0.0,0.0,0,0,,,"[{'asset': {'symbol': 'SPY', 'type': 'stock'}, 'quantity': 10.0}]",0.0,0.0,0.0,0.0,0.0,0.0,0.0,100044.40002441403
2026-02-26 16:00:00-05:00,100044.40002441406,93142.60009765625,0.0,0.0,0.0,False,margin,0.0,0.0,0.0,0,0,,,"[{'asset': {'symbol': 'SPY', 'type': 'stock'}, 'quantity': 10.0}]",0.0,0.0,0.0,0.0,0.0,0.0,0.0,100044.40002441403
2026-02-27 08:30:00-05:00,100075.400390625,93142.60009765625,0.0,0.0,0.0,False,margin,0.0,0.0,0.0,0,0,,,"[{'asset': {'symbol': 'SPY', 'type': 'stock'}, 'quantity': 10.0}]",0.0,0.0,0.0,0.0,0.0,0.0,0.000309866081493541,100075.40039062497
2026-02-27 09:30:00-05:00,100075.400390625,93142.60009765625,0.0,0.0,0.0,False,margin,0.0,0.0,0.0,0,0,,,"[{'asset': {'symbol': 'SPY', 'type': 'stock'}, 'quantity': 10.0}]",0.0,0.0,0.0,0.0,0.0,0.0,0.0,100075.40039062497
2026-02-27 09:30:00-05:00,100075.400390625,93142.60009765625,0.0,0.0,0.0,False,margin,0.0,0.0,0.0,0,0,,,"[{'asset': {'symbol': 'SPY', 'type': 'stock'}, 'quantity': 10.0}]",0.0,0.0,0.0,0.0,0.0,0.0,0.0,100075.40039062497
2026-02-27 16:00:00-05:00,100075.400390625,93142.60009765625,0.0,0.0,0.0,False,margin,0.0,0.0,0.0,0,0,,,"[{'asset': {'symbol': 'SPY', 'type': 'stock'}, 'quantity': 10.0}]",0.0,0.0,0.0,0.0,0.0,0.0,0.0,100075.40039062497
2026-03-02 08:30:00-05:00,99973.50036621094,93142.60009765625,0.0,0.0,0.0,False,margin,0.0,0.0,0.0,0,0,,,"[{'asset': {'symbol': 'SPY', 'type': 'stock'}, 'quantity': 10.0}]",0.0,0.0,0.0,0.0,0.0,0.0,-0.0010182324928635351,99973.50036621091
2026-03-02 09:30:00-05:00,99973.50036621094,93142.60009765625,0.0,0.0,0.0,False,margin,0.0,0.0,0.0,0,0,,,"[{'asset': {'symbol': 'SPY', 'type': 'stock'}, 'quantity': 10.0}]",0.0,0.0,0.0,0.0,0.0,0.0,0.0,99973.50036621091
2026-03-02 09:30:00-05:00,99973.50036621094,93142.60009765625,0.0,0.0,0.0,False,margin,0.0,0.0,0.0,0,0,,,"[{'asset': {'symbol': 'SPY', 'type': 'stock'}, 'quantity': 10.0}]",0.0,0.0,0.0,0.0,0.0,0.0,0.0,99973.50036621091
2026-03-02 16:00:00-05:00,99973.50036621094,93142.60009765625,0.0,0.0,0.0,False,margin,0.0,0.0,0.0,0,0,,,"[{'asset': {'symbol': 'SPY', 'type': 'stock'}, 'quantity': 10.0}]",0.0,0.0,0.0,0.0,0.0,0.0,0.0,99973.50036621091
2026-03-03 08:30:00-05:00,99929.60021972656,93142.60009765625,0.0,0.0,0.0,False,margin,0.0,0.0,0.0,0,0,,,"[{'asset': {'symbol': 'SPY', 'type': 'stock'}, 'quantity': 10.0}]",0.0,0.0,0.0,0.0,0.0,0.0,-0.0004391178294604595,99929.60021972653
2026-03-03 09:30:00-05:00,99929.60021972656,93142.60009765625,0.0,0.0,0.0,False,margin,0.0,0.0,0.0,0,0,,,"[{'asset': {'symbol': 'SPY', 'type': 'stock'}, 'quantity': 10.0}]",0.0,0.0,0.0,0.0,0.0,0.0,0.0,99929.60021972653
2026-03-03 09:30:00-05:00,99929.60021972656,93142.60009765625,0.0,0.0,0.0,False,margin,0.0,0.0,0.0,0,0,,,"[{'asset': {'symbol': 'SPY', 'type': 'stock'}, 'quantity': 10.0}]",0.0,0.0,0.0,0.0,0.0,0.0,0.0,99929.60021972653
2026-03-03 16:00:00-05:00,99929.60021972656,93142.60009765625,0.0,0.0,0.0,False,margin,0.0,0.0,0.0,0,0,,,"[{'asset': {'symbol': 'SPY', 'type': 'stock'}, 'quantity': 10.0}]",0.0,0.0,0.0,0.0,0.0,0.0,0.0,99929.60021972653
2026-03-04 08:30:00-05:00,99893.20007324219,93142.60009765625,0.0,0.0,0.0,False,margin,0.0,0.0,0.0,0,0,,,"[{'asset': {'symbol': 'SPY', 'type': 'stock'}, 'quantity': 10.0}]",0.0,0.0,0.0,0.0,0.0,0.0,-0.0003642579016061093,99893.20007324216
2026-03-04 09:30:00-05:00,99893.20007324219,93142.60009765625,0.0,0.0,0.0,False,margin,0.0,0.0,0.0,0,0,,,"[{'asset': {'symbol': 'SPY', 'type': 'stock'}, 'quantity': 10.0}]",0.0,0.0,0.0,0.0,0.0,0.0,0.0,99893.20007324216
2026-03-04 09:30:00-05:00,99893.20007324219,93142.60009765625,0.0,0.0,0.0,False,margin,0.0,0.0,0.0,0,0,,,"[{'asset': {'symbol': 'SPY', 'type': 'stock'}, 'quantity': 10.0}]",0.0,0.0,0.0,0.0,0.0,0.0,0.0,99893.20007324216
2026-03-04 16:00:00-05:00,99893.20007324219,93142.60009765625,0.0,0.0,0.0,False,margin,0.0,0.0,0.0,0,0,,,"[{'asset': {'symbol': 'SPY', 'type': 'stock'}, 'quantity': 10.0}]",0.0,0.0,0.0,0.0,0.0,0.0,0.0,99893.20007324216
2026-03-05 08:30:00-05:00,99958.90014648438,93142.60009765625,0.0,0.0,0.0,False,margin,0.0,0.0,0.0,0,0,,,"[{'asset': {'symbol': 'SPY', 'type': 'stock'}, 'quantity': 10.0}]",0.0,0.0,0.0,0.0,0.0,0.0,0.0006577031589138788,99958.90014648435
2026-03-05 09:30:00-05:00,99958.90014648438,93142.60009765625,0.0,0.0,0.0,False,margin,0.0,0.0,0.0,0,0,,,"[{'asset': {'symbol': 'SPY', 'type': 'stock'}, 'quantity': 10.0}]",0.0,0.0,0.0,0.0,0.0,0.0,0.0,99958.90014648435
2026-03-05 09:30:00-05:00,99958.90014648438,93142.60009765625,0.0,0.0,0.0,False,margin,0.0,0.0,0.0,0,0,,,"[{'asset': {'symbol': 'SPY', 'type': 'stock'}, 'quantity': 10.0}]",0.0,0.0,0.0,0.0,0.0,0.0,0.0,99958.90014648435
2026-03-05 16:00:00-05:00,99958.90014648438,93142.60009765625,0.0,0.0,0.0,False,margin,0.0,0.0,0.0,0,0,,,"[{'asset': {'symbol': 'SPY', 'type': 'stock'}, 'quantity': 10.0}]",0.0,0.0,0.0,0.0,0.0,0.0,0.0,99958.90014648435
2026-03-06 08:30:00-05:00,99963.40026855469,93142.60009765625,0.0,0.0,0.0,False,margin,0.0,0.0,0.0,0,0,,,"[{'asset': {'symbol': 'SPY', 'type': 'stock'}, 'quantity': 10.0}]",0.0,0.0,0.0,0.0,0.0,0.0,4.5019723743636775e-05,99963.40026855466
2026-03-06 09:30:00-05:00,99963.40026855469,93142.60009765625,0.0,0.0,0.0,False,margin,0.0,0.0,0.0,0,0,,,"[{'asset': {'symbol': 'SPY', 'type': 'stock'}, 'quantity': 10.0}]",0.0,0.0,0.0,0.0,0.0,0.0,0.0,99963.40026855466
2026-03-06 09:30:00-05:00,99963.40026855469,93142.60009765625,0.0,0.0,0.0,False,margin,0.0,0.0,0.0,0,0,,,"[{'asset': {'symbol': 'SPY', 'type': 'stock'}, 'quantity': 10.0}]",0.0,0.0,0.0,0.0,0.0,0.0,0.0,99963.40026855466
2026-03-06 16:00:00-05:00,99963.40026855469,93142.60009765625,0.0,0.0,0.0,False,margin,0.0,0.0,0.0,0,0,,,"[{'asset': {'symbol': 'SPY', 'type': 'stock'}, 'quantity': 10.0}]",0.0,0.0,0.0,0.0,0.0,0.0,0.0,99963.40026855466
2026-03-09 08:30:00-04:00,99876.69982910156,93142.60009765625,0.0,0.0,0.0,False,margin,0.0,0.0,0.0,0,0,,,"[{'asset': {'symbol': 'SPY', 'type': 'stock'}, 'quantity': 10.0}]",0.0,0.0,0.0,0.0,0.0,0.0,-0.0008673218319925259,99876.69982910153
2026-03-09 09:30:00-04:00,99876.69982910156,93142.60009765625,0.0,0.0,0.0,False,margin,0.0,0.0,0.0,0,0,,,"[{'asset': {'symbol': 'SPY', 'type': 'stock'}, 'quantity': 10.0}]",0.0,0.0,0.0,0.0,0.0,0.0,0.0,99876.69982910153
2026-03-09 09:30:00-04:00,99876.69982910156,93142.60009765625,0.0,0.0,0.0,False,margin,0.0,0.0,0.0,0,0,,,"[{'asset': {'symbol': 'SPY', 'type': 'stock'}, 'quantity': 10.0}]",0.0,0.0,0.0,0.0,0.0,0.0,0.0,99876.69982910153
2026-03-09 16:00:00-04:00,99876.69982910156,93142.60009765625,0.0,0.0,0.0,False,margin,0.0,0.0,0.0,0,0,,,"[{'asset': {'symbol': 'SPY', 'type': 'stock'}, 'quantity': 10.0}]",0.0,0.0,0.0,0.0,0.0,0.0,0.0,99876.69982910153
2026-03-10 08:30:00-04:00,99806.50024414062,93142.60009765625,0.0,0.0,0.0,False,margin,0.0,0.0,0.0,0,0,,,"[{'asset': {'symbol': 'SPY', 'type': 'stock'}, 'quantity': 10.0}]",0.0,0.0,0.0,0.0,0.0,0.0,-0.0007028624802487026,99806.5002441406
2026-03-10 09:30:00-04:00,99806.50024414062,93142.60009765625,0.0,0.0,0.0,False,margin,0.0,0.0,0.0,0,0,,,"[{'asset': {'symbol': 'SPY', 'type': 'stock'}, 'quantity': 10.0}]",0.0,0.0,0.0,0.0,0.0,0.0,0.0,99806.5002441406
2026-03-10 09:30:00-04:00,99806.50024414062,93142.60009765625,0.0,0.0,0.0,False,margin,0.0,0.0,0.0,0,0,,,"[{'asset': {'symbol': 'SPY', 'type': 'stock'}, 'quantity': 10.0}]",0.0,0.0,0.0,0.0,0.0,0.0,0.0,99806.5002441406
2026-03-10 16:00:00-04:00,99806.50024414062,93142.60009765625,0.0,0.0,0.0,False,margin,0.0,0.0,0.0,0,0,,,"[{'asset': {'symbol': 'SPY', 'type': 'stock'}, 'quantity': 10.0}]",0.0,0.0,0.0,0.0,0.0,0.0,0.0,99806.5002441406
2026-03-11 08:30:00-04:00,99919.7998046875,93142.60009765625,0.0,0.0,0.0,False,margin,0.0,0.0,0.0,0,0,,,"[{'asset': {'symbol': 'SPY', 'type': 'stock'}, 'quantity': 10.0}]",0.0,0.0,0.0,0.0,0.0,0.0,0.0011351921996035175,99919.79980468746
2026-03-11 09:30:00-04:00,99919.7998046875,93142.60009765625,0.0,0.0,0.0,False,margin,0.0,0.0,0.0,0,0,,,"[{'asset': {'symbol': 'SPY', 'type': 'stock'}, 'quantity': 10.0}]",0.0,0.0,0.0,0.0,0.0,0.0,0.0,99919.79980468746
2026-03-11 09:30:00-04:00,99919.7998046875,93142.60009765625,0.0,0.0,0.0,False,margin,0.0,0.0,0.0,0,0,,,"[{'asset': {'symbol': 'SPY', 'type': 'stock'}, 'quantity': 10.0}]",0.0,0.0,0.0,0.0,0.0,0.0,0.0,99919.79980468746
2026-03-11 16:00:00-04:00,99919.7998046875,93142.60009765625,0.0,0.0,0.0,False,margin,0.0,0.0,0.0,0,0,,,"[{'asset': {'symbol': 'SPY', 'type': 'stock'}, 'quantity': 10.0}]",0.0,0.0,0.0,0.0,0.0,0.0,0.0,99919.79980468746
2026-03-12 08:30:00-04:00,99918.40026855469,93142.60009765625,0.0,0.0,0.0,False,margin,0.0,0.0,0.0,0,0,,,"[{'asset': {'symbol': 'SPY', 'type': 'stock'}, 'quantity': 10.0}]",0.0,0.0,0.0,0.0,0.0,0.0,-1.4006594644386428e-05,99918.40026855466
2026-03-12 09:30:00-04:00,99918.40026855469,93142.60009765625,0.0,0.0,0.0,False,margin,0.0,0.0,0.0,0,0,,,"[{'asset': {'symbol': 'SPY', 'type': 'stock'}, 'quantity': 10.0}]",0.0,0.0,0.0,0.0,0.0,0.0,0.0,99918.40026855466
2026-03-12 09:30:00-04:00,99918.40026855469,93142.60009765625,0.0,0.0,0.0,False,margin,0.0,0.0,0.0,0,0,,,"[{'asset': {'symbol': 'SPY', 'type': 'stock'}, 'quantity': 10.0}]",0.0,0.0,0.0,0.0,0.0,0.0,0.0,99918.40026855466
2026-03-12 16:00:00-04:00,99918.40026855469,93142.60009765625,0.0,0.0,0.0,False,margin,0.0,0.0,0.0,0,0,,,"[{'asset': {'symbol': 'SPY', 'type': 'stock'}, 'quantity': 10.0}]",0.0,0.0,0.0,0.0,0.0,0.0,0.0,99918.40026855466
2026-03-13 08:30:00-04:00,99854.19982910156,93142.60009765625,0.0,0.0,0.0,False,margin,0.0,0.0,0.0,0,0,,,"[{'asset': {'symbol': 'SPY', 'type': 'stock'}, 'quantity': 10.0}]",0.0,0.0,0.0,0.0,0.0,0.0,-0.000642528696221826,99854.19982910153
2026-03-13 09:30:00-04:00,99854.19982910156,93142.60009765625,0.0,0.0,0.0,False,margin,0.0,0.0,0.0,0,0,,,"[{'asset': {'symbol': 'SPY', 'type': 'stock'}, 'quantity': 10.0}]",0.0,0.0,0.0,0.0,0.0,0.0,0.0,99854.19982910153
2026-03-13 09:30:00-04:00,99854.19982910156,93142.60009765625,0.0,0.0,0.0,False,margin,0.0,0.0,0.0,0,0,,,"[{'asset': {'symbol': 'SPY', 'type': 'stock'}, 'quantity': 10.0}]",0.0,0.0,0.0,0.0,0.0,0.0,0.0,99854.19982910153
2026-03-13 16:00:00-04:00,99854.19982910156,93142.60009765625,0.0,0.0,0.0,False,margin,0.0,0.0,0.0,0,0,,,"[{'asset': {'symbol': 'SPY', 'type': 'stock'}, 'quantity': 10.0}]",0.0,0.0,0.0,0.0,0.0,0.0,0.0,99854.19982910153
2026-03-16 08:30:00-04:00,99835.30029296875,93142.60009765625,0.0,0.0,0.0,False,margin,0.0,0.0,0.0,0,0,,,"[{'asset': {'symbol': 'SPY', 'type': 'stock'}, 'quantity': 10.0}]",0.0,0.0,0.0,0.0,0.0,0.0,-0.0001892713192350314,99835.3002929687
2026-03-16 09:30:00-04:00,99835.30029296875,93142.60009765625,0.0,0.0,0.0,False,margin,0.0,0.0,0.0,0,0,,,"[{'asset': {'symbol': 'SPY', 'type': 'stock'}, 'quantity': 10.0}]",0.0,0.0,0.0,0.0,0.0,0.0,0.0,99835.3002929687
2026-03-16 09:30:00-04:00,99835.30029296875,93142.60009765625,0.0,0.0,0.0,False,margin,0.0,0.0,0.0,0,0,,,"[{'asset': {'symbol': 'SPY', 'type': 'stock'}, 'quantity': 10.0}]",0.0,0.0,0.0,0.0,0.0,0.0,0.0,99835.3002929687
2026-03-16 16:00:00-04:00,99835.30029296875,93142.60009765625,0.0,0.0,0.0,False,margin,0.0,0.0,0.0,0,0,,,"[{'asset': {'symbol': 'SPY', 'type': 'stock'}, 'quantity': 10.0}]",0.0,0.0,0.0,0.0,0.0,0.0,0.0,99835.3002929687
2026-03-17 08:30:00-04:00,99826.40014648438,93142.60009765625,0.0,0.0,0.0,False,margin,0.0,0.0,0.0,0,0,,,"[{'asset': {'symbol': 'SPY', 'type': 'stock'}, 'quantity': 10.0}]",0.0,0.0,0.0,0.0,0.0,0.0,-8.914829181919959e-05,99826.40014648435
2026-03-17 09:30:00-04:00,99826.40014648438,93142.60009765625,0.0,0.0,0.0,False,margin,0.0,0.0,0.0,0,0,,,"[{'asset': {'symbol': 'SPY', 'type': 'stock'}, 'quantity': 10.0}]",0.0,0.0,0.0,0.0,0.0,0.0,0.0,99826.40014648435
2026-03-17 09:30:00-04:00,99826.40014648438,93142.60009765625,0.0,0.0,0.0,False,margin,0.0,0.0,0.0,0,0,,,"[{'asset': {'symbol': 'SPY', 'type': 'stock'}, 'quantity': 10.0}]",0.0,0.0,0.0,0.0,0.0,0.0,0.0,99826.40014648435
2026-03-17 16:00:00-04:00,99826.40014648438,93142.60009765625,0.0,0.0,0.0,False,margin,0.0,0.0,0.0,0,0,,,"[{'asset': {'symbol': 'SPY', 'type': 'stock'}, 'quantity': 10.0}]",0.0,0.0,0.0,0.0,0.0,0.0,0.0,99826.40014648435
2026-03-18 08:30:00-04:00,99866.50024414062,93142.60009765625,0.0,0.0,0.0,False,margin,0.0,0.0,0.0,0,0,,,"[{'asset': {'symbol': 'SPY', 'type': 'stock'}, 'quantity': 10.0}]",0.0,0.0,0.0,0.0,0.0,0.0,0.0004016983242649988,99866.50024414058
2026-03-18 09:30:00-04:00,99866.50024414062,93142.60009765625,0.0,0.0,0.0,False,margin,0.0,0.0,0.0,0,0,,,"[{'asset': {'symbol': 'SPY', 'type': 'stock'}, 'quantity': 10.0}]",0.0,0.0,0.0,0.0,0.0,0.0,0.0,99866.50024414058
2026-03-18 09:30:00-04:00,99866.50024414062,93142.60009765625,0.0,0.0,0.0,False,margin,0.0,0.0,0.0,0,0,,,"[{'asset': {'symbol': 'SPY', 'type': 'stock'}, 'quantity': 10.0}]",0.0,0.0,0.0,0.0,0.0,0.0,0.0,99866.50024414058
2026-03-18 16:00:00-04:00,99866.50024414062,93142.60009765625,0.0,0.0,0.0,False,margin,0.0,0.0,0.0,0,0,,,"[{'asset': {'symbol': 'SPY', 'type': 'stock'}, 'quantity': 10.0}]",0.0,0.0,0.0,0.0,0.0,0.0,0.0,99866.50024414058
2026-03-19 08:30:00-04:00,99826.19995117188,93142.60009765625,0.0,0.0,0.0,False,margin,0.0,0.0,0.0,0,0,,,"[{'asset': {'symbol': 'SPY', 'type': 'stock'}, 'quantity': 10.0}]",0.0,0.0,0.0,0.0,0.0,0.0,-0.00040354165681413774,99826.19995117185
2026-03-19 09:30:00-04:00,99826.19995117188,93142.60009765625,0.0,0.0,0.0,False,margin,0.0,0.0,0.0,0,0,,,"[{'asset': {'symbol': 'SPY', 'type': 'stock'}, 'quantity': 10.0}]",0.0,0.0,0.0,0.0,0.0,0.0,0.0,99826.19995117185
2026-03-19 09:30:00-04:00,99826.19995117188,93142.60009765625,0.0,0.0,0.0,False,margin,0.0,0.0,0.0,0,0,,,"[{'asset': {'symbol': 'SPY', 'type': 'stock'}, 'quantity': 10.0}]",0.0,0.0,0.0,0.0,0.0,0.0,0.0,99826.19995117185
2026-03-19 16:00:00-04:00,99826.19995117188,93142.60009765625,0.0,0.0,0.0,False,margin,0.0,0.0,0.0,0,0,,,"[{'asset': {'symbol': 'SPY', 'type': 'stock'}, 'quantity': 10.0}]",0.0,0.0,0.0,0.0,0.0,0.0,0.0,99826.19995117185
2026-03-20 08:30:00-04:00,99712.2998046875,93142.60009765625,0.0,0.0,0.0,False,margin,0.0,0.0,0.0,0,0,,,"[{'asset': {'symbol': 'SPY', 'type': 'stock'}, 'quantity': 10.0}]",0.0,0.0,0.0,0.0,0.0,0.0,-0.0011409844964557114,99712.29980468747
2026-03-20 09:30:00-04:00,99712.2998046875,93142.60009765625,0.0,0.0,0.0,False,margin,0.0,0.0,0.0,0,0,,,"[{'asset': {'symbol': 'SPY', 'type': 'stock'}, 'quantity': 10.0}]",0.0,0.0,0.0,0.0,0.0,0.0,0.0,99712.29980468747
2026-03-20 09:30:00-04:00,99712.2998046875,93142.60009765625,0.0,0.0,0.0,False,margin,0.0,0.0,0.0,0,0,,,"[{'asset': {'symbol': 'SPY', 'type': 'stock'}, 'quantity': 10.0}]",0.0,0.0,0.0,0.0,0.0,0.0,0.0,99712.29980468747
2026-03-20 16:00:00-04:00,99712.2998046875,93142.60009765625,0.0,0.0,0.0,False,margin,0.0,0.0,0.0,0,0,,,"[{'asset': {'symbol': 'SPY', 'type': 'stock'}, 'quantity': 10.0}]",0.0,0.0,0.0,0.0,0.0,0.0,0.0,99712.29980468747
2026-03-23 08:30:00-04:00,99707.7001953125,93142.60009765625,0.0,0.0,0.0,False,margin,0.0,0.0,0.0,0,0,,,"[{'asset': {'symbol': 'SPY', 'type': 'stock'}, 'quantity': 10.0}]",0.0,0.0,0.0,0.0,0.0,0.0,-4.61288064161546e-05,99707.70019531247
2026-03-23 09:30:00-04:00,99707.7001953125,93142.60009765625,0.0,0.0,0.0,False,margin,0.0,0.0,0.0,0,0,,,"[{'asset': {'symbol': 'SPY', 'type': 'stock'}, 'quantity': 10.0}]",0.0,0.0,0.0,0.0,0.0,0.0,0.0,99707.70019531247
2026-03-23 09:30:00-04:00,99707.7001953125,93142.60009765625,0.0,0.0,0.0,False,margin,0.0,0.0,0.0,0,0,,,"[{'asset': {'symbol': 'SPY', 'type': 'stock'}, 'quantity': 10.0}]",0.0,0.0,0.0,0.0,0.0,0.0,0.0,99707.70019531247
2026-03-23 16:00:00-04:00,99707.7001953125,93142.60009765625,0.0,0.0,0.0,False,margin,0.0,0.0,0.0,0,0,,,"[{'asset': {'symbol': 'SPY', 'type': 'stock'}, 'quantity': 10.0}]",0.0,0.0,0.0,0.0,0.0,0.0,0.0,99707.70019531247
2026-03-24 08:30:00-04:00,99723.30017089844,93142.60009765625,0.0,0.0,0.0,False,margin,0.0,0.0,0.0,0,0,,,"[{'asset': {'symbol': 'SPY', 'type': 'stock'}, 'quantity': 10.0}]",0.0,0.0,0.0,0.0,0.0,0.0,0.00015645707959745814,99723.30017089841
2026-03-24 09:30:00-04:00,99723.30017089844,93142.60009765625,0.0,0.0,0.0,False,margin,0.0,0.0,0.0,0,0,,,"[{'asset': {'symbol': 'SPY', 'type': 'stock'}, 'quantity': 10.0}]",0.0,0.0,0.0,0.0,0.0,0.0,0.0,99723.30017089841
2026-03-24 09:30:00-04:00,99723.30017089844,93142.60009765625,0.0,0.0,0.0,False,margin,0.0,0.0,0.0,0,0,,,"[{'asset': {'symbol': 'SPY', 'type': 'stock'}, 'quantity': 10.0}]",0.0,0.0,0.0,0.0,0.0,0.0,0.0,99723.30017089841
2026-03-24 16:00:00-04:00,99723.30017089844,93142.60009765625,0.0,0.0,0.0,False,margin,0.0,0.0,0.0,0,0,,,"[{'asset': {'symbol': 'SPY', 'type': 'stock'}, 'quantity': 10.0}]",0.0,0.0,0.0,0.0,0.0,0.0,0.0,99723.30017089841
2026-03-25 08:30:00-04:00,99655.80017089844,93142.60009765625,0.0,0.0,0.0,False,margin,0.0,0.0,0.0,0,0,,,"[{'asset': {'symbol': 'SPY', 'type': 'stock'}, 'quantity': 10.0}]",0.0,0.0,0.0,0.0,0.0,0.0,-0.00067687290617462,99655.80017089841
2026-03-25 09:30:00-04:00,99655.80017089844,93142.60009765625,0.0,0.0,0.0,False,margin,0.0,0.0,0.0,0,0,,,"[{'asset': {'symbol': 'SPY', 'type': 'stock'}, 'quantity': 10.0}]",0.0,0.0,0.0,0.0,0.0,0.0,0.0,99655.80017089841
2026-03-25 09:30:00-04:00,99655.80017089844,93142.60009765625,0.0,0.0,0.0,False,margin,0.0,0.0,0.0,0,0,,,"[{'asset': {'symbol': 'SPY', 'type': 'stock'}, 'quantity': 10.0}]",0.0,0.0,0.0,0.0,0.0,0.0,0.0,99655.80017089841
2026-03-25 16:00:00-04:00,99655.80017089844,93142.60009765625,0.0,0.0,0.0,False,margin,0.0,0.0,0.0,0,0,,,"[{'asset': {'symbol': 'SPY', 'type': 'stock'}, 'quantity': 10.0}]",0.0,0.0,0.0,0.0,0.0,0.0,0.0,99655.80017089841
2026-03-26 08:30:00-04:00,99729.29992675781,93142.60009765625,0.0,0.0,0.0,False,margin,0.0,0.0,0.0,0,0,,,"[{'asset': {'symbol': 'SPY', 'type': 'stock'}, 'quantity': 10.0}]",0.0,0.0,0.0,0.0,0.0,0.0,0.0007375361567849661,99729.29992675778
2026-03-26 09:30:00-04:00,99729.29992675781,93142.60009765625,0.0,0.0,0.0,False,margin,0.0,0.0,0.0,0,0,,,"[{'asset': {'symbol': 'SPY', 'type': 'stock'}, 'quantity': 10.0}]",0.0,0.0,0.0,0.0,0.0,0.0,0.0,99729.29992675778
2026-03-26 09:30:00-04:00,99729.29992675781,93142.60009765625,0.0,0.0,0.0,False,margin,0.0,0.0,0.0,0,0,,,"[{'asset': {'symbol': 'SPY', 'type': 'stock'}, 'quantity': 10.0}]",0.0,0.0,0.0,0.0,0.0,0.0,0.0,99729.29992675778
2026-03-26 16:00:00-04:00,99729.29992675781,93142.60009765625,0.0,0.0,0.0,False,margin,0.0,0.0,0.0,0,0,,,"[{'asset': {'symbol': 'SPY', 'type': 'stock'}, 'quantity': 10.0}]",0.0,0.0,0.0,0.0,0.0,0.0,0.0,99729.29992675778
2026-03-27 08:30:00-04:00,99663.20007324219,93142.60009765625,0.0,0.0,0.0,False,margin,0.0,0.0,0.0,0,0,,,"[{'asset': {'symbol': 'SPY', 'type': 'stock'}, 'quantity': 10.0}]",0.0,0.0,0.0,0.0,0.0,0.0,-0.0006627927155226136,99663.20007324216
2026-03-27 09:30:00-04:00,99663.20007324219,93142.60009765625,0.0,0.0,0.0,False,margin,0.0,0.0,0.0,0,0,,,"[{'asset': {'symbol': 'SPY', 'type': 'stock'}, 'quantity': 10.0}]",0.0,0.0,0.0,0.0,0.0,0.0,0.0,99663.20007324216
2026-03-27 09:30:00-04:00,99663.20007324219,93142.60009765625,0.0,0.0,0.0,False,margin,0.0,0.0,0.0,0,0,,,"[{'asset': {'symbol': 'SPY', 'type': 'stock'}, 'quantity': 10.0}]",0.0,0.0,0.0,0.0,0.0,0.0,0.0,99663.20007324216
2026-03-27 16:00:00-04:00,99663.20007324219,93142.60009765625,0.0,0.0,0.0,False,margin,0.0,0.0,0.0,0,0,,,"[{'asset': {'symbol': 'SPY', 'type': 'stock'}, 'quantity': 10.0}]",0.0,0.0,0.0,0.0,0.0,0.0,0.0,99663.20007324216
2026-03-30 08:30:00-04:00,99567.60009765625,93142.60009765625,0.0,0.0,0.0,False,margin,0.0,0.0,0.0,0,0,,,"[{'asset': {'symbol': 'SPY', 'type': 'stock'}, 'quantity': 10.0}]",0.0,0.0,0.0,0.0,0.0,0.0,-0.0009592304432898138,99567.60009765622
2026-03-30 09:30:00-04:00,99567.60009765625,93142.60009765625,0.0,0.0,0.0,False,margin,0.0,0.0,0.0,0,0,,,"[{'asset': {'symbol': 'SPY', 'type': 'stock'}, 'quantity': 10.0}]",0.0,0.0,0.0,0.0,0.0,0.0,0.0,99567.60009765622
2026-03-30 09:30:00-04:00,99567.60009765625,93142.60009765625,0.0,0.0,0.0,False,margin,0.0,0.0,0.0,0,0,,,"[{'asset': {'symbol': 'SPY', 'type': 'stock'}, 'quantity': 10.0}]",0.0,0.0,0.0,0.0,0.0,0.0,0.0,99567.60009765622
2026-03-30 16:00:00-04:00,99567.60009765625,93142.60009765625,0.0,0.0,0.0,False,margin,0.0,0.0,0.0,0,0,,,"[{'asset': {'symbol': 'SPY', 'type': 'stock'}, 'quantity': 10.0}]",0.0,0.0,0.0,0.0,0.0,0.0,0.0,99567.60009765622
2026-03-31 08:30:00-04:00,99543.69995117188,93142.60009765625,0.0,0.0,0.0,False,margin,0.0,0.0,0.0,0,0,,,"[{'asset': {'symbol': 'SPY', 'type': 'stock'}, 'quantity': 10.0}]",0.0,0.0,0.0,0.0,0.0,0.0,-0.0002400393949531138,99543.69995117186
2026-03-31 09:30:00-04:00,99543.69995117188,93142.60009765625,0.0,0.0,0.0,False,margin,0.0,0.0,0.0,0,0,,,"[{'asset': {'symbol': 'SPY', 'type': 'stock'}, 'quantity': 10.0}]",0.0,0.0,0.0,0.0,0.0,0.0,0.0,99543.69995117186
2026-03-31 09:30:00-04:00,99543.69995117188,93142.60009765625,0.0,0.0,0.0,False,margin,0.0,0.0,0.0,0,0,,,"[{'asset': {'symbol': 'SPY', 'type': 'stock'}, 'quantity': 10.0}]",0.0,0.0,0.0,0.0,0.0,0.0,0.0,99543.69995117186
2026-03-31 16:00:00-04:00,99543.69995117188,93142.60009765625,0.0,0.0,0.0,False,margin,0.0,0.0,0.0,0,0,,,"[{'asset': {'symbol': 'SPY', 'type': 'stock'}, 'quantity': 10.0}]",0.0,0.0,0.0,0.0,0.0,0.0,0.0,99543.69995117186
2026-04-01 08:30:00-04:00,99532.00012207031,93142.60009765625,0.0,0.0,0.0,False,margin,0.0,0.0,0.0,0,0,,,"[{'asset': {'symbol': 'SPY', 'type': 'stock'}, 'quantity': 10.0}]",0.0,0.0,0.0,0.0,0.0,0.0,-0.00011753460145947453,99532.0001220703
2026-04-01 09:30:00-04:00,99532.00012207031,93142.60009765625,0.0,0.0,0.0,False,margin,0.0,0.0,0.0,0,0,,,"[{'asset': {'symbol': 'SPY', 'type': 'stock'}, 'quantity': 10.0}]",0.0,0.0,0.0,0.0,0.0,0.0,0.0,99532.0001220703
2026-04-01 09:30:00-04:00,99532.00012207031,93142.60009765625,0.0,0.0,0.0,False,margin,0.0,0.0,0.0,0,0,,,"[{'asset': {'symbol': 'SPY', 'type': 'stock'}, 'quantity': 10.0}]",0.0,0.0,0.0,0.0,0.0,0.0,0.0,99532.0001220703
2026-04-01 16:00:00-04:00,99532.00012207031,93142.60009765625,0.0,0.0,0.0,False,margin,0.0,0.0,0.0,0,0,,,"[{'asset': {'symbol': 'SPY', 'type': 'stock'}, 'quantity': 10.0}]",0.0,0.0,0.0,0.0,0.0,0.0,0.0,99532.0001220703
2026-04-02 08:30:00-04:00,99681.60034179688,93142.60009765625,0.0,0.0,0.0,False,margin,0.0,0.0,0.0,0,0,,,"[{'asset': {'symbol': 'SPY', 'type': 'stock'}, 'quantity': 10.0}]",0.0,0.0,0.0,0.0,0.0,0.0,0.0015030364058100547,99681.60034179685
2026-04-02 09:30:00-04:00,99681.60034179688,93142.60009765625,0.0,0.0,0.0,False,margin,0.0,0.0,0.0,0,0,,,"[{'asset': {'symbol': 'SPY', 'type': 'stock'}, 'quantity': 10.0}]",0.0,0.0,0.0,0.0,0.0,0.0,0.0,99681.60034179685
2026-04-02 09:30:00-04:00,99681.60034179688,93142.60009765625,0.0,0.0,0.0,False,margin,0.0,0.0,0.0,0,0,,,"[{'asset': {'symbol': 'SPY', 'type': 'stock'}, 'quantity': 10.0}]",0.0,0.0,0.0,0.0,0.0,0.0,0.0,99681.60034179685
2026-04-02 16:00:00-04:00,99681.60034179688,93142.60009765625,0.0,0.0,0.0,False,margin,0.0,0.0,0.0,0,0,,,"[{'asset': {'symbol': 'SPY', 'type': 'stock'}, 'quantity': 10.0}]",0.0,0.0,0.0,0.0,0.0,0.0,0.0,99681.60034179685
2026-04-06 08:30:00-04:00,99606.79992675781,93142.60009765625,0.0,0.0,0.0,False,margin,0.0,0.0,0.0,0,0,,,"[{'asset': {'symbol': 'SPY', 'type': 'stock'}, 'quantity': 10.0}]",0.0,0.0,0.0,0.0,0.0,0.0,-0.0007503934004127179,99606.79992675778
2026-04-06 09:30:00-04:00,99606.79992675781,93142.60009765625,0.0,0.0,0.0,False,margin,0.0,0.0,0.0,0,0,,,"[{'asset': {'symbol': 'SPY', 'type': 'stock'}, 'quantity': 10.0}]",0.0,0.0,0.0,0.0,0.0,0.0,0.0,99606.79992675778
2026-04-06 09:30:00-04:00,99606.79992675781,93142.60009765625,0.0,0.0,0.0,False,margin,0.0,0.0,0.0,0,0,,,"[{'asset': {'symbol': 'SPY', 'type': 'stock'}, 'quantity': 10.0}]",0.0,0.0,0.0,0.0,0.0,0.0,0.0,99606.79992675778
2026-04-06 16:00:00-04:00,99606.79992675781,93142.60009765625,0.0,0.0,0.0,False,margin,0.0,0.0,0.0,0,0,,,"[{'asset': {'symbol': 'SPY', 'type': 'stock'}, 'quantity': 10.0}]",0.0,0.0,0.0,0.0,0.0,0.0,0.0,99606.79992675778
2026-04-07 08:30:00-04:00,99701.19995117188,93142.60009765625,0.0,0.0,0.0,False,margin,0.0,0.0,0.0,0,0,,,"[{'asset': {'symbol': 'SPY', 'type': 'stock'}, 'quantity': 10.0}]",0.0,0.0,0.0,0.0,0.0,0.0,0.0009477267062437111,99701.19995117183
2026-04-07 09:30:00-04:00,99701.19995117188,93142.60009765625,0.0,0.0,0.0,False,margin,0.0,0.0,0.0,0,0,,,"[{'asset': {'symbol': 'SPY', 'type': 'stock'}, 'quantity': 10.0}]",0.0,0.0,0.0,0.0,0.0,0.0,0.0,99701.19995117183
2026-04-07 09:30:00-04:00,99701.19995117188,93142.60009765625,0.0,0.0,0.0,False,margin,0.0,0.0,0.0,0,0,,,"[{'asset': {'symbol': 'SPY', 'type': 'stock'}, 'quantity': 10.0}]",0.0,0.0,0.0,0.0,0.0,0.0,0.0,99701.19995117183
2026-04-07 16:00:00-04:00,99701.19995117188,93142.60009765625,0.0,0.0,0.0,False,margin,0.0,0.0,0.0,0,0,,,"[{'asset': {'symbol': 'SPY', 'type': 'stock'}, 'quantity': 10.0}]",0.0,0.0,0.0,0.0,0.0,0.0,0.0,99701.19995117183
2026-04-08 08:30:00-04:00,99709.10034179688,93142.60009765625,0.0,0.0,0.0,False,margin,0.0,0.0,0.0,0,0,,,"[{'asset': {'symbol': 'SPY', 'type': 'stock'}, 'quantity': 10.0}]",0.0,0.0,0.0,0.0,0.0,0.0,7.924067743286113e-05,99709.10034179683
2026-04-08 09:30:00-04:00,99709.10034179688,93142.60009765625,0.0,0.0,0.0,False,margin,0.0,0.0,0.0,0,0,,,"[{'asset': {'symbol': 'SPY', 'type': 'stock'}, 'quantity': 10.0}]",0.0,0.0,0.0,0.0,0.0,0.0,0.0,99709.10034179683
2026-04-08 09:30:00-04:00,99709.10034179688,93142.60009765625,0.0,0.0,0.0,False,margin,0.0,0.0,0.0,0,0,,,"[{'asset': {'symbol': 'SPY', 'type': 'stock'}, 'quantity': 10.0}]",0.0,0.0,0.0,0.0,0.0,0.0,0.0,99709.10034179683
2026-04-08 16:00:00-04:00,99709.10034179688,93142.60009765625,0.0,0.0,0.0,False,margin,0.0,0.0,0.0,0,0,,,"[{'asset': {'symbol': 'SPY', 'type': 'stock'}, 'quantity': 10.0}]",0.0,0.0,0.0,0.0,0.0,0.0,0.0,99709.10034179683
2026-04-09 08:30:00-04:00,99906.50024414062,93142.60009765625,0.0,0.0,0.0,False,margin,0.0,0.0,0.0,0,0,,,"[{'asset': {'symbol': 'SPY', 'type': 'stock'}, 'quantity': 10.0}]",0.0,0.0,0.0,0.0,0.0,0.0,0.001979758133079878,99906.50024414057
2026-04-09 09:30:00-04:00,99906.50024414062,93142.60009765625,0.0,0.0,0.0,False,margin,0.0,0.0,0.0,0,0,,,"[{'asset': {'symbol': 'SPY', 'type': 'stock'}, 'quantity': 10.0}]",0.0,0.0,0.0,0.0,0.0,0.0,0.0,99906.50024414057
2026-04-09 09:30:00-04:00,99906.50024414062,93142.60009765625,0.0,0.0,0.0,False,margin,0.0,0.0,0.0,0,0,,,"[{'asset': {'symbol': 'SPY', 'type': 'stock'}, 'quantity': 10.0}]",0.0,0.0,0.0,0.0,0.0,0.0,0.0,99906.50024414057
2026-04-09 16:00:00-04:00,99906.50024414062,93142.60009765625,0.0,0.0,0.0,False,margin,0.0,0.0,0.0,0,0,,,"[{'asset': {'symbol': 'SPY', 'type': 'stock'}, 'quantity': 10.0}]",0.0,0.0,0.0,0.0,0.0,0.0,0.0,99906.50024414057
2026-04-10 08:30:00-04:00,99891.00036621094,93142.60009765625,0.0,0.0,0.0,False,margin,0.0,0.0,0.0,0,0,,,"[{'asset': {'symbol': 'SPY', 'type': 'stock'}, 'quantity': 10.0}]",0.0,0.0,0.0,0.0,0.0,0.0,-0.00015514383840701642,99891.0003662109
2026-04-10 09:30:00-04:00,99891.00036621094,93142.60009765625,0.0,0.0,0.0,False,margin,0.0,0.0,0.0,0,0,,,"[{'asset': {'symbol': 'SPY', 'type': 'stock'}, 'quantity': 10.0}]",0.0,0.0,0.0,0.0,0.0,0.0,0.0,99891.0003662109
2026-04-10 09:30:00-04:00,99891.00036621094,93142.60009765625,0.0,0.0,0.0,False,margin,0.0,0.0,0.0,0,0,,,"[{'asset': {'symbol': 'SPY', 'type': 'stock'}, 'quantity': 10.0}]",0.0,0.0,0.0,0.0,0.0,0.0,0.0,99891.0003662109
2026-04-10 16:00:00-04:00,99891.00036621094,93142.60009765625,0.0,0.0,0.0,False,margin,0.0,0.0,0.0,0,0,,,"[{'asset': {'symbol': 'SPY', 'type': 'stock'}, 'quantity': 10.0}]",0.0,0.0,0.0,0.0,0.0,0.0,0.0,99891.0003662109
2026-04-13 08:30:00-04:00,99955.80017089844,93142.60009765625,0.0,0.0,0.0,False,margin,0.0,0.0,0.0,0,0,,,"[{'asset': {'symbol': 'SPY', 'type': 'stock'}, 'quantity': 10.0}]",0.0,0.0,0.0,0.0,0.0,0.0,0.0006487051330944437,99955.80017089838
2026-04-13 09:30:00-04:00,99955.80017089844,93142.60009765625,0.0,0.0,0.0,False,margin,0.0,0.0,0.0,0,0,,,"[{'asset': {'symbol': 'SPY', 'type': 'stock'}, 'quantity': 10.0}]",0.0,0.0,0.0,0.0,0.0,0.0,0.0,99955.80017089838
2026-04-13 09:30:00-04:00,99955.80017089844,93142.60009765625,0.0,0.0,0.0,False,margin,0.0,0.0,0.0,0,0,,,"[{'asset': {'symbol': 'SPY', 'type': 'stock'}, 'quantity': 10.0}]",0.0,0.0,0.0,0.0,0.0,0.0,0.0,99955.80017089838
2026-04-13 16:00:00-04:00,99955.80017089844,93142.60009765625,0.0,0.0,0.0,False,margin,0.0,0.0,0.0,0,0,,,"[{'asset': {'symbol': 'SPY', 'type': 'stock'}, 'quantity': 10.0}]",0.0,0.0,0.0,0.0,0.0,0.0,0.0,99955.80017089838
2026-04-14 08:30:00-04:00,99916.69982910156,93142.60009765625,0.0,0.0,0.0,False,margin,0.0,0.0,0.0,0,0,,,"[{'asset': {'symbol': 'SPY', 'type': 'stock'}, 'quantity': 10.0}]",0.0,0.0,0.0,0.0,0.0,0.0,-0.0003911763172324525,99916.6998291015
2026-04-14 09:30:00-04:00,99916.69982910156,93142.60009765625,0.0,0.0,0.0,False,margin,0.0,0.0,0.0,0,0,,,"[{'asset': {'symbol': 'SPY', 'type': 'stock'}, 'quantity': 10.0}]",0.0,0.0,0.0,0.0,0.0,0.0,0.0,99916.6998291015
2026-04-14 09:30:00-04:00,99916.69982910156,93142.60009765625,0.0,0.0,0.0,False,margin,0.0,0.0,0.0,0,0,,,"[{'asset': {'symbol': 'SPY', 'type': 'stock'}, 'quantity': 10.0}]",0.0,0.0,0.0,0.0,0.0,0.0,0.0,99916.6998291015
2026-04-14 16:00:00-04:00,99916.69982910156,93142.60009765625,0.0,0.0,0.0,False,margin,0.0,0.0,0.0,0,0,,,"[{'asset': {'symbol': 'SPY', 'type': 'stock'}, 'quantity': 10.0}]",0.0,0.0,0.0,0.0,0.0,0.0,0.0,99916.6998291015
2026-04-15 08:30:00-04:00,100019.50012207031,93142.60009765625,0.0,0.0,0.0,False,margin,0.0,0.0,0.0,0,0,,,"[{'asset': {'symbol': 'SPY', 'type': 'stock'}, 'quantity': 10.0}]",0.0,0.0,0.0,0.0,0.0,0.0,0.001028859971802317,100019.50012207025
2026-04-15 09:30:00-04:00,100019.50012207031,93142.60009765625,0.0,0.0,0.0,False,margin,0.0,0.0,0.0,0,0,,,"[{'asset': {'symbol': 'SPY', 'type': 'stock'}, 'quantity': 10.0}]",0.0,0.0,0.0,0.0,0.0,0.0,0.0,100019.50012207025
2026-04-15 09:30:00-04:00,100019.50012207031,93142.60009765625,0.0,0.0,0.0,False,margin,0.0,0.0,0.0,0,0,,,"[{'asset': {'symbol': 'SPY', 'type': 'stock'}, 'quantity': 10.0}]",0.0,0.0,0.0,0.0,0.0,0.0,0.0,100019.50012207025
2026-04-15 16:00:00-04:00,100019.50012207031,93142.60009765625,0.0,0.0,0.0,False,margin,0.0,0.0,0.0,0,0,,,"[{'asset': {'symbol': 'SPY', 'type': 'stock'}, 'quantity': 10.0}]",0.0,0.0,0.0,0.0,0.0,0.0,0.0,100019.50012207025
2026-04-16 08:30:00-04:00,100095.2001953125,93142.60009765625,0.0,0.0,0.0,False,margin,0.0,0.0,0.0,0,0,,,"[{'asset': {'symbol': 'SPY', 'type': 'stock'}, 'quantity': 10.0}]",0.0,0.0,0.0,0.0,0.0,0.0,0.0007568531451346808,100095.20019531246
2026-04-16 09:30:00-04:00,100095.2001953125,93142.60009765625,0.0,0.0,0.0,False,margin,0.0,0.0,0.0,0,0,,,"[{'asset': {'symbol': 'SPY', 'type': 'stock'}, 'quantity': 10.0}]",0.0,0.0,0.0,0.0,0.0,0.0,0.0,100095.20019531246
2026-04-16 09:30:00-04:00,100095.2001953125,93142.60009765625,0.0,0.0,0.0,False,margin,0.0,0.0,0.0,0,0,,,"[{'asset': {'symbol': 'SPY', 'type': 'stock'}, 'quantity': 10.0}]",0.0,0.0,0.0,0.0,0.0,0.0,0.0,100095.20019531246
2026-04-16 16:00:00-04:00,100095.2001953125,93142.60009765625,0.0,0.0,0.0,False,margin,0.0,0.0,0.0,0,0,,,"[{'asset': {'symbol': 'SPY', 'type': 'stock'}, 'quantity': 10.0}]",0.0,0.0,0.0,0.0,0.0,0.0,0.0,100095.20019531246
2026-04-17 08:30:00-04:00,100153.20007324219,93142.60009765625,0.0,0.0,0.0,False,margin,0.0,0.0,0.0,0,0,,,"[{'asset': {'symbol': 'SPY', 'type': 'stock'}, 'quantity': 10.0}]",0.0,0.0,0.0,0.0,0.0,0.0,0.0005794471444835939,100153.20007324216
2026-04-17 09:30:00-04:00,100153.20007324219,93142.60009765625,0.0,0.0,0.0,False,margin,0.0,0.0,0.0,0,0,,,"[{'asset': {'symbol': 'SPY', 'type': 'stock'}, 'quantity': 10.0}]",0.0,0.0,0.0,0.0,0.0,0.0,0.0,100153.20007324216
2026-04-17 09:30:00-04:00,100153.20007324219,93142.60009765625,0.0,0.0,0.0,False,margin,0.0,0.0,0.0,0,0,,,"[{'asset': {'symbol': 'SPY', 'type': 'stock'}, 'quantity': 10.0}]",0.0,0.0,0.0,0.0,0.0,0.0,0.0,100153.20007324216
2026-04-17 16:00:00-04:00,100153.20007324219,93142.60009765625,0.0,0.0,0.0,False,margin,0.0,0.0,0.0,0,0,,,"[{'asset': {'symbol': 'SPY', 'type': 'stock'}, 'quantity': 10.0}]",0.0,0.0,0.0,0.0,0.0,0.0,0.0,100153.20007324216
2026-04-20 08:30:00-04:00,100204.00024414062,93142.60009765625,0.0,0.0,0.0,False,margin,0.0,0.0,0.0,0,0,,,"[{'asset': {'symbol': 'SPY', 'type': 'stock'}, 'quantity': 10.0}]",0.0,0.0,0.0,0.0,0.0,0.0,0.0005072246404636822,100204.00024414058
2026-04-20 09:30:00-04:00,100204.00024414062,93142.60009765625,0.0,0.0,0.0,False,margin,0.0,0.0,0.0,0,0,,,"[{'asset': {'symbol': 'SPY', 'type': 'stock'}, 'quantity': 10.0}]",0.0,0.0,0.0,0.0,0.0,0.0,0.0,100204.00024414058
2026-04-20 09:30:00-04:00,100204.00024414062,93142.60009765625,0.0,0.0,0.0,False,margin,0.0,0.0,0.0,0,0,,,"[{'asset': {'symbol': 'SPY', 'type': 'stock'}, 'quantity': 10.0}]",0.0,0.0,0.0,0.0,0.0,0.0,0.0,100204.00024414058
2026-04-20 16:00:00-04:00,100204.00024414062,93142.60009765625,0.0,0.0,0.0,False,margin,0.0,0.0,0.0,0,0,,,"[{'asset': {'symbol': 'SPY', 'type': 'stock'}, 'quantity': 10.0}]",0.0,0.0,0.0,0.0,0.0,0.0,0.0,100204.00024414058
2026-04-21 08:30:00-04:00,100230.400390625,93142.60009765625,0.0,0.0,0.0,False,margin,0.0,0.0,0.0,0,0,,,"[{'asset': {'symbol': 'SPY', 'type': 'stock'}, 'quantity': 10.0}]",0.0,0.0,0.0,0.0,0.0,0.0,0.0002634639976453309,100230.40039062496
2026-04-21 09:30:00-04:00,100230.400390625,93142.60009765625,0.0,0.0,0.0,False,margin,0.0,0.0,0.0,0,0,,,"[{'asset': {'symbol': 'SPY', 'type': 'stock'}, 'quantity': 10.0}]",0.0,0.0,0.0,0.0,0.0,0.0,0.0,100230.40039062496
2026-04-21 09:30:00-04:00,100230.400390625,93142.60009765625,0.0,0.0,0.0,False,margin,0.0,0.0,0.0,0,0,,,"[{'asset': {'symbol': 'SPY', 'type': 'stock'}, 'quantity': 10.0}]",0.0,0.0,0.0,0.0,0.0,0.0,0.0,100230.40039062496
2026-04-21 16:00:00-04:00,100230.400390625,93142.60009765625,0.0,0.0,0.0,False,margin,0.0,0.0,0.0,0,0,,,"[{'asset': {'symbol': 'SPY', 'type': 'stock'}, 'quantity': 10.0}]",0.0,0.0,0.0,0.0,0.0,0.0,0.0,100230.40039062496
2026-04-22 08:30:00-04:00,100245.400390625,93142.60009765625,0.0,0.0,0.0,False,margin,0.0,0.0,0.0,0,0,,,"[{'asset': {'symbol': 'SPY', 'type': 'stock'}, 'quantity': 10.0}]",0.0,0.0,0.0,0.0,0.0,0.0,0.0001496551938487818,100245.40039062496
2026-04-22 09:30:00-04:00,100245.400390625,93142.60009765625,0.0,0.0,0.0,False,margin,0.0,0.0,0.0,0,0,,,"[{'asset': {'symbol': 'SPY', 'type': 'stock'}, 'quantity': 10.0}]",0.0,0.0,0.0,0.0,0.0,0.0,0.0,100245.40039062496
2026-04-22 09:30:00-04:00,100245.400390625,93142.60009765625,0.0,0.0,0.0,False,margin,0.0,0.0,0.0,0,0,,,"[{'asset': {'symbol': 'SPY', 'type': 'stock'}, 'quantity': 10.0}]",0.0,0.0,0.0,0.0,0.0,0.0,0.0,100245.40039062496
2026-04-22 16:00:00-04:00,100245.400390625,93142.60009765625,0.0,0.0,0.0,False,margin,0.0,0.0,0.0,0,0,,,"[{'asset': {'symbol': 'SPY', 'type': 'stock'}, 'quantity': 10.0}]",0.0,0.0,0.0,0.0,0.0,0.0,0.0,100245.40039062496
2026-04-23 08:30:00-04:00,100234.10034179688,93142.60009765625,0.0,0.0,0.0,False,margin,0.0,0.0,0.0,0,0,,,"[{'asset': {'symbol': 'SPY', 'type': 'stock'}, 'quantity': 10.0}]",0.0,0.0,0.0,0.0,0.0,0.0,-0.00011272386347994263,100234.10034179683
2026-04-23 09:30:00-04:00,100234.10034179688,93142.60009765625,0.0,0.0,0.0,False,margin,0.0,0.0,0.0,0,0,,,"[{'asset': {'symbol': 'SPY', 'type': 'stock'}, 'quantity': 10.0}]",0.0,0.0,0.0,0.0,0.0,0.0,0.0,100234.10034179683
2026-04-23 09:30:00-04:00,100234.10034179688,93142.60009765625,0.0,0.0,0.0,False,margin,0.0,0.0,0.0,0,0,,,"[{'asset': {'symbol': 'SPY', 'type': 'stock'}, 'quantity': 10.0}]",0.0,0.0,0.0,0.0,0.0,0.0,0.0,100234.10034179683
2026-04-23 16:00:00-04:00,100234.10034179688,93142.60009765625,0.0,0.0,0.0,False,margin,0.0,0.0,0.0,0,0,,,"[{'asset': {'symbol': 'SPY', 'type': 'stock'}, 'quantity': 10.0}]",0.0,0.0,0.0,0.0,0.0,0.0,0.0,100234.10034179683
2026-04-24 08:30:00-04:00,100237.60009765625,93142.60009765625,0.0,0.0,0.0,False,margin,0.0,0.0,0.0,0,0,,,"[{'asset': {'symbol': 'SPY', 'type': 'stock'}, 'quantity': 10.0}]",0.0,0.0,0.0,0.0,0.0,0.0,3.491582053852812e-05,100237.6000976562
2026-04-24 09:30:00-04:00,100237.60009765625,93142.60009765625,0.0,0.0,0.0,False,margin,0.0,0.0,0.0,0,0,,,"[{'asset': {'symbol': 'SPY', 'type': 'stock'}, 'quantity': 10.0}]",0.0,0.0,0.0,0.0,0.0,0.0,0.0,100237.6000976562
2026-04-24 09:30:00-04:00,100237.60009765625,93142.60009765625,0.0,0.0,0.0,False,margin,0.0,0.0,0.0,0,0,,,"[{'asset': {'symbol': 'SPY', 'type': 'stock'}, 'quantity': 10.0}]",0.0,0.0,0.0,0.0,0.0,0.0,0.0,100237.6000976562
2026-04-24 16:00:00-04:00,100237.60009765625,93142.60009765625,0.0,0.0,0.0,False,margin,0.0,0.0,0.0,0,0,,,"[{'asset': {'symbol': 'SPY', 'type': 'stock'}, 'quantity': 10.0}]",0.0,0.0,0.0,0.0,0.0,0.0,0.0,100237.6000976562
2026-04-27 08:30:00-04:00,100250.10009765625,93142.60009765625,0.0,0.0,0.0,False,margin,0.0,0.0,0.0,0,0,,,"[{'asset': {'symbol': 'SPY', 'type': 'stock'}, 'quantity': 10.0}]",0.0,0.0,0.0,0.0,0.0,0.0,0.00012470370387780537,100250.10009765622
2026-04-27 09:30:00-04:00,100250.10009765625,93142.60009765625,0.0,0.0,0.0,False,margin,0.0,0.0,0.0,0,0,,,"[{'asset': {'symbol': 'SPY', 'type': 'stock'}, 'quantity': 10.0}]",0.0,0.0,0.0,0.0,0.0,0.0,0.0,100250.10009765622
2026-04-27 09:30:00-04:00,100250.10009765625,93142.60009765625,0.0,0.0,0.0,False,margin,0.0,0.0,0.0,0,0,,,"[{'asset': {'symbol': 'SPY', 'type': 'stock'}, 'quantity': 10.0}]",0.0,0.0,0.0,0.0,0.0,0.0,0.0,100250.10009765622
2026-04-27 16:00:00-04:00,100250.10009765625,93142.60009765625,0.0,0.0,0.0,False,margin,0.0,0.0,0.0,0,0,,,"[{'asset': {'symbol': 'SPY', 'type': 'stock'}, 'quantity': 10.0}]",0.0,0.0,0.0,0.0,0.0,0.0,0.0,100250.10009765622
2026-04-28 08:30:00-04:00,100274.29992675781,93142.60009765625,0.0,0.0,0.0,False,margin,0.0,0.0,0.0,0,0,,,"[{'asset': {'symbol': 'SPY', 'type': 'stock'}, 'quantity': 10.0}]",0.0,0.0,0.0,0.0,0.0,0.0,0.00024139456297788043,100274.29992675778
2026-04-28 09:30:00-04:00,100274.29992675781,93142.60009765625,0.0,0.0,0.0,False,margin,0.0,0.0,0.0,0,0,,,"[{'asset': {'symbol': 'SPY', 'type': 'stock'}, 'quantity': 10.0}]",0.0,0.0,0.0,0.0,0.0,0.0,0.0,100274.29992675778
2026-04-28 09:30:00-04:00,100274.29992675781,93142.60009765625,0.0,0.0,0.0,False,margin,0.0,0.0,0.0,0,0,,,"[{'asset': {'symbol': 'SPY', 'type': 'stock'}, 'quantity': 10.0}]",0.0,0.0,0.0,0.0,0.0,0.0,0.0,100274.29992675778
2026-04-28 16:00:00-04:00,100274.29992675781,93142.60009765625,0.0,0.0,0.0,False,margin,0.0,0.0,0.0,0,0,,,"[{'asset': {'symbol': 'SPY', 'type': 'stock'}, 'quantity': 10.0}]",0.0,0.0,0.0,0.0,0.0,0.0,0.0,100274.29992675778
2026-04-29 08:30:00-04:00,100260.80017089844,93142.60009765625,0.0,0.0,0.0,False,margin,0.0,0.0,0.0,0,0,,,"[{'asset': {'symbol': 'SPY', 'type': 'stock'}, 'quantity': 10.0}]",0.0,0.0,0.0,0.0,0.0,0.0,-0.00013462827333858695,100260.8001708984
2026-04-29 09:30:00-04:00,100260.80017089844,93142.60009765625,0.0,0.0,0.0,False,margin,0.0,0.0,0.0,0,0,,,"[{'asset': {'symbol': 'SPY', 'type': 'stock'}, 'quantity': 10.0}]",0.0,0.0,0.0,0.0,0.0,0.0,0.0,100260.8001708984
2026-04-29 09:30:00-04:00,100260.80017089844,93142.60009765625,0.0,0.0,0.0,False,margin,0.0,0.0,0.0,0,0,,,"[{'asset': {'symbol': 'SPY', 'type': 'stock'}, 'quantity': 10.0}]",0.0,0.0,0.0,0.0,0.0,0.0,0.0,100260.8001708984
2026-04-29 16:00:00-04:00,100260.80017089844,93142.60009765625,0.0,0.0,0.0,False,margin,0.0,0.0,0.0,0,0,,,"[{'asset': {'symbol': 'SPY', 'type': 'stock'}, 'quantity': 10.0}]",0.0,0.0,0.0,0.0,0.0,0.0,0.0,100260.8001708984
2026-04-30 08:30:00-04:00,100252.60009765625,93142.60009765625,0.0,0.0,0.0,False,margin,0.0,0.0,0.0,0,0,,,"[{'asset': {'symbol': 'SPY', 'type': 'stock'}, 'quantity': 10.0}]",0.0,0.0,0.0,0.0,0.0,0.0,-8.178743066293262e-05,100252.60009765622
2026-04-30 09:30:00-04:00,100252.60009765625,93142.60009765625,0.0,0.0,0.0,False,margin,0.0,0.0,0.0,0,0,,,"[{'asset': {'symbol': 'SPY', 'type': 'stock'}, 'quantity': 10.0}]",0.0,0.0,0.0,0.0,0.0,0.0,0.0,100252.60009765622
2026-04-30 09:30:00-04:00,100252.60009765625,93142.60009765625,0.0,0.0,0.0,False,margin,0.0,0.0,0.0,0,0,,,"[{'asset': {'symbol': 'SPY', 'type': 'stock'}, 'quantity': 10.0}]",0.0,0.0,0.0,0.0,0.0,0.0,0.0,100252.60009765622
2026-04-30 16:00:00-04:00,100252.60009765625,93142.60009765625,0.0,0.0,0.0,False,margin,0.0,0.0,0.0,0,0,,,"[{'asset': {'symbol': 'SPY', 'type': 'stock'}, 'quantity': 10.0}]",0.0,0.0,0.0,0.0,0.0,0.0,0.0,100252.60009765622
2026-05-01 08:30:00-04:00,100288.90014648438,93142.60009765625,0.0,0.0,0.0,False,margin,0.0,0.0,0.0,0,0,,,"[{'asset': {'symbol': 'SPY', 'type': 'stock'}, 'quantity': 10.0}]",0.0,0.0,0.0,0.0,0.0,0.0,0.00036208585904769604,100288.90014648433
2026-05-01 09:30:00-04:00,100288.90014648438,93142.60009765625,0.0,0.0,0.0,False,margin,0.0,0.0,0.0,0,0,,,"[{'asset': {'symbol': 'SPY', 'type': 'stock'}, 'quantity': 10.0}]",0.0,0.0,0.0,0.0,0.0,0.0,0.0,100288.90014648433
2026-05-01 09:30:00-04:00,100288.90014648438,93142.60009765625,0.0,0.0,0.0,False,margin,0.0,0.0,0.0,0,0,,,"[{'asset': {'symbol': 'SPY', 'type': 'stock'}, 'quantity': 10.0}]",0.0,0.0,0.0,0.0,0.0,0.0,0.0,100288.90014648433
2026-05-01 16:00:00-04:00,100288.90014648438,93142.60009765625,0.0,0.0,0.0,False,margin,0.0,0.0,0.0,0,0,,,"[{'asset': {'symbol': 'SPY', 'type': 'stock'}, 'quantity': 10.0}]",0.0,0.0,0.0,0.0,0.0,0.0,0.0,100288.90014648433
2026-05-04 08:30:00-04:00,100355.10009765625,93142.60009765625,0.0,0.0,0.0,False,margin,0.0,0.0,0.0,0,0,,,"[{'asset': {'symbol': 'SPY', 'type': 'stock'}, 'quantity': 10.0}]",0.0,0.0,0.0,0.0,0.0,0.0,0.0006600925035091796,100355.1000976562
2026-05-04 09:30:00-04:00,100355.10009765625,93142.60009765625,0.0,0.0,0.0,False,margin,0.0,0.0,0.0,0,0,,,"[{'asset': {'symbol': 'SPY', 'type': 'stock'}, 'quantity': 10.0}]",0.0,0.0,0.0,0.0,0.0,0.0,0.0,100355.1000976562
2026-05-04 09:30:00-04:00,100355.10009765625,93142.60009765625,0.0,0.0,0.0,False,margin,0.0,0.0,0.0,0,0,,,"[{'asset': {'symbol': 'SPY', 'type': 'stock'}, 'quantity': 10.0}]",0.0,0.0,0.0,0.0,0.0,0.0,0.0,100355.1000976562
2026-05-04 16:00:00-04:00,100355.10009765625,93142.60009765625,0.0,0.0,0.0,False,margin,0.0,0.0,0.0,0,0,,,"[{'asset': {'symbol': 'SPY', 'type': 'stock'}, 'quantity': 10.0}]",0.0,0.0,0.0,0.0,0.0,0.0,0.0,100355.1000976562
2026-05-05 08:30:00-04:00,100343.30017089844,93142.60009765625,0.0,0.0,0.0,False,margin,0.0,0.0,0.0,0,0,,,"[{'asset': {'symbol': 'SPY', 'type': 'stock'}, 'quantity': 10.0}]",0.0,0.0,0.0,0.0,0.0,0.0,-0.00011758173472329666,100343.30017089838
2026-05-05 09:30:00-04:00,100343.30017089844,93142.60009765625,0.0,0.0,0.0,False,margin,0.0,0.0,0.0,0,0,,,"[{'asset': {'symbol': 'SPY', 'type': 'stock'}, 'quantity': 10.0}]",0.0,0.0,0.0,0.0,0.0,0.0,0.0,100343.30017089838
2026-05-05 09:30:00-04:00,100343.30017089844,93142.60009765625,0.0,0.0,0.0,False,margin,0.0,0.0,0.0,0,0,,,"[{'asset': {'symbol': 'SPY', 'type': 'stock'}, 'quantity': 10.0}]",0.0,0.0,0.0,0.0,0.0,0.0,0.0,100343.30017089838
2026-05-05 16:00:00-04:00,100343.30017089844,93142.60009765625,0.0,0.0,0.0,False,margin,0.0,0.0,0.0,0,0,,,"[{'asset': {'symbol': 'SPY', 'type': 'stock'}, 'quantity': 10.0}]",0.0,0.0,0.0,0.0,0.0,0.0,0.0,100343.30017089838
2026-05-06 08:30:00-04:00,100360.30029296875,93142.60009765625,0.0,0.0,0.0,False,margin,0.0,0.0,0.0,0,0,,,"[{'asset': {'symbol': 'SPY', 'type': 'stock'}, 'quantity': 10.0}]",0.0,0.0,0.0,0.0,0.0,0.0,0.00016941960291677626,100360.30029296869
2026-05-06 09:30:00-04:00,100360.30029296875,93142.60009765625,0.0,0.0,0.0,False,margin,0.0,0.0,0.0,0,0,,,"[{'asset': {'symbol': 'SPY', 'type': 'stock'}, 'quantity': 10.0}]",0.0,0.0,0.0,0.0,0.0,0.0,0.0,100360.30029296869
2026-05-06 09:30:00-04:00,100360.30029296875,93142.60009765625,0.0,0.0,0.0,False,margin,0.0,0.0,0.0,0,0,,,"[{'asset': {'symbol': 'SPY', 'type': 'stock'}, 'quantity': 10.0}]",0.0,0.0,0.0,0.0,0.0,0.0,0.0,100360.30029296869
2026-05-06 16:00:00-04:00,100360.30029296875,93142.60009765625,0.0,0.0,0.0,False,margin,0.0,0.0,0.0,0,0,,,"[{'asset': {'symbol': 'SPY', 'type': 'stock'}, 'quantity': 10.0}]",0.0,0.0,0.0,0.0,0.0,0.0,0.0,100360.30029296869
2026-05-07 08:30:00-04:00,100424.19982910156,93142.60009765625,0.0,0.0,0.0,False,margin,0.0,0.0,0.0,0,0,,,"[{'asset': {'symbol': 'SPY', 'type': 'stock'}, 'quantity': 10.0}]",0.0,0.0,0.0,0.0,0.0,0.0,0.0006367013245902902,100424.19982910152
2026-05-07 09:30:00-04:00,100424.19982910156,93142.60009765625,0.0,0.0,0.0,False,margin,0.0,0.0,0.0,0,0,,,"[{'asset': {'symbol': 'SPY', 'type': 'stock'}, 'quantity': 10.0}]",0.0,0.0,0.0,0.0,0.0,0.0,0.0,100424.19982910152
2026-05-07 09:30:00-04:00,100424.19982910156,93142.60009765625,0.0,0.0,0.0,False,margin,0.0,0.0,0.0,0,0,,,"[{'asset': {'symbol': 'SPY', 'type': 'stock'}, 'quantity': 10.0}]",0.0,0.0,0.0,0.0,0.0,0.0,0.0,100424.19982910152
2026-05-07 16:00:00-04:00,100424.19982910156,93142.60009765625,0.0,0.0,0.0,False,margin,0.0,0.0,0.0,0,0,,,"[{'asset': {'symbol': 'SPY', 'type': 'stock'}, 'quantity': 10.0}]",0.0,0.0,0.0,0.0,0.0,0.0,0.0,100424.19982910152
2026-05-08 08:30:00-04:00,100493.09997558594,93142.60009765625,0.0,0.0,0.0,False,margin,0.0,0.0,0.0,0,0,,,"[{'asset': {'symbol': 'SPY', 'type': 'stock'}, 'quantity': 10.0}]",0.0,0.0,0.0,0.0,0.0,0.0,0.0006860910677070556,100493.0999755859
2026-05-08 09:30:00-04:00,100493.09997558594,93142.60009765625,0.0,0.0,0.0,False,margin,0.0,0.0,0.0,0,0,,,"[{'asset': {'symbol': 'SPY', 'type': 'stock'}, 'quantity': 10.0}]",0.0,0.0,0.0,0.0,0.0,0.0,0.0,100493.0999755859
2026-05-08 09:30:00-04:00,100493.09997558594,93142.60009765625,0.0,0.0,0.0,False,margin,0.0,0.0,0.0,0,0,,,"[{'asset': {'symbol': 'SPY', 'type': 'stock'}, 'quantity': 10.0}]",0.0,0.0,0.0,0.0,0.0,0.0,0.0,100493.0999755859
2026-05-08 16:00:00-04:00,100493.09997558594,93142.60009765625,0.0,0.0,0.0,False,margin,0.0,0.0,0.0,0,0,,,"[{'asset': {'symbol': 'SPY', 'type': 'stock'}, 'quantity': 10.0}]",0.0,0.0,0.0,0.0,0.0,0.0,0.0,100493.0999755859
2026-05-11 08:30:00-04:00,100491.90002441406,93142.60009765625,0.0,0.0,0.0,False,margin,0.0,0.0,0.0,0,0,,,"[{'asset': {'symbol': 'SPY', 'type': 'stock'}, 'quantity': 10.0}]",0.0,0.0,0.0,0.0,0.0,0.0,-1.1940632462990189e-05,100491.90002441402
2026-05-11 09:30:00-04:00,100491.90002441406,93142.60009765625,0.0,0.0,0.0,False,margin,0.0,0.0,0.0,0,0,,,"[{'asset': {'symbol': 'SPY', 'type': 'stock'}, 'quantity': 10.0}]",0.0,0.0,0.0,0.0,0.0,0.0,0.0,100491.90002441402
2026-05-11 09:30:00-04:00,100491.90002441406,93142.60009765625,0.0,0.0,0.0,False,margin,0.0,0.0,0.0,0,0,,,"[{'asset': {'symbol': 'SPY', 'type': 'stock'}, 'quantity': 10.0}]",0.0,0.0,0.0,0.0,0.0,0.0,0.0,100491.90002441402
2026-05-11 16:00:00-04:00,100491.90002441406,93142.60009765625,0.0,0.0,0.0,False,margin,0.0,0.0,0.0,0,0,,,"[{'asset': {'symbol': 'SPY', 'type': 'stock'}, 'quantity': 10.0}]",0.0,0.0,0.0,0.0,0.0,0.0,0.0,100491.90002441402
2026-05-12 08:30:00-04:00,100507.10021972656,93142.60009765625,0.0,0.0,0.0,False,margin,0.0,0.0,0.0,0,0,,,"[{'asset': {'symbol': 'SPY', 'type': 'stock'}, 'quantity': 10.0}]",0.0,0.0,0.0,0.0,0.0,0.0,0.00015125791540220835,100507.1002197265
2026-05-12 09:30:00-04:00,100507.10021972656,93142.60009765625,0.0,0.0,0.0,False,margin,0.0,0.0,0.0,0,0,,,"[{'asset': {'symbol': 'SPY', 'type': 'stock'}, 'quantity': 10.0}]",0.0,0.0,0.0,0.0,0.0,0.0,0.0,100507.1002197265
2026-05-12 09:30:00-04:00,100507.10021972656,93142.60009765625,0.0,0.0,0.0,False,margin,0.0,0.0,0.0,0,0,,,"[{'asset': {'symbol': 'SPY', 'type': 'stock'}, 'quantity': 10.0}]",0.0,0.0,0.0,0.0,0.0,0.0,0.0,100507.1002197265
2026-05-12 16:00:00-04:00,100507.10021972656,93142.60009765625,0.0,0.0,0.0,False,margin,0.0,0.0,0.0,0,0,,,"[{'asset': {'symbol': 'SPY', 'type': 'stock'}, 'quantity': 10.0}]",0.0,0.0,0.0,0.0,0.0,0.0,0.0,100507.1002197265
2026-05-13 08:30:00-04:00,100511.50024414062,93142.60009765625,0.0,0.0,0.0,False,margin,0.0,0.0,0.0,0,0,,,"[{'asset': {'symbol': 'SPY', 'type': 'stock'}, 'quantity': 10.0}]",0.0,0.0,0.0,0.0,0.0,0.0,4.377824456623718e-05,100511.50024414055
2026-05-13 09:30:00-04:00,100511.50024414062,93142.60009765625,0.0,0.0,0.0,False,margin,0.0,0.0,0.0,0,0,,,"[{'asset': {'symbol': 'SPY', 'type': 'stock'}, 'quantity': 10.0}]",0.0,0.0,0.0,0.0,0.0,0.0,0.0,100511.50024414055
2026-05-13 09:30:00-04:00,100511.50024414062,93142.60009765625,0.0,0.0,0.0,False,margin,0.0,0.0,0.0,0,0,,,"[{'asset': {'symbol': 'SPY', 'type': 'stock'}, 'quantity': 10.0}]",0.0,0.0,0.0,0.0,0.0,0.0,0.0,100511.50024414055
2026-05-13 16:00:00-04:00,100511.50024414062,93142.60009765625,0.0,0.0,0.0,False,margin,0.0,0.0,0.0,0,0,,,"[{'asset': {'symbol': 'SPY', 'type': 'stock'}, 'quantity': 10.0}]",0.0,0.0,0.0,0.0,0.0,0.0,0.0,100511.50024414055
2026-05-14 08:30:00-04:00,100527.2998046875,93142.60009765625,0.0,0.0,0.0,False,margin,0.0,0.0,0.0,0,0,,,"[{'asset': {'symbol': 'SPY', 'type': 'stock'}, 'quantity': 10.0}]",0.0,0.0,0.0,0.0,0.0,0.0,0.00015719157020339117,100527.29980468743
2026-05-14 09:30:00-04:00,100527.2998046875,93142.60009765625,0.0,0.0,0.0,False,margin,0.0,0.0,0.0,0,0,,,"[{'asset': {'symbol': 'SPY', 'type': 'stock'}, 'quantity': 10.0}]",0.0,0.0,0.0,0.0,0.0,0.0,0.0,100527.29980468743
2026-05-14 09:30:00-04:00,100527.2998046875,93142.60009765625,0.0,0.0,0.0,False,margin,0.0,0.0,0.0,0,0,,,"[{'asset': {'symbol': 'SPY', 'type': 'stock'}, 'quantity': 10.0}]",0.0,0.0,0.0,0.0,0.0,0.0,0.0,100527.29980468743
2026-05-14 16:00:00-04:00,100527.2998046875,93142.60009765625,0.0,0.0,0.0,False,margin,0.0,0.0,0.0,0,0,,,"[{'asset': {'symbol': 'SPY', 'type': 'stock'}, 'quantity': 10.0}]",0.0,0.0,0.0,0.0,0.0,0.0,0.0,100527.29980468743
2026-05-15 08:30:00-04:00,100579.10034179688,93142.60009765625,0.0,0.0,0.0,False,margin,0.0,0.0,0.0,0,0,,,"[{'asset': {'symbol': 'SPY', 'type': 'stock'}, 'quantity': 10.0}]",0.0,0.0,0.0,0.0,0.0,0.0,0.0005152882571203767,100579.1003417968
2026-05-15 09:30:00-04:00,100579.10034179688,93142.60009765625,0.0,0.0,0.0,False,margin,0.0,0.0,0.0,0,0,,,"[{'asset': {'symbol': 'SPY', 'type': 'stock'}, 'quantity': 10.0}]",0.0,0.0,0.0,0.0,0.0,0.0,0.0,100579.1003417968
2026-05-15 09:30:00-04:00,100579.10034179688,93142.60009765625,0.0,0.0,0.0,False,margin,0.0,0.0,0.0,0,0,,,"[{'asset': {'symbol': 'SPY', 'type': 'stock'}, 'quantity': 10.0}]",0.0,0.0,0.0,0.0,0.0,0.0,0.0,100579.1003417968
2026-05-15 16:00:00-04:00,100579.10034179688,93142.60009765625,0.0,0.0,0.0,False,margin,0.0,0.0,0.0,0,0,,,"[{'asset': {'symbol': 'SPY', 'type': 'stock'}, 'quantity': 10.0}]",0.0,0.0,0.0,0.0,0.0,0.0,0.0,100579.1003417968
2026-05-18 08:30:00-04:00,100560.49987792969,93142.60009765625,0.0,0.0,0.0,False,margin,0.0,0.0,0.0,0,0,,,"[{'asset': {'symbol': 'SPY', 'type': 'stock'}, 'quantity': 10.0}]",0.0,0.0,0.0,0.0,0.0,0.0,-0.0001849336870580244,100560.49987792961
2026-05-18 09:30:00-04:00,100560.49987792969,93142.60009765625,0.0,0.0,0.0,False,margin,0.0,0.0,0.0,0,0,,,"[{'asset': {'symbol': 'SPY', 'type': 'stock'}, 'quantity': 10.0}]",0.0,0.0,0.0,0.0,0.0,0.0,0.0,100560.49987792961
2026-05-18 09:30:00-04:00,100560.49987792969,93142.60009765625,0.0,0.0,0.0,False,margin,0.0,0.0,0.0,0,0,,,"[{'asset': {'symbol': 'SPY', 'type': 'stock'}, 'quantity': 10.0}]",0.0,0.0,0.0,0.0,0.0,0.0,0.0,100560.49987792961
2026-05-18 16:00:00-04:00,100560.49987792969,93142.60009765625,0.0,0.0,0.0,False,margin,0.0,0.0,0.0,0,0,,,"[{'asset': {'symbol': 'SPY', 'type': 'stock'}, 'quantity': 10.0}]",0.0,0.0,0.0,0.0,0.0,0.0,0.0,100560.49987792961
2026-05-19 08:30:00-04:00,100540.90026855469,93142.60009765625,0.0,0.0,0.0,False,margin,0.0,0.0,0.0,0,0,,,"[{'asset': {'symbol': 'SPY', 'type': 'stock'}, 'quantity': 10.0}]",0.0,0.0,0.0,0.0,0.0,0.0,-0.0001949036589793403,100540.9002685546
2026-05-19 09:30:00-04:00,100540.90026855469,93142.60009765625,0.0,0.0,0.0,False,margin,0.0,0.0,0.0,0,0,,,"[{'asset': {'symbol': 'SPY', 'type': 'stock'}, 'quantity': 10.0}]",0.0,0.0,0.0,0.0,0.0,0.0,0.0,100540.9002685546
2026-05-19 09:30:00-04:00,100540.90026855469,93142.60009765625,0.0,0.0,0.0,False,margin,0.0,0.0,0.0,0,0,,,"[{'asset': {'symbol': 'SPY', 'type': 'stock'}, 'quantity': 10.0}]",0.0,0.0,0.0,0.0,0.0,0.0,0.0,100540.9002685546
2026-05-19 16:00:00-04:00,100540.90026855469,93142.60009765625,0.0,0.0,0.0,False,margin,0.0,0.0,0.0,0,0,,,"[{'asset': {'symbol': 'SPY', 'type': 'stock'}, 'quantity': 10.0}]",0.0,0.0,0.0,0.0,0.0,0.0,0.0,100540.9002685546
2026-05-20 08:30:00-04:00,100490.400390625,93142.60009765625,0.0,0.0,0.0,False,margin,0.0,0.0,0.0,0,0,,,"[{'asset': {'symbol': 'SPY', 'type': 'stock'}, 'quantity': 10.0}]",0.0,0.0,0.0,0.0,0.0,0.0,-0.0005022819349617652,100490.40039062491
2026-05-20 09:30:00-04:00,100490.400390625,93142.60009765625,0.0,0.0,0.0,False,margin,0.0,0.0,0.0,0,0,,,"[{'asset': {'symbol': 'SPY', 'type': 'stock'}, 'quantity': 10.0}]",0.0,0.0,0.0,0.0,0.0,0.0,0.0,100490.40039062491
2026-05-20 09:30:00-04:00,100490.400390625,93142.60009765625,0.0,0.0,0.0,False,margin,0.0,0.0,0.0,0,0,,,"[{'asset': {'symbol': 'SPY', 'type': 'stock'}, 'quantity': 10.0}]",0.0,0.0,0.0,0.0,0.0,0.0,0.0,100490.40039062491
2026-05-20 16:00:00-04:00,100490.400390625,93142.60009765625,0.0,0.0,0.0,False,margin,0.0,0.0,0.0,0,0,,,"[{'asset': {'symbol': 'SPY', 'type': 'stock'}, 'quantity': 10.0}]",0.0,0.0,0.0,0.0,0.0,0.0,0.0,100490.40039062491
2026-05-21 08:30:00-04:00,100499.70031738281,93142.60009765625,0.0,0.0,0.0,False,margin,0.0,0.0,0.0,0,0,,,"[{'asset': {'symbol': 'SPY', 'type': 'stock'}, 'quantity': 10.0}]",0.0,0.0,0.0,0.0,0.0,0.0,9.254542445509167e-05,100499.70031738274
2026-05-21 09:30:00-04:00,100499.70031738281,93142.60009765625,0.0,0.0,0.0,False,margin,0.0,0.0,0.0,0,0,,,"[{'asset': {'symbol': 'SPY', 'type': 'stock'}, 'quantity': 10.0}]",0.0,0.0,0.0,0.0,0.0,0.0,0.0,100499.70031738274
2026-05-21 09:30:00-04:00,100499.70031738281,93142.60009765625,0.0,0.0,0.0,False,margin,0.0,0.0,0.0,0,0,,,"[{'asset': {'symbol': 'SPY', 'type': 'stock'}, 'quantity': 10.0}]",0.0,0.0,0.0,0.0,0.0,0.0,0.0,100499.70031738274
2026-05-21 16:00:00-04:00,100499.70031738281,93142.60009765625,0.0,0.0,0.0,False,margin,0.0,0.0,0.0,0,0,,,"[{'asset': {'symbol': 'SPY', 'type': 'stock'}, 'quantity': 10.0}]",0.0,0.0,0.0,0.0,0.0,0.0,0.0,100499.70031738274
2026-05-22 08:30:00-04:00,100529.00024414062,93142.60009765625,0.0,0.0,0.0,False,margin,0.0,0.0,0.0,0,0,,,"[{'asset': {'symbol': 'SPY', 'type': 'stock'}, 'quantity': 10.0}]",0.0,0.0,0.0,0.0,0.0,0.0,0.0002915424291344347,100529.00024414055
2026-05-22 09:30:00-04:00,100529.00024414062,93142.60009765625,0.0,0.0,0.0,False,margin,0.0,0.0,0.0,0,0,,,"[{'asset': {'symbol': 'SPY', 'type': 'stock'}, 'quantity': 10.0}]",0.0,0.0,0.0,0.0,0.0,0.0,0.0,100529.00024414055
2026-05-22 09:30:00-04:00,100529.00024414062,93142.60009765625,0.0,0.0,0.0,False,margin,0.0,0.0,0.0,0,0,,,"[{'asset': {'symbol': 'SPY', 'type': 'stock'}, 'quantity': 10.0}]",0.0,0.0,0.0,0.0,0.0,0.0,0.0,100529.00024414055
2026-05-22 16:00:00-04:00,100529.00024414062,93142.60009765625,0.0,0.0,0.0,False,margin,0.0,0.0,0.0,0,0,,,"[{'asset': {'symbol': 'SPY', 'type': 'stock'}, 'quantity': 10.0}]",0.0,0.0,0.0,0.0,0.0,0.0,0.0,100529.00024414055
2026-05-26 08:30:00-04:00,100605.0,93142.60009765625,0.0,0.0,0.0,False,margin,0.0,0.0,0.0,0,0,,,"[{'asset': {'symbol': 'SPY', 'type': 'stock'}, 'quantity': 10.0}]",0.0,0.0,0.0,0.0,0.0,0.0,0.0007559983256055973,100604.99999999993
2026-05-26 09:30:00-04:00,100605.0,93142.60009765625,0.0,0.0,0.0,False,margin,0.0,0.0,0.0,0,0,,,"[{'asset': {'symbol': 'SPY', 'type': 'stock'}, 'quantity': 10.0}]",0.0,0.0,0.0,0.0,0.0,0.0,0.0,100604.99999999993
2026-05-26 09:30:00-04:00,100605.0,93142.60009765625,0.0,0.0,0.0,False,margin,0.0,0.0,0.0,0,0,,,"[{'asset': {'symbol': 'SPY', 'type': 'stock'}, 'quantity': 10.0}]",0.0,0.0,0.0,0.0,0.0,0.0,0.0,100604.99999999993
2026-05-26 16:00:00-04:00,100605.0,93142.60009765625,0.0,0.0,0.0,False,margin,0.0,0.0,0.0,0,0,,,"[{'asset': {'symbol': 'SPY', 'type': 'stock'}, 'quantity': 10.0}]",0.0,0.0,0.0,0.0,0.0,0.0,0.0,100604.99999999993
2026-05-27 08:30:00-04:00,100642.7001953125,93142.60009765625,0.0,0.0,0.0,False,margin,0.0,0.0,0.0,0,0,,,"[{'asset': {'symbol': 'SPY', 'type': 'stock'}, 'quantity': 10.0}]",0.0,0.0,0.0,0.0,0.0,0.0,0.0003747348075393867,100642.70019531243
2026-05-27 09:30:00-04:00,100642.7001953125,93142.60009765625,0.0,0.0,0.0,False,margin,0.0,0.0,0.0,0,0,,,"[{'asset': {'symbol': 'SPY', 'type': 'stock'}, 'quantity': 10.0}]",0.0,0.0,0.0,0.0,0.0,0.0,0.0,100642.70019531243
2026-05-27 09:30:00-04:00,100642.7001953125,93142.60009765625,0.0,0.0,0.0,False,margin,0.0,0.0,0.0,0,0,,,"[{'asset': {'symbol': 'SPY', 'type': 'stock'}, 'quantity': 10.0}]",0.0,0.0,0.0,0.0,0.0,0.0,0.0,100642.70019531243
2026-05-27 16:00:00-04:00,100642.7001953125,93142.60009765625,0.0,0.0,0.0,False,margin,0.0,0.0,0.0,0,0,,,"[{'asset': {'symbol': 'SPY', 'type': 'stock'}, 'quantity': 10.0}]",0.0,0.0,0.0,0.0,0.0,0.0,0.0,100642.70019531243
2026-05-28 08:30:00-04:00,100651.40014648438,93142.60009765625,0.0,0.0,0.0,False,margin,0.0,0.0,0.0,0,0,,,"[{'asset': {'symbol': 'SPY', 'type': 'stock'}, 'quantity': 10.0}]",0.0,0.0,0.0,0.0,0.0,0.0,8.644393637085868e-05,100651.4001464843
2026-05-28 09:30:00-04:00,100651.40014648438,93142.60009765625,0.0,0.0,0.0,False,margin,0.0,0.0,0.0,0,0,,,"[{'asset': {'symbol': 'SPY', 'type': 'stock'}, 'quantity': 10.0}]",0.0,0.0,0.0,0.0,0.0,0.0,0.0,100651.4001464843
2026-05-28 09:30:00-04:00,100651.40014648438,93142.60009765625,0.0,0.0,0.0,False,margin,0.0,0.0,0.0,0,0,,,"[{'asset': {'symbol': 'SPY', 'type': 'stock'}, 'quantity': 10.0}]",0.0,0.0,0.0,0.0,0.0,0.0,0.0,100651.4001464843
2026-05-28 16:00:00-04:00,100651.40014648438,93142.60009765625,0.0,0.0,0.0,False,margin,0.0,0.0,0.0,0,0,,,"[{'asset': {'symbol': 'SPY', 'type': 'stock'}, 'quantity': 10.0}]",0.0,0.0,0.0,0.0,0.0,0.0,0.0,100651.4001464843
2026-05-29 08:30:00-04:00,100645.10009765625,93142.60009765625,0.0,0.0,0.0,False,margin,0.0,0.0,0.0,0,0,,,"[{'asset': {'symbol': 'SPY', 'type': 'stock'}, 'quantity': 10.0}]",0.0,0.0,0.0,0.0,0.0,0.0,-6.259275895771086e-05,100645.10009765618
2026-05-29 09:30:00-04:00,100645.10009765625,93142.60009765625,0.0,0.0,0.0,False,margin,0.0,0.0,0.0,0,0,,,"[{'asset': {'symbol': 'SPY', 'type': 'stock'}, 'quantity': 10.0}]",0.0,0.0,0.0,0.0,0.0,0.0,0.0,100645.10009765618
2026-05-29 09:30:00-04:00,100645.10009765625,93142.60009765625,0.0,0.0,0.0,False,margin,0.0,0.0,0.0,0,0,,,"[{'asset': {'symbol': 'SPY', 'type': 'stock'}, 'quantity': 10.0}]",0.0,0.0,0.0,0.0,0.0,0.0,0.0,100645.10009765618
2026-05-29 16:00:00-04:00,100645.10009765625,93142.60009765625,0.0,0.0,0.0,False,margin,0.0,0.0,0.0,0,0,,,"[{'asset': {'symbol': 'SPY', 'type': 'stock'}, 'quantity': 10.0}]",0.0,0.0,0.0,0.0,0.0,0.0,0.0,100645.10009765618
2026-06-01 08:30:00-04:00,100701.60034179688,93142.60009765625,0.0,0.0,0.0,False,margin,0.0,0.0,0.0,0,0,,,"[{'asset': {'symbol': 'SPY', 'type': 'stock'}, 'quantity': 10.0}]",0.0,0.0,0.0,0.0,0.0,0.0,0.0005613809722063234,100701.60034179679
2026-06-01 09:30:00-04:00,100701.60034179688,93142.60009765625,0.0,0.0,0.0,False,margin,0.0,0.0,0.0,0,0,,,"[{'asset': {'symbol': 'SPY', 'type': 'stock'}, 'quantity': 10.0}]",0.0,0.0,0.0,0.0,0.0,0.0,0.0,100701.60034179679
2026-06-01 09:30:00-04:00,100701.60034179688,93142.60009765625,0.0,0.0,0.0,False,margin,0.0,0.0,0.0,0,0,,,"[{'asset': {'symbol': 'SPY', 'type': 'stock'}, 'quantity': 10.0}]",0.0,0.0,0.0,0.0,0.0,0.0,0.0,100701.60034179679
2026-06-01 16:00:00-04:00,100701.60034179688,93142.60009765625,0.0,0.0,0.0,False,margin,0.0,0.0,0.0,0,0,,,"[{'asset': {'symbol': 'SPY', 'type': 'stock'}, 'quantity': 10.0}]",0.0,0.0,0.0,0.0,0.0,0.0,0.0,100701.60034179679
2026-06-02 08:30:00-04:00,100696.19995117188,93142.60009765625,0.0,0.0,0.0,False,margin,0.0,0.0,0.0,0,0,,,"[{'asset': {'symbol': 'SPY', 'type': 'stock'}, 'quantity': 10.0}]",0.0,0.0,0.0,0.0,0.0,0.0,-5.3627654443129355e-05,100696.19995117179
2026-06-02 09:30:00-04:00,100696.19995117188,93142.60009765625,0.0,0.0,0.0,False,margin,0.0,0.0,0.0,0,0,,,"[{'asset': {'symbol': 'SPY', 'type': 'stock'}, 'quantity': 10.0}]",0.0,0.0,0.0,0.0,0.0,0.0,0.0,100696.19995117179
2026-06-02 09:30:00-04:00,100696.19995117188,93142.60009765625,0.0,0.0,0.0,False,margin,0.0,0.0,0.0,0,0,,,"[{'asset': {'symbol': 'SPY', 'type': 'stock'}, 'quantity': 10.0}]",0.0,0.0,0.0,0.0,0.0,0.0,0.0,100696.19995117179
2026-06-02 16:00:00-04:00,100696.19995117188,93142.60009765625,0.0,0.0,0.0,False,margin,0.0,0.0,0.0,0,0,,,"[{'asset': {'symbol': 'SPY', 'type': 'stock'}, 'quantity': 10.0}]",0.0,0.0,0.0,0.0,0.0,0.0,0.0,100696.19995117179
2026-06-03 08:30:00-04:00,100712.900390625,93142.60009765625,0.0,0.0,0.0,False,margin,0.0,0.0,0.0,0,0,,,"[{'asset': {'symbol': 'SPY', 'type': 'stock'}, 'quantity': 10.0}]",0.0,0.0,0.0,0.0,0.0,0.0,0.00016584974866204615,100712.9003906249
2026-06-03 09:30:00-04:00,100712.900390625,93142.60009765625,0.0,0.0,0.0,False,margin,0.0,0.0,0.0,0,0,,,"[{'asset': {'symbol': 'SPY', 'type': 'stock'}, 'quantity': 10.0}]",0.0,0.0,0.0,0.0,0.0,0.0,0.0,100712.9003906249
2026-06-03 09:30:00-04:00,100712.900390625,93142.60009765625,0.0,0.0,0.0,False,margin,0.0,0.0,0.0,0,0,,,"[{'asset': {'symbol': 'SPY', 'type': 'stock'}, 'quantity': 10.0}]",0.0,0.0,0.0,0.0,0.0,0.0,0.0,100712.9003906249
2026-06-03 16:00:00-04:00,100712.900390625,93142.60009765625,0.0,0.0,0.0,False,margin,0.0,0.0,0.0,0,0,,,"[{'asset': {'symbol': 'SPY', 'type': 'stock'}, 'quantity': 10.0}]",0.0,0.0,0.0,0.0,0.0,0.0,0.0,100712.9003906249
2026-06-04 08:30:00-04:00,100724.10034179688,93142.60009765625,0.0,0.0,0.0,False,margin,0.0,0.0,0.0,0,0,,,"[{'asset': {'symbol': 'SPY', 'type': 'stock'}, 'quantity': 10.0}]",0.0,0.0,0.0,0.0,0.0,0.0,0.00011120671858753819,100724.10034179677
2026-06-04 09:30:00-04:00,100724.10034179688,93142.60009765625,0.0,0.0,0.0,False,margin,0.0,0.0,0.0,0,0,,,"[{'asset': {'symbol': 'SPY', 'type': 'stock'}, 'quantity': 10.0}]",0.0,0.0,0.0,0.0,0.0,0.0,0.0,100724.10034179677
2026-06-04 09:30:00-04:00,100724.10034179688,93142.60009765625,0.0,0.0,0.0,False,margin,0.0,0.0,0.0,0,0,,,"[{'asset': {'symbol': 'SPY', 'type': 'stock'}, 'quantity': 10.0}]",0.0,0.0,0.0,0.0,0.0,0.0,0.0,100724.10034179677
2026-06-04 16:00:00-04:00,100724.10034179688,93142.60009765625,0.0,0.0,0.0,False,margin,0.0,0.0,0.0,0,0,,,"[{'asset': {'symbol': 'SPY', 'type': 'stock'}, 'quantity': 10.0}]",0.0,0.0,0.0,0.0,0.0,0.0,0.0,100724.10034179677
2026-06-05 08:30:00-04:00,100663.59985351562,93142.60009765625,0.0,0.0,0.0,False,margin,0.0,0.0,0.0,0,0,,,"[{'asset': {'symbol': 'SPY', 'type': 'stock'}, 'quantity': 10.0}]",0.0,0.0,0.0,0.0,0.0,0.0,-0.0006006555340375125,100663.59985351552
2026-06-05 09:30:00-04:00,100663.59985351562,93142.60009765625,0.0,0.0,0.0,False,margin,0.0,0.0,0.0,0,0,,,"[{'asset': {'symbol': 'SPY', 'type': 'stock'}, 'quantity': 10.0}]",0.0,0.0,0.0,0.0,0.0,0.0,0.0,100663.59985351552
2026-06-05 09:30:00-04:00,100663.59985351562,93142.60009765625,0.0,0.0,0.0,False,margin,0.0,0.0,0.0,0,0,,,"[{'asset': {'symbol': 'SPY', 'type': 'stock'}, 'quantity': 10.0}]",0.0,0.0,0.0,0.0,0.0,0.0,0.0,100663.59985351552
2026-06-05 16:00:00-04:00,100663.59985351562,93142.60009765625,0.0,0.0,0.0,False,margin,0.0,0.0,0.0,0,0,,,"[{'asset': {'symbol': 'SPY', 'type': 'stock'}, 'quantity': 10.0}]",0.0,0.0,0.0,0.0,0.0,0.0,0.0,100663.59985351552
2026-06-08 08:30:00-04:00,100665.70007324219,93142.60009765625,0.0,0.0,0.0,False,margin,0.0,0.0,0.0,0,0,,,"[{'asset': {'symbol': 'SPY', 'type': 'stock'}, 'quantity': 10.0}]",0.0,0.0,0.0,0.0,0.0,0.0,2.0863745481174055e-05,100665.70007324209
2026-06-08 09:30:00-04:00,100665.70007324219,93142.60009765625,0.0,0.0,0.0,False,margin,0.0,0.0,0.0,0,0,,,"[{'asset': {'symbol': 'SPY', 'type': 'stock'}, 'quantity': 10.0}]",0.0,0.0,0.0,0.0,0.0,0.0,0.0,100665.70007324209
2026-06-08 09:30:00-04:00,100665.70007324219,93142.60009765625,0.0,0.0,0.0,False,margin,0.0,0.0,0.0,0,0,,,"[{'asset': {'symbol': 'SPY', 'type': 'stock'}, 'quantity': 10.0}]",0.0,0.0,0.0,0.0,0.0,0.0,0.0,100665.70007324209
2026-06-08 16:00:00-04:00,100665.70007324219,93142.60009765625,0.0,0.0,0.0,False,margin,0.0,0.0,0.0,0,0,,,"[{'asset': {'symbol': 'SPY', 'type': 'stock'}, 'quantity': 10.0}]",0.0,0.0,0.0,0.0,0.0,0.0,0.0,100665.70007324209
2026-06-09 08:30:00-04:00,100576.19995117188,93142.60009765625,0.0,0.0,0.0,False,margin,0.0,0.0,0.0,0,0,,,"[{'asset': {'symbol': 'SPY', 'type': 'stock'}, 'quantity': 10.0}]",0.0,0.0,0.0,0.0,0.0,0.0,-0.0008890825972023653,100576.19995117177
2026-06-09 09:30:00-04:00,100576.19995117188,93142.60009765625,0.0,0.0,0.0,False,margin,0.0,0.0,0.0,0,0,,,"[{'asset': {'symbol': 'SPY', 'type': 'stock'}, 'quantity': 10.0}]",0.0,0.0,0.0,0.0,0.0,0.0,0.0,100576.19995117177
2026-06-09 09:30:00-04:00,100576.19995117188,93142.60009765625,0.0,0.0,0.0,False,margin,0.0,0.0,0.0,0,0,,,"[{'asset': {'symbol': 'SPY', 'type': 'stock'}, 'quantity': 10.0}]",0.0,0.0,0.0,0.0,0.0,0.0,0.0,100576.19995117177
2026-06-09 16:00:00-04:00,100576.19995117188,93142.60009765625,0.0,0.0,0.0,False,margin,0.0,0.0,0.0,0,0,,,"[{'asset': {'symbol': 'SPY', 'type': 'stock'}, 'quantity': 10.0}]",0.0,0.0,0.0,0.0,0.0,0.0,0.0,100576.19995117177
2026-06-10 08:30:00-04:00,100578.90014648438,93142.60009765625,0.0,0.0,0.0,False,margin,0.0,0.0,0.0,0,0,,,"[{'asset': {'symbol': 'SPY', 'type': 'stock'}, 'quantity': 10.0}]",0.0,0.0,0.0,0.0,0.0,0.0,2.6847259230423313e-05,100578.90014648427
2026-06-10 09:30:00-04:00,100578.90014648438,93142.60009765625,0.0,0.0,0.0,False,margin,0.0,0.0,0.0,0,0,,,"[{'asset': {'symbol': 'SPY', 'type': 'stock'}, 'quantity': 10.0}]",0.0,0.0,0.0,0.0,0.0,0.0,0.0,100578.90014648427
2026-06-10 09:30:00-04:00,100578.90014648438,93142.60009765625,0.0,0.0,0.0,False,margin,0.0,0.0,0.0,0,0,,,"[{'asset': {'symbol': 'SPY', 'type': 'stock'}, 'quantity': 10.0}]",0.0,0.0,0.0,0.0,0.0,0.0,0.0,100578.90014648427
2026-06-10 16:00:00-04:00,100578.90014648438,93142.60009765625,0.0,0.0,0.0,False,margin,0.0,0.0,0.0,0,0,,,"[{'asset': {'symbol': 'SPY', 'type': 'stock'}, 'quantity': 10.0}]",0.0,0.0,0.0,0.0,0.0,0.0,0.0,100578.90014648427
2026-06-11 08:30:00-04:00,100476.50024414062,93142.60009765625,0.0,0.0,0.0,False,margin,0.0,0.0,0.0,0,0,,,"[{'asset': {'symbol': 'SPY', 'type': 'stock'}, 'quantity': 10.0}]",0.0,0.0,0.0,0.0,0.0,0.0,-0.0010181052108803486,100476.50024414052
2026-06-11 09:30:00-04:00,100476.50024414062,93142.60009765625,0.0,0.0,0.0,False,margin,0.0,0.0,0.0,0,0,,,"[{'asset': {'symbol': 'SPY', 'type': 'stock'}, 'quantity': 10.0}]",0.0,0.0,0.0,0.0,0.0,0.0,0.0,100476.50024414052
2026-06-11 09:30:00-04:00,100476.50024414062,93142.60009765625,0.0,0.0,0.0,False,margin,0.0,0.0,0.0,0,0,,,"[{'asset': {'symbol': 'SPY', 'type': 'stock'}, 'quantity': 10.0}]",0.0,0.0,0.0,0.0,0.0,0.0,0.0,100476.50024414052
2026-06-11 16:00:00-04:00,100476.50024414062,93142.60009765625,0.0,0.0,0.0,False,margin,0.0,0.0,0.0,0,0,,,"[{'asset': {'symbol': 'SPY', 'type': 'stock'}, 'quantity': 10.0}]",0.0,0.0,0.0,0.0,0.0,0.0,0.0,100476.50024414052
2026-06-12 08:30:00-04:00,100430.2001953125,93142.60009765625,0.0,0.0,0.0,False,margin,0.0,0.0,0.0,0,0,,,"[{'asset': {'symbol': 'SPY', 'type': 'stock'}, 'quantity': 10.0}]",0.0,0.0,0.0,0.0,0.0,0.0,-0.0004608047525105257,100430.2001953124
2026-06-12 09:30:00-04:00,100430.2001953125,93142.60009765625,0.0,0.0,0.0,False,margin,0.0,0.0,0.0,0,0,,,"[{'asset': {'symbol': 'SPY', 'type': 'stock'}, 'quantity': 10.0}]",0.0,0.0,0.0,0.0,0.0,0.0,0.0,100430.2001953124
2026-06-12 09:30:00-04:00,100430.2001953125,93142.60009765625,0.0,0.0,0.0,False,margin,0.0,0.0,0.0,0,0,,,"[{'asset': {'symbol': 'SPY', 'type': 'stock'}, 'quantity': 10.0}]",0.0,0.0,0.0,0.0,0.0,0.0,0.0,100430.2001953124
2026-06-12 16:00:00-04:00,100430.2001953125,93142.60009765625,0.0,0.0,0.0,False,margin,0.0,0.0,0.0,0,0,,,"[{'asset': {'symbol': 'SPY', 'type': 'stock'}, 'quantity': 10.0}]",0.0,0.0,0.0,0.0,0.0,0.0,0.0,100430.2001953124
2026-06-15 08:30:00-04:00,100549.70031738281,93142.60009765625,0.0,0.0,0.0,False,margin,0.0,0.0,0.0,0,0,,,"[{'asset': {'symbol': 'SPY', 'type': 'stock'}, 'quantity': 10.0}]",0.0,0.0,0.0,0.0,0.0,0.0,0.0011898823445329553,100549.70031738271
2026-06-15 09:30:00-04:00,100549.70031738281,93142.60009765625,0.0,0.0,0.0,False,margin,0.0,0.0,0.0,0,0,,,"[{'asset': {'symbol': 'SPY', 'type': 'stock'}, 'quantity': 10.0}]",0.0,0.0,0.0,0.0,0.0,0.0,0.0,100549.70031738271
2026-06-15 09:30:00-04:00,100549.70031738281,93142.60009765625,0.0,0.0,0.0,False,margin,0.0,0.0,0.0,0,0,,,"[{'asset': {'symbol': 'SPY', 'type': 'stock'}, 'quantity': 10.0}]",0.0,0.0,0.0,0.0,0.0,0.0,0.0,100549.70031738271
2026-06-15 16:00:00-04:00,100549.70031738281,93142.60009765625,0.0,0.0,0.0,False,margin,0.0,0.0,0.0,0,0,,,"[{'asset': {'symbol': 'SPY', 'type': 'stock'}, 'quantity': 10.0}]",0.0,0.0,0.0,0.0,0.0,0.0,0.0,100549.70031738271
2026-06-16 08:30:00-04:00,100661.09985351562,93142.60009765625,0.0,0.0,0.0,False,margin,0.0,0.0,0.0,0,0,,,"[{'asset': {'symbol': 'SPY', 'type': 'stock'}, 'quantity': 10.0}]",0.0,0.0,0.0,0.0,0.0,0.0,0.0011079052029114203,100661.09985351552
2026-06-16 09:30:00-04:00,100661.09985351562,93142.60009765625,0.0,0.0,0.0,False,margin,0.0,0.0,0.0,0,0,,,"[{'asset': {'symbol': 'SPY', 'type': 'stock'}, 'quantity': 10.0}]",0.0,0.0,0.0,0.0,0.0,0.0,0.0,100661.09985351552
2026-06-16 09:30:00-04:00,100661.09985351562,93142.60009765625,0.0,0.0,0.0,False,margin,0.0,0.0,0.0,0,0,,,"[{'asset': {'symbol': 'SPY', 'type': 'stock'}, 'quantity': 10.0}]",0.0,0.0,0.0,0.0,0.0,0.0,0.0,100661.09985351552
2026-06-16 16:00:00-04:00,100661.09985351562,93142.60009765625,0.0,0.0,0.0,False,margin,0.0,0.0,0.0,0,0,,,"[{'asset': {'symbol': 'SPY', 'type': 'stock'}, 'quantity': 10.0}]",0.0,0.0,0.0,0.0,0.0,0.0,0.0,100661.09985351552
2026-06-17 08:30:00-04:00,100688.09997558594,93142.60009765625,0.0,0.0,0.0,False,margin,0.0,0.0,0.0,0,0,,,"[{'asset': {'symbol': 'SPY', 'type': 'stock'}, 'quantity': 10.0}]",0.0,0.0,0.0,0.0,0.0,0.0,0.0002682279660127269,100688.09997558584
2026-06-17 09:30:00-04:00,100688.09997558594,93142.60009765625,0.0,0.0,0.0,False,margin,0.0,0.0,0.0,0,0,,,"[{'asset': {'symbol': 'SPY', 'type': 'stock'}, 'quantity': 10.0}]",0.0,0.0,0.0,0.0,0.0,0.0,0.0,100688.09997558584
2026-06-17 09:30:00-04:00,100688.09997558594,93142.60009765625,0.0,0.0,0.0,False,margin,0.0,0.0,0.0,0,0,,,"[{'asset': {'symbol': 'SPY', 'type': 'stock'}, 'quantity': 10.0}]",0.0,0.0,0.0,0.0,0.0,0.0,0.0,100688.09997558584
2026-06-17 16:00:00-04:00,100688.09997558594,93142.60009765625,0.0,0.0,0.0,False,margin,0.0,0.0,0.0,0,0,,,"[{'asset': {'symbol': 'SPY', 'type': 'stock'}, 'quantity': 10.0}]",0.0,0.0,0.0,0.0,0.0,0.0,0.0,100688.09997558584
2026-06-18 08:30:00-04:00,100655.49987792969,93142.60009765625,0.0,0.0,0.0,False,margin,0.0,0.0,0.0,0,0,,,"[{'asset': {'symbol': 'SPY', 'type': 'stock'}, 'quantity': 10.0}]",0.0,0.0,0.0,0.0,0.0,0.0,-0.000323773093981857,100655.49987792957
2026-06-18 09:30:00-04:00,100655.49987792969,93142.60009765625,0.0,0.0,0.0,False,margin,0.0,0.0,0.0,0,0,,,"[{'asset': {'symbol': 'SPY', 'type': 'stock'}, 'quantity': 10.0}]",0.0,0.0,0.0,0.0,0.0,0.0,0.0,100655.49987792957
2026-06-18 09:30:00-04:00,100655.49987792969,93142.60009765625,0.0,0.0,0.0,False,margin,0.0,0.0,0.0,0,0,,,"[{'asset': {'symbol': 'SPY', 'type': 'stock'}, 'quantity': 10.0}]",0.0,0.0,0.0,0.0,0.0,0.0,0.0,100655.49987792957
2026-06-18 16:00:00-04:00,100655.49987792969,93142.60009765625,0.0,0.0,0.0,False,margin,0.0,0.0,0.0,0,0,,,"[{'asset': {'symbol': 'SPY', 'type': 'stock'}, 'quantity': 10.0}]",0.0,0.0,0.0,0.0,0.0,0.0,0.0,100655.49987792957
2026-06-22 08:30:00-04:00,100620.2001953125,93142.60009765625,0.0,0.0,0.0,False,margin,0.0,0.0,0.0,0,0,,,"[{'asset': {'symbol': 'SPY', 'type': 'stock'}, 'quantity': 10.0}]",0.0,0.0,0.0,0.0,0.0,0.0,-0.0003506980012020934,100620.20019531237
2026-06-22 09:30:00-04:00,100620.2001953125,93142.60009765625,0.0,0.0,0.0,False,margin,0.0,0.0,0.0,0,0,,,"[{'asset': {'symbol': 'SPY', 'type': 'stock'}, 'quantity': 10.0}]",0.0,0.0,0.0,0.0,0.0,0.0,0.0,100620.20019531237
2026-06-22 09:30:00-04:00,100620.2001953125,93142.60009765625,0.0,0.0,0.0,False,margin,0.0,0.0,0.0,0,0,,,"[{'asset': {'symbol': 'SPY', 'type': 'stock'}, 'quantity': 10.0}]",0.0,0.0,0.0,0.0,0.0,0.0,0.0,100620.20019531237
2026-06-22 16:00:00-04:00,100620.2001953125,93142.60009765625,0.0,0.0,0.0,False,margin,0.0,0.0,0.0,0,0,,,"[{'asset': {'symbol': 'SPY', 'type': 'stock'}, 'quantity': 10.0}]",0.0,0.0,0.0,0.0,0.0,0.0,0.0,100620.20019531237
2026-06-23 08:30:00-04:00,100619.60021972656,93142.60009765625,0.0,0.0,0.0,False,margin,0.0,0.0,0.0,0,0,,,"[{'asset': {'symbol': 'SPY', 'type': 'stock'}, 'quantity': 10.0}]",0.0,0.0,0.0,0.0,0.0,0.0,-5.9627747189222e-06,100619.60021972645
2026-06-23 09:30:00-04:00,100619.60021972656,93142.60009765625,0.0,0.0,0.0,False,margin,0.0,0.0,0.0,0,0,,,"[{'asset': {'symbol': 'SPY', 'type': 'stock'}, 'quantity': 10.0}]",0.0,0.0,0.0,0.0,0.0,0.0,0.0,100619.60021972645
2026-06-23 09:30:00-04:00,100619.60021972656,93142.60009765625,0.0,0.0,0.0,False,margin,0.0,0.0,0.0,0,0,,,"[{'asset': {'symbol': 'SPY', 'type': 'stock'}, 'quantity': 10.0}]",0.0,0.0,0.0,0.0,0.0,0.0,0.0,100619.60021972645
2026-06-23 16:00:00-04:00,100619.60021972656,93142.60009765625,0.0,0.0,0.0,False,margin,0.0,0.0,0.0,0,0,,,"[{'asset': {'symbol': 'SPY', 'type': 'stock'}, 'quantity': 10.0}]",0.0,0.0,0.0,0.0,0.0,0.0,0.0,100619.60021972645
2026-06-24 08:30:00-04:00,100480.70007324219,93142.60009765625,0.0,0.0,0.0,False,margin,0.0,0.0,0.0,0,0,,,"[{'asset': {'symbol': 'SPY', 'type': 'stock'}, 'quantity': 10.0}]",0.0,0.0,0.0,0.0,0.0,0.0,-0.0013804482047340067,100480.70007324206
2026-06-24 09:30:00-04:00,100480.70007324219,93142.60009765625,0.0,0.0,0.0,False,margin,0.0,0.0,0.0,0,0,,,"[{'asset': {'symbol': 'SPY', 'type': 'stock'}, 'quantity': 10.0}]",0.0,0.0,0.0,0.0,0.0,0.0,0.0,100480.70007324206
2026-06-24 09:30:00-04:00,100480.70007324219,93142.60009765625,0.0,0.0,0.0,False,margin,0.0,0.0,0.0,0,0,,,"[{'asset': {'symbol': 'SPY', 'type': 'stock'}, 'quantity': 10.0}]",0.0,0.0,0.0,0.0,0.0,0.0,0.0,100480.70007324206
2026-06-24 16:00:00-04:00,100480.70007324219,93142.60009765625,0.0,0.0,0.0,False,margin,0.0,0.0,0.0,0,0,,,"[{'asset': {'symbol': 'SPY', 'type': 'stock'}, 'quantity': 10.0}]",0.0,0.0,0.0,0.0,0.0,0.0,0.0,100480.70007324206
2026-06-25 08:30:00-04:00,100494.29992675781,93142.60009765625,0.0,0.0,0.0,False,margin,0.0,0.0,0.0,0,0,,,"[{'asset': {'symbol': 'SPY', 'type': 'stock'}, 'quantity': 10.0}]",0.0,0.0,0.0,0.0,0.0,0.0,0.00013534791761713266,100494.2999267577
2026-06-25 09:30:00-04:00,100494.29992675781,93142.60009765625,0.0,0.0,0.0,False,margin,0.0,0.0,0.0,0,0,,,"[{'asset': {'symbol': 'SPY', 'type': 'stock'}, 'quantity': 10.0}]",0.0,0.0,0.0,0.0,0.0,0.0,0.0,100494.2999267577
2026-06-25 09:30:00-04:00,100494.29992675781,93142.60009765625,0.0,0.0,0.0,False,margin,0.0,0.0,0.0,0,0,,,"[{'asset': {'symbol': 'SPY', 'type': 'stock'}, 'quantity': 10.0}]",0.0,0.0,0.0,0.0,0.0,0.0,0.0,100494.2999267577
2026-06-25 16:00:00-04:00,100494.29992675781,93142.60009765625,0.0,0.0,0.0,False,margin,0.0,0.0,0.0,0,0,,,"[{'asset': {'symbol': 'SPY', 'type': 'stock'}, 'quantity': 10.0}]",0.0,0.0,0.0,0.0,0.0,0.0,0.0,100494.2999267577
2026-06-26 08:30:00-04:00,100531.69982910156,93142.60009765625,0.0,0.0,0.0,False,margin,0.0,0.0,0.0,0,0,,,"[{'asset': {'symbol': 'SPY', 'type': 'stock'}, 'quantity': 10.0}]",0.0,0.0,0.0,0.0,0.0,0.0,0.00037215943960013423,100531.69982910145
2026-06-26 09:30:00-04:00,100531.69982910156,93142.60009765625,0.0,0.0,0.0,False,margin,0.0,0.0,0.0,0,0,,,"[{'asset': {'symbol': 'SPY', 'type': 'stock'}, 'quantity': 10.0}]",0.0,0.0,0.0,0.0,0.0,0.0,0.0,100531.69982910145
2026-06-26 09:30:00-04:00,100531.69982910156,93142.60009765625,0.0,0.0,0.0,False,margin,0.0,0.0,0.0,0,0,,,"[{'asset': {'symbol': 'SPY', 'type': 'stock'}, 'quantity': 10.0}]",0.0,0.0,0.0,0.0,0.0,0.0,0.0,100531.69982910145
2026-06-26 16:00:00-04:00,100531.69982910156,93142.60009765625,0.0,0.0,0.0,False,margin,0.0,0.0,0.0,0,0,,,"[{'asset': {'symbol': 'SPY', 'type': 'stock'}, 'quantity': 10.0}]",0.0,0.0,0.0,0.0,0.0,0.0,0.0,100531.69982910145
2026-06-29 08:30:00-04:00,100432.10021972656,93142.60009765625,0.0,0.0,0.0,False,margin,0.0,0.0,0.0,0,0,,,"[{'asset': {'symbol': 'SPY', 'type': 'stock'}, 'quantity': 10.0}]",0.0,0.0,0.0,0.0,0.0,0.0,-0.0009907283925797926,100432.10021972645
2026-06-29 09:30:00-04:00,100432.10021972656,93142.60009765625,0.0,0.0,0.0,False,margin,0.0,0.0,0.0,0,0,,,"[{'asset': {'symbol': 'SPY', 'type': 'stock'}, 'quantity': 10.0}]",0.0,0.0,0.0,0.0,0.0,0.0,0.0,100432.10021972645
2026-06-29 09:30:00-04:00,100432.10021972656,93142.60009765625,0.0,0.0,0.0,False,margin,0.0,0.0,0.0,0,0,,,"[{'asset': {'symbol': 'SPY', 'type': 'stock'}, 'quantity': 10.0}]",0.0,0.0,0.0,0.0,0.0,0.0,0.0,100432.10021972645
2026-06-29 16:00:00-04:00,100432.10021972656,93142.60009765625,0.0,0.0,0.0,False,margin,0.0,0.0,0.0,0,0,,,"[{'asset': {'symbol': 'SPY', 'type': 'stock'}, 'quantity': 10.0}]",0.0,0.0,0.0,0.0,0.0,0.0,0.0,100432.10021972645
2026-06-30 08:30:00-04:00,100507.900390625,93142.60009765625,0.0,0.0,0.0,False,margin,0.0,0.0,0.0,0,0,,,"[{'asset': {'symbol': 'SPY', 'type': 'stock'}, 'quantity': 10.0}]",0.0,0.0,0.0,0.0,0.0,0.0,0.0007547404737389835,100507.90039062487
2026-06-30 09:30:00-04:00,100507.900390625,93142.60009765625,0.0,0.0,0.0,False,margin,0.0,0.0,0.0,0,0,,,"[{'asset': {'symbol': 'SPY', 'type': 'stock'}, 'quantity': 10.0}]",0.0,0.0,0.0,0.0,0.0,0.0,0.0,100507.90039062487
2026-06-30 09:30:00-04:00,100507.900390625,93142.60009765625,0.0,0.0,0.0,False,margin,0.0,0.0,0.0,0,0,,,"[{'asset': {'symbol': 'SPY', 'type': 'stock'}, 'quantity': 10.0}]",0.0,0.0,0.0,0.0,0.0,0.0,0.0,100507.90039062487
2026-06-30 16:00:00-04:00,100507.900390625,93142.60009765625,0.0,0.0,0.0,False,margin,0.0,0.0,0.0,0,0,,,"[{'asset': {'symbol': 'SPY', 'type': 'stock'}, 'quantity': 10.0}]",0.0,0.0,0.0,0.0,0.0,0.0,0.0,100507.90039062487
2026-07-01 08:30:00-04:00,100555.49987792969,93142.60009765625,0.0,0.0,0.0,False,margin,0.0,0.0,0.0,0,0,,,"[{'asset': {'symbol': 'SPY', 'type': 'stock'}, 'quantity': 10.0}]",0.0,0.0,0.0,0.0,0.0,0.0,0.0004735895100752438,100555.49987792956
2026-07-01 09:30:00-04:00,100555.49987792969,93142.60009765625,0.0,0.0,0.0,False,margin,0.0,0.0,0.0,0,0,,,"[{'asset': {'symbol': 'SPY', 'type': 'stock'}, 'quantity': 10.0}]",0.0,0.0,0.0,0.0,0.0,0.0,0.0,100555.49987792956
2026-07-01 09:30:00-04:00,100555.49987792969,93142.60009765625,0.0,0.0,0.0,False,margin,0.0,0.0,0.0,0,0,,,"[{'asset': {'symbol': 'SPY', 'type': 'stock'}, 'quantity': 10.0}]",0.0,0.0,0.0,0.0,0.0,0.0,0.0,100555.49987792956
2026-07-01 16:00:00-04:00,100555.49987792969,93142.60009765625,0.0,0.0,0.0,False,margin,0.0,0.0,0.0,0,0,,,"[{'asset': {'symbol': 'SPY', 'type': 'stock'}, 'quantity': 10.0}]",0.0,0.0,0.0,0.0,0.0,0.0,0.0,100555.49987792956
2026-07-02 08:30:00-04:00,100592.60009765625,93142.60009765625,0.0,0.0,0.0,False,margin,0.0,0.0,0.0,0,0,,,"[{'asset': {'symbol': 'SPY', 'type': 'stock'}, 'quantity': 10.0}]",0.0,0.0,0.0,0.0,0.0,0.0,0.00036895266565827495,100592.60009765612
2026-07-02 09:30:00-04:00,100592.60009765625,93142.60009765625,0.0,0.0,0.0,False,margin,0.0,0.0,0.0,0,0,,,"[{'asset': {'symbol': 'SPY', 'type': 'stock'}, 'quantity': 10.0}]",0.0,0.0,0.0,0.0,0.0,0.0,0.0,100592.60009765612
2026-07-02 09:30:00-04:00,100592.60009765625,93142.60009765625,0.0,0.0,0.0,False,margin,0.0,0.0,0.0,0,0,,,"[{'asset': {'symbol': 'SPY', 'type': 'stock'}, 'quantity': 10.0}]",0.0,0.0,0.0,0.0,0.0,0.0,0.0,100592.60009765612
2026-07-02 16:00:00-04:00,100592.60009765625,93142.60009765625,0.0,0.0,0.0,False,margin,0.0,0.0,0.0,0,0,,,"[{'asset': {'symbol': 'SPY', 'type': 'stock'}, 'quantity': 10.0}]",0.0,0.0,0.0,0.0,0.0,0.0,0.0,100592.60009765612
2026-07-06 08:30:00-04:00,100616.60034179688,93142.60009765625,0.0,0.0,0.0,False,margin,0.0,0.0,0.0,0,0,,,"[{'asset': {'symbol': 'SPY', 'type': 'stock'}, 'quantity': 10.0}]",0.0,0.0,0.0,0.0,0.0,0.0,0.0002385885653350777,100616.60034179673
2026-07-06 09:30:00-04:00,100616.60034179688,93142.60009765625,0.0,0.0,0.0,False,margin,0.0,0.0,0.0,0,0,,,"[{'asset': {'symbol': 'SPY', 'type': 'stock'}, 'quantity': 10.0}]",0.0,0.0,0.0,0.0,0.0,0.0,0.0,100616.60034179673
2026-07-06 09:30:00-04:00,100616.60034179688,93142.60009765625,0.0,0.0,0.0,False,margin,0.0,0.0,0.0,0,0,,,"[{'asset': {'symbol': 'SPY', 'type': 'stock'}, 'quantity': 10.0}]",0.0,0.0,0.0,0.0,0.0,0.0,0.0,100616.60034179673
2026-07-06 16:00:00-04:00,100616.60034179688,93142.60009765625,0.0,0.0,0.0,False,margin,0.0,0.0,0.0,0,0,,,"[{'asset': {'symbol': 'SPY', 'type': 'stock'}, 'quantity': 10.0}]",0.0,0.0,0.0,0.0,0.0,0.0,0.0,100616.60034179673
2026-07-07 08:30:00-04:00,100630.0,93142.60009765625,0.0,0.0,0.0,False,margin,0.0,0.0,0.0,0,0,,,"[{'asset': {'symbol': 'SPY', 'type': 'stock'}, 'quantity': 10.0}]",0.0,0.0,0.0,0.0,0.0,0.0,0.00013317542192447425,100629.99999999987
2026-07-07 09:30:00-04:00,100630.0,93142.60009765625,0.0,0.0,0.0,False,margin,0.0,0.0,0.0,0,0,,,"[{'asset': {'symbol': 'SPY', 'type': 'stock'}, 'quantity': 10.0}]",0.0,0.0,0.0,0.0,0.0,0.0,0.0,100629.99999999987
2026-07-07 09:30:00-04:00,100630.0,93142.60009765625,0.0,0.0,0.0,False,margin,0.0,0.0,0.0,0,0,,,"[{'asset': {'symbol': 'SPY', 'type': 'stock'}, 'quantity': 10.0}]",0.0,0.0,0.0,0.0,0.0,0.0,0.0,100629.99999999987
2026-07-07 16:00:00-04:00,100630.0,93142.60009765625,0.0,0.0,0.0,False,margin,0.0,0.0,0.0,0,0,,,"[{'asset': {'symbol': 'SPY', 'type': 'stock'}, 'quantity': 10.0}]",0.0,0.0,0.0,0.0,0.0,0.0,0.0,100629.99999999987
2026-07-08 08:30:00-04:00,100644.7998046875,93142.60009765625,0.0,0.0,0.0,False,margin,0.0,0.0,0.0,0,0,,,"[{'asset': {'symbol': 'SPY', 'type': 'stock'}, 'quantity': 10.0}]",0.0,0.0,0.0,0.0,0.0,0.0,0.0001470714964473815,100644.79980468737
2026-07-08 09:30:00-04:00,100644.7998046875,93142.60009765625,0.0,0.0,0.0,False,margin,0.0,0.0,0.0,0,0,,,"[{'asset': {'symbol': 'SPY', 'type': 'stock'}, 'quantity': 10.0}]",0.0,0.0,0.0,0.0,0.0,0.0,0.0,100644.79980468737
2026-07-08 09:30:00-04:00,100644.7998046875,93142.60009765625,0.0,0.0,0.0,False,margin,0.0,0.0,0.0,0,0,,,"[{'asset': {'symbol': 'SPY', 'type': 'stock'}, 'quantity': 10.0}]",0.0,0.0,0.0,0.0,0.0,0.0,0.0,100644.79980468737
2026-07-08 16:00:00-04:00,100644.7998046875,93142.60009765625,0.0,0.0,0.0,False,margin,0.0,0.0,0.0,0,0,,,"[{'asset': {'symbol': 'SPY', 'type': 'stock'}, 'quantity': 10.0}]",0.0,0.0,0.0,0.0,0.0,0.0,0.0,100644.79980468737
2026-07-09 08:30:00-04:00,100574.19982910156,93142.60009765625,0.0,0.0,0.0,False,margin,0.0,0.0,0.0,0,0,,,"[{'asset': {'symbol': 'SPY', 'type': 'stock'}, 'quantity': 10.0}]",0.0,0.0,0.0,0.0,0.0,0.0,-0.0007014766358812841,100574.19982910143
2026-07-09 09:30:00-04:00,100574.19982910156,93142.60009765625,0.0,0.0,0.0,False,margin,0.0,0.0,0.0,0,0,,,"[{'asset': {'symbol': 'SPY', 'type': 'stock'}, 'quantity': 10.0}]",0.0,0.0,0.0,0.0,0.0,0.0,0.0,100574.19982910143
2026-07-09 09:30:00-04:00,100574.19982910156,93142.60009765625,0.0,0.0,0.0,False,margin,0.0,0.0,0.0,0,0,,,"[{'asset': {'symbol': 'SPY', 'type': 'stock'}, 'quantity': 10.0}]",0.0,0.0,0.0,0.0,0.0,0.0,0.0,100574.19982910143
2026-07-09 16:00:00-04:00,100574.19982910156,93142.60009765625,0.0,0.0,0.0,False,margin,0.0,0.0,0.0,0,0,,,"[{'asset': {'symbol': 'SPY', 'type': 'stock'}, 'quantity': 10.0}]",0.0,0.0,0.0,0.0,0.0,0.0,0.0,100574.19982910143
2026-07-10 08:30:00-04:00,100616.09985351562,93142.60009765625,0.0,0.0,0.0,False,margin,0.0,0.0,0.0,0,0,,,"[{'asset': {'symbol': 'SPY', 'type': 'stock'}, 'quantity': 10.0}]",0.0,0.0,0.0,0.0,0.0,0.0,0.0004166080812500638,100616.0998535155
2026-07-10 09:30:00-04:00,100616.09985351562,93142.60009765625,0.0,0.0,0.0,False,margin,0.0,0.0,0.0,0,0,,,"[{'asset': {'symbol': 'SPY', 'type': 'stock'}, 'quantity': 10.0}]",0.0,0.0,0.0,0.0,0.0,0.0,0.0,100616.0998535155
2026-07-10 09:30:00-04:00,100616.09985351562,93142.60009765625,0.0,0.0,0.0,False,margin,0.0,0.0,0.0,0,0,,,"[{'asset': {'symbol': 'SPY', 'type': 'stock'}, 'quantity': 10.0}]",0.0,0.0,0.0,0.0,0.0,0.0,0.0,100616.0998535155
2026-07-10 16:00:00-04:00,100616.09985351562,93142.60009765625,0.0,0.0,0.0,False,margin,0.0,0.0,0.0,0,0,,,"[{'asset': {'symbol': 'SPY', 'type': 'stock'}, 'quantity': 10.0}]",0.0,0.0,0.0,0.0,0.0,0.0,0.0,100616.0998535155
2026-07-13 08:30:00-04:00,100663.09997558594,93142.60009765625,0.0,0.0,0.0,False,margin,0.0,0.0,0.0,0,0,,,"[{'asset': {'symbol': 'SPY', 'type': 'stock'}, 'quantity': 10.0}]",0.0,0.0,0.0,0.0,0.0,0.0,0.0004671232748907855,100663.0999755858
2026-07-13 09:30:00-04:00,100663.09997558594,93142.60009765625,0.0,0.0,0.0,False,margin,0.0,0.0,0.0,0,0,,,"[{'asset': {'symbol': 'SPY', 'type': 'stock'}, 'quantity': 10.0}]",0.0,0.0,0.0,0.0,0.0,0.0,0.0,100663.0999755858
2026-07-13 09:30:00-04:00,100663.09997558594,93142.60009765625,0.0,0.0,0.0,False,margin,0.0,0.0,0.0,0,0,,,"[{'asset': {'symbol': 'SPY', 'type': 'stock'}, 'quantity': 10.0}]",0.0,0.0,0.0,0.0,0.0,0.0,0.0,100663.0999755858
2026-07-13 16:00:00-04:00,100663.09997558594,93142.60009765625,0.0,0.0,0.0,False,margin,0.0,0.0,0.0,0,0,,,"[{'asset': {'symbol': 'SPY', 'type': 'stock'}, 'quantity': 10.0}]",0.0,0.0,0.0,0.0,0.0,0.0,0.0,100663.0999755858
2026-07-14 08:30:00-04:00,100667.2998046875,93142.60009765625,0.0,0.0,0.0,False,margin,0.0,0.0,0.0,0,0,,,"[{'asset': {'symbol': 'SPY', 'type': 'stock'}, 'quantity': 10.0}]",0.0,0.0,0.0,0.0,0.0,0.0,4.172163486502099e-05,100667.29980468735
2026-07-14 09:30:00-04:00,100667.2998046875,93142.60009765625,0.0,0.0,0.0,False,margin,0.0,0.0,0.0,0,0,,,"[{'asset': {'symbol': 'SPY', 'type': 'stock'}, 'quantity': 10.0}]",0.0,0.0,0.0,0.0,0.0,0.0,0.0,100667.29980468735
2026-07-14 09:30:00-04:00,100667.2998046875,93142.60009765625,0.0,0.0,0.0,False,margin,0.0,0.0,0.0,0,0,,,"[{'asset': {'symbol': 'SPY', 'type': 'stock'}, 'quantity': 10.0}]",0.0,0.0,0.0,0.0,0.0,0.0,0.0,100667.29980468735
2026-07-14 16:00:00-04:00,100667.2998046875,93142.60009765625,0.0,0.0,0.0,False,margin,0.0,0.0,0.0,0,0,,,"[{'asset': {'symbol': 'SPY', 'type': 'stock'}, 'quantity': 10.0}]",0.0,0.0,0.0,0.0,0.0,0.0,0.0,100667.29980468735
2026-07-15 08:30:00-04:00,100651.69982910156,93142.60009765625,0.0,0.0,0.0,False,margin,0.0,0.0,0.0,0,0,,,"[{'asset': {'symbol': 'SPY', 'type': 'stock'}, 'quantity': 10.0}]",0.0,0.0,0.0,0.0,0.0,0.0,-0.00015496567024450076,100651.69982910143
2026-07-15 09:30:00-04:00,100651.69982910156,93142.60009765625,0.0,0.0,0.0,False,margin,0.0,0.0,0.0,0,0,,,"[{'asset': {'symbol': 'SPY', 'type': 'stock'}, 'quantity': 10.0}]",0.0,0.0,0.0,0.0,0.0,0.0,0.0,100651.69982910143
2026-07-15 09:30:00-04:00,100651.69982910156,93142.60009765625,0.0,0.0,0.0,False,margin,0.0,0.0,0.0,0,0,,,"[{'asset': {'symbol': 'SPY', 'type': 'stock'}, 'quantity': 10.0}]",0.0,0.0,0.0,0.0,0.0,0.0,0.0,100651.69982910143
2026-07-15 16:00:00-04:00,100651.69982910156,93142.60009765625,0.0,0.0,0.0,False,margin,0.0,0.0,0.0,0,0,,,"[{'asset': {'symbol': 'SPY', 'type': 'stock'}, 'quantity': 10.0}]",0.0,0.0,0.0,0.0,0.0,0.0,0.0,100651.69982910143
2026-07-16 08:30:00-04:00,100685.0,93142.60009765625,0.0,0.0,0.0,False,margin,0.0,0.0,0.0,0,0,,,"[{'asset': {'symbol': 'SPY', 'type': 'stock'}, 'quantity': 10.0}]",0.0,0.0,0.0,0.0,0.0,0.0,0.0003308455888472673,100684.99999999987
2026-07-16 09:30:00-04:00,100685.0,93142.60009765625,0.0,0.0,0.0,False,margin,0.0,0.0,0.0,0,0,,,"[{'asset': {'symbol': 'SPY', 'type': 'stock'}, 'quantity': 10.0}]",0.0,0.0,0.0,0.0,0.0,0.0,0.0,100684.99999999987
2026-07-16 09:30:00-04:00,100685.0,93142.60009765625,0.0,0.0,0.0,False,margin,0.0,0.0,0.0,0,0,,,"[{'asset': {'symbol': 'SPY', 'type': 'stock'}, 'quantity': 10.0}]",0.0,0.0,0.0,0.0,0.0,0.0,0.0,100684.99999999987
2026-07-16 16:00:00-04:00,100685.0,93142.60009765625,0.0,0.0,0.0,False,margin,0.0,0.0,0.0,0,0,,,"[{'asset': {'symbol': 'SPY', 'type': 'stock'}, 'quantity': 10.0}]",0.0,0.0,0.0,0.0,0.0,0.0,0.0,100684.99999999987
2026-07-17 08:30:00-04:00,100670.2001953125,93142.60009765625,0.0,0.0,0.0,False,margin,0.0,0.0,0.0,0,0,,,"[{'asset': {'symbol': 'SPY', 'type': 'stock'}, 'quantity': 10.0}]",0.0,0.0,0.0,0.0,0.0,0.0,-0.00014699115744649154,100670.20019531237
2026-07-17 09:30:00-04:00,100670.2001953125,93142.60009765625,0.0,0.0,0.0,False,margin,0.0,0.0,0.0,0,0,,,"[{'asset': {'symbol': 'SPY', 'type': 'stock'}, 'quantity': 10.0}]",0.0,0.0,0.0,0.0,0.0,0.0,0.0,100670.20019531237
2026-07-17 09:30:00-04:00,100670.2001953125,93142.60009765625,0.0,0.0,0.0,False,margin,0.0,0.0,0.0,0,0,,,"[{'asset': {'symbol': 'SPY', 'type': 'stock'}, 'quantity': 10.0}]",0.0,0.0,0.0,0.0,0.0,0.0,0.0,100670.20019531237
2026-07-17 16:00:00-04:00,100670.2001953125,93142.60009765625,0.0,0.0,0.0,False,margin,0.0,0.0,0.0,0,0,,,"[{'asset': {'symbol': 'SPY', 'type': 'stock'}, 'quantity': 10.0}]",0.0,0.0,0.0,0.0,0.0,0.0,0.0,100670.20019531237
2026-07-20 08:30:00-04:00,100563.40026855469,93142.60009765625,0.0,0.0,0.0,False,margin,0.0,0.0,0.0,0,0,,,"[{'asset': {'symbol': 'SPY', 'type': 'stock'}, 'quantity': 10.0}]",0.0,0.0,0.0,0.0,0.0,0.0,-0.0010608891861802955,100563.40026855454
2026-07-20 09:30:00-04:00,100563.40026855469,93142.60009765625,0.0,0.0,0.0,False,margin,0.0,0.0,0.0,0,0,,,"[{'asset': {'symbol': 'SPY', 'type': 'stock'}, 'quantity': 10.0}]",0.0,0.0,0.0,0.0,0.0,0.0,0.0,100563.40026855454
2026-07-20 09:30:00-04:00,100563.40026855469,93142.60009765625,0.0,0.0,0.0,False,margin,0.0,0.0,0.0,0,0,,,"[{'asset': {'symbol': 'SPY', 'type': 'stock'}, 'quantity': 10.0}]",0.0,0.0,0.0,0.0,0.0,0.0,0.0,100563.40026855454
2026-07-20 16:00:00-04:00,100563.40026855469,93142.60009765625,0.0,0.0,0.0,False,margin,0.0,0.0,0.0,0,0,,,"[{'asset': {'symbol': 'SPY', 'type': 'stock'}, 'quantity': 10.0}]",0.0,0.0,0.0,0.0,0.0,0.0,0.0,100563.40026855454
2026-07-21 08:30:00-04:00,100613.20007324219,93142.60009765625,0.0,0.0,0.0,False,margin,0.0,0.0,0.0,0,0,,,"[{'asset': {'symbol': 'SPY', 'type': 'stock'}, 'quantity': 10.0}]",0.0,0.0,0.0,0.0,0.0,0.0,0.0004952080434284198,100613.20007324204
2026-07-21 09:30:00-04:00,100613.20007324219,93142.60009765625,0.0,0.0,0.0,False,margin,0.0,0.0,0.0,0,0,,,"[{'asset': {'symbol': 'SPY', 'type': 'stock'}, 'quantity': 10.0}]",0.0,0.0,0.0,0.0,0.0,0.0,0.0,100613.20007324204
2026-07-21 09:30:00-04:00,100613.20007324219,93142.60009765625,0.0,0.0,0.0,False,margin,0.0,0.0,0.0,0,0,,,"[{'asset': {'symbol': 'SPY', 'type': 'stock'}, 'quantity': 10.0}]",0.0,0.0,0.0,0.0,0.0,0.0,0.0,100613.20007324204
2026-07-21 16:00:00-04:00,100613.20007324219,93142.60009765625,0.0,0.0,0.0,False,margin,0.0,0.0,0.0,0,0,,,"[{'asset': {'symbol': 'SPY', 'type': 'stock'}, 'quantity': 10.0}]",0.0,0.0,0.0,0.0,0.0,0.0,0.0,100613.20007324204
2026-07-22 08:30:00-04:00,100605.49987792969,93142.60009765625,0.0,0.0,0.0,False,margin,0.0,0.0,0.0,0,0,,,"[{'asset': {'symbol': 'SPY', 'type': 'stock'}, 'quantity': 10.0}]",0.0,0.0,0.0,0.0,0.0,0.0,-7.653265482953113e-05,100605.49987792953
2026-07-22 09:30:00-04:00,100605.49987792969,93142.60009765625,0.0,0.0,0.0,False,margin,0.0,0.0,0.0,0,0,,,"[{'asset': {'symbol': 'SPY', 'type': 'stock'}, 'quantity': 10.0}]",0.0,0.0,0.0,0.0,0.0,0.0,0.0,100605.49987792953
2026-07-22 09:30:00-04:00,100605.49987792969,93142.60009765625,0.0,0.0,0.0,False,margin,0.0,0.0,0.0,0,0,,,"[{'asset': {'symbol': 'SPY', 'type': 'stock'}, 'quantity': 10.0}]",0.0,0.0,0.0,0.0,0.0,0.0,0.0,100605.49987792953
2026-07-22 16:00:00-04:00,100605.49987792969,93142.60009765625,0.0,0.0,0.0,False,margin,0.0,0.0,0.0,0,0,,,"[{'asset': {'symbol': 'SPY', 'type': 'stock'}, 'quantity': 10.0}]",0.0,0.0,0.0,0.0,0.0,0.0,0.0,100605.49987792953
2026-07-23 08:30:00-04:00,100608.80004882812,93142.60009765625,0.0,0.0,0.0,False,margin,0.0,0.0,0.0,0,0,,,"[{'asset': {'symbol': 'SPY', 'type': 'stock'}, 'quantity': 10.0}]",0.0,0.0,0.0,0.0,0.0,0.0,3.2803086336649416e-05,100608.80004882795
2026-07-23 09:30:00-04:00,100608.80004882812,93142.60009765625,0.0,0.0,0.0,False,margin,0.0,0.0,0.0,0,0,,,"[{'asset': {'symbol': 'SPY', 'type': 'stock'}, 'quantity': 10.0}]",0.0,0.0,0.0,0.0,0.0,0.0,0.0,100608.80004882795
2026-07-23 09:30:00-04:00,100608.80004882812,93142.60009765625,0.0,0.0,0.0,False,margin,0.0,0.0,0.0,0,0,,,"[{'asset': {'symbol': 'SPY', 'type': 'stock'}, 'quantity': 10.0}]",0.0,0.0,0.0,0.0,0.0,0.0,0.0,100608.80004882795
2026-07-23 16:00:00-04:00,100608.80004882812,93142.60009765625,0.0,0.0,0.0,False,margin,0.0,0.0,0.0,0,0,,,"[{'asset': {'symbol': 'SPY', 'type': 'stock'}, 'quantity': 10.0}]",0.0,0.0,0.0,0.0,0.0,0.0,0.0,100608.80004882795
2026-07-24 08:30:00-04:00,100536.30004882812,93142.60009765625,0.0,0.0,0.0,False,margin,0.0,0.0,0.0,0,0,,,"[{'asset': {'symbol': 'SPY', 'type': 'stock'}, 'quantity': 10.0}]",0.0,0.0,0.0,0.0,0.0,0.0,-0.0007206129082626353,100536.30004882794
2026-07-24 09:30:00-04:00,100536.30004882812,93142.60009765625,0.0,0.0,0.0,False,margin,0.0,0.0,0.0,0,0,,,"[{'asset': {'symbol': 'SPY', 'type': 'stock'}, 'quantity': 10.0}]",0.0,0.0,0.0,0.0,0.0,0.0,0.0,100536.30004882794
2026-07-24 09:30:00-04:00,100536.30004882812,93142.60009765625,0.0,0.0,0.0,False,margin,0.0,0.0,0.0,0,0,,,"[{'asset': {'symbol': 'SPY', 'type': 'stock'}, 'quantity': 10.0}]",0.0,0.0,0.0,0.0,0.0,0.0,0.0,100536.30004882794
2026-07-24 16:00:00-04:00,100536.30004882812,93142.60009765625,0.0,0.0,0.0,False,margin,0.0,0.0,0.0,0,0,,,"[{'asset': {'symbol': 'SPY', 'type': 'stock'}, 'quantity': 10.0}]",0.0,0.0,0.0,0.0,0.0,0.0,0.0,100536.30004882794
2026-07-27 08:30:00-04:00,100527.7001953125,93142.60009765625,0.0,0.0,0.0,False,margin,0.0,0.0,0.0,0,0,,,"[{'asset': {'symbol': 'SPY', 'type': 'stock'}, 'quantity': 10.0}]",0.0,0.0,0.0,0.0,0.0,0.0,-8.553978524620712e-05,100527.70019531233
2026-07-27 09:30:00-04:00,100527.7001953125,93142.60009765625,0.0,0.0,0.0,False,margin,0.0,0.0,0.0,0,0,,,"[{'asset': {'symbol': 'SPY', 'type': 'stock'}, 'quantity': 10.0}]",0.0,0.0,0.0,0.0,0.0,0.0,0.0,100527.70019531233
2026-07-27 09:30:00-04:00,100527.7001953125,93142.60009765625,0.0,0.0,0.0,False,margin,0.0,0.0,0.0,0,0,,,"[{'asset': {'symbol': 'SPY', 'type': 'stock'}, 'quantity': 10.0}]",0.0,0.0,0.0,0.0,0.0,0.0,0.0,100527.70019531233
2026-07-27 16:00:00-04:00,100527.7001953125,93142.60009765625,0.0,0.0,0.0,False,margin,0.0,0.0,0.0,0,0,,,"[{'asset': {'symbol': 'SPY', 'type': 'stock'}, 'quantity': 10.0}]",0.0,0.0,0.0,0.0,0.0,0.0,0.0,100527.70019531233
2026-07-28 08:30:00-04:00,100591.69982910156,93142.60009765625,0.0,0.0,0.0,False,margin,0.0,0.0,0.0,0,0,,,"[{'asset': {'symbol': 'SPY', 'type': 'stock'}, 'quantity': 10.0}]",0.0,0.0,0.0,0.0,0.0,0.0,0.0006366368042312653,100591.69982910137
2026-07-28 09:30:00-04:00,100591.69982910156,93142.60009765625,0.0,0.0,0.0,False,margin,0.0,0.0,0.0,0,0,,,"[{'asset': {'symbol': 'SPY', 'type': 'stock'}, 'quantity': 10.0}]",0.0,0.0,0.0,0.0,0.0,0.0,0.0,100591.69982910137
2026-07-28 09:30:00-04:00,100591.69982910156,93142.60009765625,0.0,0.0,0.0,False,margin,0.0,0.0,0.0,0,0,,,"[{'asset': {'symbol': 'SPY', 'type': 'stock'}, 'quantity': 10.0}]",0.0,0.0,0.0,0.0,0.0,0.0,0.0,100591.69982910137
2026-07-28 16:00:00-04:00,100591.69982910156,93142.60009765625,0.0,0.0,0.0,False,margin,0.0,0.0,0.0,0,0,,,"[{'asset': {'symbol': 'SPY', 'type': 'stock'}, 'quantity': 10.0}]",0.0,0.0,0.0,0.0,0.0,0.0,0.0,100591.69982910137
2026-07-29 08:30:00-04:00,100534.50012207031,93142.60009765625,0.0,0.0,0.0,False,margin,0.0,0.0,0.0,0,0,,,"[{'asset': {'symbol': 'SPY', 'type': 'stock'}, 'quantity': 10.0}]",0.0,0.0,0.0,0.0,0.0,0.0,-0.0005686324729418868,100534.50012207011
2026-07-29 09:30:00-04:00,100534.50012207031,93142.60009765625,0.0,0.0,0.0,False,margin,0.0,0.0,0.0,0,0,,,"[{'asset': {'symbol': 'SPY', 'type': 'stock'}, 'quantity': 10.0}]",0.0,0.0,0.0,0.0,0.0,0.0,0.0,100534.50012207011
2026-07-29 09:30:00-04:00,100534.50012207031,93142.60009765625,0.0,0.0,0.0,False,margin,0.0,0.0,0.0,0,0,,,"[{'asset': {'symbol': 'SPY', 'type': 'stock'}, 'quantity': 10.0}]",0.0,0.0,0.0,0.0,0.0,0.0,0.0,100534.50012207011
2026-07-29 16:00:00-04:00,100534.50012207031,93142.60009765625,0.0,0.0,0.0,False,margin,0.0,0.0,0.0,0,0,,,"[{'asset': {'symbol': 'SPY', 'type': 'stock'}, 'quantity': 10.0}]",0.0,0.0,0.0,0.0,0.0,0.0,0.0,100534.50012207011
2026-07-30 08:30:00-04:00,100542.2998046875,93142.60009765625,0.0,0.0,0.0,False,margin,0.0,0.0,0.0,0,0,,,"[{'asset': {'symbol': 'SPY', 'type': 'stock'}, 'quantity': 10.0}]",0.0,0.0,0.0,0.0,0.0,0.0,7.758214948815603e-05,100542.29980468727
2026-07-30 09:30:00-04:00,100542.2998046875,93142.60009765625,0.0,0.0,0.0,False,margin,0.0,0.0,0.0,0,0,,,"[{'asset': {'symbol': 'SPY', 'type': 'stock'}, 'quantity': 10.0}]",0.0,0.0,0.0,0.0,0.0,0.0,0.0,100542.29980468727
2026-07-30 09:30:00-04:00,100542.2998046875,93142.60009765625,0.0,0.0,0.0,False,margin,0.0,0.0,0.0,0,0,,,"[{'asset': {'symbol': 'SPY', 'type': 'stock'}, 'quantity': 10.0}]",0.0,0.0,0.0,0.0,0.0,0.0,0.0,100542.29980468727
2026-07-30 16:00:00-04:00,100542.2998046875,93142.60009765625,0.0,0.0,0.0,False,margin,0.0,0.0,0.0,0,0,,,"[{'asset': {'symbol': 'SPY', 'type': 'stock'}, 'quantity': 10.0}]",0.0,0.0,0.0,0.0,0.0,0.0,0.0,100542.29980468727
2026-07-31 08:30:00-04:00,100503.09997558594,93142.60009765625,0.0,0.0,0.0,False,margin,0.0,0.0,0.0,0,0,,,"[{'asset': {'symbol': 'SPY', 'type': 'stock'}, 'quantity': 10.0}]",0.0,0.0,0.0,0.0,0.0,0.0,-0.0003898839511102462,100503.0999755857
2026-07-31 09:30:00-04:00,100503.09997558594,93142.60009765625,0.0,0.0,0.0,False,margin,0.0,0.0,0.0,0,0,,,"[{'asset': {'symbol': 'SPY', 'type': 'stock'}, 'quantity': 10.0}]",0.0,0.0,0.0,0.0,0.0,0.0,0.0,100503.0999755857
2026-07-31 09:30:00-04:00,100503.09997558594,93142.60009765625,0.0,0.0,0.0,False,margin,0.0,0.0,0.0,0,0,,,"[{'asset': {'symbol': 'SPY', 'type': 'stock'}, 'quantity': 10.0}]",0.0,0.0,0.0,0.0,0.0,0.0,0.0,100503.0999755857
2026-07-31 16:00:00-04:00,100503.09997558594,93142.60009765625,0.0,0.0,0.0,False,margin,0.0,0.0,0.0,0,0,,,"[{'asset': {'symbol': 'SPY', 'type': 'stock'}, 'quantity': 10.0}]",0.0,0.0,0.0,0.0,0.0,0.0,0.0,100503.0999755857
2026-08-03 08:30:00-04:00,100589.40002441406,93142.60009765625,0.0,0.0,0.0,False,margin,0.0,0.0,0.0,0,0,,,"[{'asset': {'symbol': 'SPY', 'type': 'stock'}, 'quantity': 10.0}]",0.0,0.0,0.0,0.0,0.0,0.0,0.0008586804670611043,100589.40002441383
2026-08-03 09:30:00-04:00,100589.40002441406,93142.60009765625,0.0,0.0,0.0,False,margin,0.0,0.0,0.0,0,0,,,"[{'asset': {'symbol': 'SPY', 'type': 'stock'}, 'quantity': 10.0}]",0.0,0.0,0.0,0.0,0.0,0.0,0.0,100589.40002441383
2026-08-03 09:30:00-04:00,100589.40002441406,93142.60009765625,0.0,0.0,0.0,False,margin,0.0,0.0,0.0,0,0,,,"[{'asset': {'symbol': 'SPY', 'type': 'stock'}, 'quantity': 10.0}]",0.0,0.0,0.0,0.0,0.0,0.0,0.0,100589.40002441383
2026-08-03 16:00:00-04:00,100589.40002441406,93142.60009765625,0.0,0.0,0.0,False,margin,0.0,0.0,0.0,0,0,,,"[{'asset': {'symbol': 'SPY', 'type': 'stock'}, 'quantity': 10.0}]",0.0,0.0,0.0,0.0,0.0,0.0,0.0,100589.40002441383
2026-08-04 08:30:00-04:00,100637.00012207031,93142.60009765625,0.0,0.0,0.0,False,margin,0.0,0.0,0.0,0,0,,,"[{'asset': {'symbol': 'SPY', 'type': 'stock'}, 'quantity': 10.0}]",0.0,0.0,0.0,0.0,0.0,0.0,0.00047321186571047224,100637.00012207008
2026-08-04 09:30:00-04:00,100637.00012207031,93142.60009765625,0.0,0.0,0.0,False,margin,0.0,0.0,0.0,0,0,,,"[{'asset': {'symbol': 'SPY', 'type': 'stock'}, 'quantity': 10.0}]",0.0,0.0,0.0,0.0,0.0,0.0,0.0,100637.00012207008
2026-08-04 09:30:00-04:00,100637.00012207031,93142.60009765625,0.0,0.0,0.0,False,margin,0.0,0.0,0.0,0,0,,,"[{'asset': {'symbol': 'SPY', 'type': 'stock'}, 'quantity': 10.0}]",0.0,0.0,0.0,0.0,0.0,0.0,0.0,100637.00012207008
2026-08-04 16:00:00-04:00,100637.00012207031,93142.60009765625,0.0,0.0,0.0,False,margin,0.0,0.0,0.0,0,0,,,"[{'asset': {'symbol': 'SPY', 'type': 'stock'}, 'quantity': 10.0}]",0.0,0.0,0.0,0.0,0.0,0.0,0.0,100637.00012207008
2026-08-05 08:30:00-04:00,100748.90014648438,93142.60009765625,0.0,0.0,0.0,False,margin,0.0,0.0,0.0,0,0,,,"[{'asset': {'symbol': 'SPY', 'type': 'stock'}, 'quantity': 10.0}]",0.0,0.0,0.0,0.0,0.0,0.0,0.0011119173293950575,100748.90014648414
2026-08-05 09:30:00-04:00,100748.90014648438,93142.60009765625,0.0,0.0,0.0,False,margin,0.0,0.0,0.0,0,0,,,"[{'asset': {'symbol': 'SPY', 'type': 'stock'}, 'quantity': 10.0}]",0.0,0.0,0.0,0.0,0.0,0.0,0.0,100748.90014648414
2026-08-05 09:30:00-04:00,100748.90014648438,93142.60009765625,0.0,0.0,0.0,False,margin,0.0,0.0,0.0,0,0,,,"[{'asset': {'symbol': 'SPY', 'type': 'stock'}, 'quantity': 10.0}]",0.0,0.0,0.0,0.0,0.0,0.0,0.0,100748.90014648414
2026-08-05 16:00:00-04:00,100748.90014648438,93142.60009765625,0.0,0.0,0.0,False,margin,0.0,0.0,0.0,0,0,,,"[{'asset': {'symbol': 'SPY', 'type': 'stock'}, 'quantity': 10.0}]",0.0,0.0,0.0,0.0,0.0,0.0,0.0,100748.90014648414
2026-08-06 08:30:00-04:00,100901.09985351562,93142.60009765625,0.0,0.0,0.0,False,margin,0.0,0.0,0.0,0,0,,,"[{'asset': {'symbol': 'SPY', 'type': 'stock'}, 'quantity': 10.0}]",0.0,0.0,0.0,0.0,0.0,0.0,0.0015106835589267819,100901.09985351539
2026-08-06 09:30:00-04:00,100901.09985351562,93142.60009765625,0.0,0.0,0.0,False,margin,0.0,0.0,0.0,0,0,,,"[{'asset': {'symbol': 'SPY', 'type': 'stock'}, 'quantity': 10.0}]",0.0,0.0,0.0,0.0,0.0,0.0,0.0,100901.09985351539
2026-08-06 09:30:00-04:00,100901.09985351562,93142.60009765625,0.0,0.0,0.0,False,margin,0.0,0.0,0.0,0,0,,,"[{'asset': {'symbol': 'SPY', 'type': 'stock'}, 'quantity': 10.0}]",0.0,0.0,0.0,0.0,0.0,0.0,0.0,100901.09985351539
2026-08-06 16:00:00-04:00,100901.09985351562,93142.60009765625,0.0,0.0,0.0,False,margin,0.0,0.0,0.0,0,0,,,"[{'asset': {'symbol': 'SPY', 'type': 'stock'}, 'quantity': 10.0}]",0.0,0.0,0.0,0.0,0.0,0.0,0.0,100901.09985351539
2026-08-07 08:30:00-04:00,100844.70031738281,93142.60009765625,0.0,0.0,0.0,False,margin,0.0,0.0,0.0,0,0,,,"[{'asset': {'symbol': 'SPY', 'type': 'stock'}, 'quantity': 10.0}]",0.0,0.0,0.0,0.0,0.0,0.0,-0.0005589585863255326,100844.70031738258
2026-08-07 09:30:00-04:00,100844.70031738281,93142.60009765625,0.0,0.0,0.0,False,margin,0.0,0.0,0.0,0,0,,,"[{'asset': {'symbol': 'SPY', 'type': 'stock'}, 'quantity': 10.0}]",0.0,0.0,0.0,0.0,0.0,0.0,0.0,100844.70031738258
2026-08-07 09:30:00-04:00,100844.70031738281,93142.60009765625,0.0,0.0,0.0,False,margin,0.0,0.0,0.0,0,0,,,"[{'asset': {'symbol': 'SPY', 'type': 'stock'}, 'quantity': 10.0}]",0.0,0.0,0.0,0.0,0.0,0.0,0.0,100844.70031738258
2026-08-07 16:00:00-04:00,100844.70031738281,93142.60009765625,0.0,0.0,0.0,False,margin,0.0,0.0,0.0,0,0,,,"[{'asset': {'symbol': 'SPY', 'type': 'stock'}, 'quantity': 10.0}]",0.0,0.0,0.0,0.0,0.0,0.0,0.0,100844.70031738258
2026-08-10 08:30:00-04:00,100852.80029296875,93142.60009765625,0.0,0.0,0.0,False,margin,0.0,0.0,0.0,0,0,,,"[{'asset': {'symbol': 'SPY', 'type': 'stock'}, 'quantity': 10.0}]",0.0,0.0,0.0,0.0,0.0,0.0,8.032128173761145e-05,100852.8002929685
2026-08-10 09:30:00-04:00,100852.80029296875,93142.60009765625,0.0,0.0,0.0,False,margin,0.0,0.0,0.0,0,0,,,"[{'asset': {'symbol': 'SPY', 'type': 'stock'}, 'quantity': 10.0}]",0.0,0.0,0.0,0.0,0.0,0.0,0.0,100852.8002929685
2026-08-10 09:30:00-04:00,100852.80029296875,93142.60009765625,0.0,0.0,0.0,False,margin,0.0,0.0,0.0,0,0,,,"[{'asset': {'symbol': 'SPY', 'type': 'stock'}, 'quantity': 10.0}]",0.0,0.0,0.0,0.0,0.0,0.0,0.0,100852.8002929685
2026-08-10 16:00:00-04:00,100852.80029296875,93142.60009765625,0.0,0.0,0.0,False,margin,0.0,0.0,0.0,0,0,,,"[{'asset': {'symbol': 'SPY', 'type': 'stock'}, 'quantity': 10.0}]",0.0,0.0,0.0,0.0,0.0,0.0,0.0,100852.8002929685
2026-08-11 08:30:00-04:00,100868.59985351562,93142.60009765625,0.0,0.0,0.0,False,margin,0.0,0.0,0.0,0,0,,,"[{'asset': {'symbol': 'SPY', 'type': 'stock'}, 'quantity': 10.0}]",0.0,0.0,0.0,0.0,0.0,0.0,0.00015665961184001465,100868.59985351539
2026-08-11 09:30:00-04:00,100868.59985351562,93142.60009765625,0.0,0.0,0.0,False,margin,0.0,0.0,0.0,0,0,,,"[{'asset': {'symbol': 'SPY', 'type': 'stock'}, 'quantity': 10.0}]",0.0,0.0,0.0,0.0,0.0,0.0,0.0,100868.59985351539
2026-08-11 09:30:00-04:00,100868.59985351562,93142.60009765625,0.0,0.0,0.0,False,margin,0.0,0.0,0.0,0,0,,,"[{'asset': {'symbol': 'SPY', 'type': 'stock'}, 'quantity': 10.0}]",0.0,0.0,0.0,0.0,0.0,0.0,0.0,100868.59985351539
2026-08-11 16:00:00-04:00,100868.59985351562,93142.60009765625,0.0,0.0,0.0,False,margin,0.0,0.0,0.0,0,0,,,"[{'asset': {'symbol': 'SPY', 'type': 'stock'}, 'quantity': 10.0}]",0.0,0.0,0.0,0.0,0.0,0.0,0.0,100868.59985351539
2026-08-12 08:30:00-04:00,100887.900390625,93142.60009765625,0.0,0.0,0.0,False,margin,0.0,0.0,0.0,0,0,,,"[{'asset': {'symbol': 'SPY', 'type': 'stock'}, 'quantity': 10.0}]",0.0,0.0,0.0,0.0,0.0,0.0,0.000191343362923683,100887.90039062477
2026-08-12 09:30:00-04:00,100887.900390625,93142.60009765625,0.0,0.0,0.0,False,margin,0.0,0.0,0.0,0,0,,,"[{'asset': {'symbol': 'SPY', 'type': 'stock'}, 'quantity': 10.0}]",0.0,0.0,0.0,0.0,0.0,0.0,0.0,100887.90039062477
2026-08-12 09:30:00-04:00,100887.900390625,93142.60009765625,0.0,0.0,0.0,False,margin,0.0,0.0,0.0,0,0,,,"[{'asset': {'symbol': 'SPY', 'type': 'stock'}, 'quantity': 10.0}]",0.0,0.0,0.0,0.0,0.0,0.0,0.0,100887.90039062477
2026-08-12 16:00:00-04:00,100887.900390625,93142.60009765625,0.0,0.0,0.0,False,margin,0.0,0.0,0.0,0,0,,,"[{'asset': {'symbol': 'SPY', 'type': 'stock'}, 'quantity': 10.0}]",0.0,0.0,0.0,0.0,0.0,0.0,0.0,100887.90039062477
2026-08-13 08:30:00-04:00,100889.70031738281,93142.60009765625,0.0,0.0,0.0,False,margin,0.0,0.0,0.0,0,0,,,"[{'asset': {'symbol': 'SPY', 'type': 'stock'}, 'quantity': 10.0}]",0.0,0.0,0.0,0.0,0.0,0.0,1.7840858525585474e-05,100889.70031738258
2026-08-13 09:30:00-04:00,100889.70031738281,93142.60009765625,0.0,0.0,0.0,False,margin,0.0,0.0,0.0,0,0,,,"[{'asset': {'symbol': 'SPY', 'type': 'stock'}, 'quantity': 10.0}]",0.0,0.0,0.0,0.0,0.0,0.0,0.0,100889.70031738258
2026-08-13 09:30:00-04:00,100889.70031738281,93142.60009765625,0.0,0.0,0.0,False,margin,0.0,0.0,0.0,0,0,,,"[{'asset': {'symbol': 'SPY', 'type': 'stock'}, 'quantity': 10.0}]",0.0,0.0,0.0,0.0,0.0,0.0,0.0,100889.70031738258
2026-08-13 16:00:00-04:00,100889.70031738281,93142.60009765625,0.0,0.0,0.0,False,margin,0.0,0.0,0.0,0,0,,,"[{'asset': {'symbol': 'SPY', 'type': 'stock'}, 'quantity': 10.0}]",0.0,0.0,0.0,0.0,0.0,0.0,0.0,100889.70031738258
2026-08-14 08:30:00-04:00,100891.30004882812,93142.60009765625,0.0,0.0,0.0,False,margin,0.0,0.0,0.0,0,0,,,"[{'asset': {'symbol': 'SPY', 'type': 'stock'}, 'quantity': 10.0}]",0.0,0.0,0.0,0.0,0.0,0.0,1.5856241422860824e-05,100891.30004882789
2026-08-14 09:30:00-04:00,100891.30004882812,93142.60009765625,0.0,0.0,0.0,False,margin,0.0,0.0,0.0,0,0,,,"[{'asset': {'symbol': 'SPY', 'type': 'stock'}, 'quantity': 10.0}]",0.0,0.0,0.0,0.0,0.0,0.0,0.0,100891.30004882789
2026-08-14 09:30:00-04:00,100891.30004882812,93142.60009765625,0.0,0.0,0.0,False,margin,0.0,0.0,0.0,0,0,,,"[{'asset': {'symbol': 'SPY', 'type': 'stock'}, 'quantity': 10.0}]",0.0,0.0,0.0,0.0,0.0,0.0,0.0,100891.30004882789
2026-08-14 16:00:00-04:00,100891.30004882812,93142.60009765625,0.0,0.0,0.0,False,margin,0.0,0.0,0.0,0,0,,,"[{'asset': {'symbol': 'SPY', 'type': 'stock'}, 'quantity': 10.0}]",0.0,0.0,0.0,0.0,0.0,0.0,0.0,100891.30004882789
2026-08-17 08:30:00-04:00,100927.99987792969,93142.60009765625,0.0,0.0,0.0,False,margin,0.0,0.0,0.0,0,0,,,"[{'asset': {'symbol': 'SPY', 'type': 'stock'}, 'quantity': 10.0}]",0.0,0.0,0.0,0.0,0.0,0.0,0.0003637561324296641,100927.99987792947
2026-08-17 09:30:00-04:00,100927.99987792969,93142.60009765625,0.0,0.0,0.0,False,margin,0.0,0.0,0.0,0,0,,,"[{'asset': {'symbol': 'SPY', 'type': 'stock'}, 'quantity': 10.0}]",0.0,0.0,0.0,0.0,0.0,0.0,0.0,100927.99987792947
2026-08-17 09:30:00-04:00,100927.99987792969,93142.60009765625,0.0,0.0,0.0,False,margin,0.0,0.0,0.0,0,0,,,"[{'asset': {'symbol': 'SPY', 'type': 'stock'}, 'quantity': 10.0}]",0.0,0.0,0.0,0.0,0.0,0.0,0.0,100927.99987792947
2026-08-17 16:00:00-04:00,100927.99987792969,93142.60009765625,0.0,0.0,0.0,False,margin,0.0,0.0,0.0,0,0,,,"[{'asset': {'symbol': 'SPY', 'type': 'stock'}, 'quantity': 10.0}]",0.0,0.0,0.0,0.0,0.0,0.0,0.0,100927.99987792947
2026-08-18 08:30:00-04:00,100904.40002441406,93142.60009765625,0.0,0.0,0.0,False,margin,0.0,0.0,0.0,0,0,,,"[{'asset': {'symbol': 'SPY', 'type': 'stock'}, 'quantity': 10.0}]",0.0,0.0,0.0,0.0,0.0,0.0,-0.00023382860597820755,100904.40002441383
2026-08-18 09:30:00-04:00,100904.40002441406,93142.60009765625,0.0,0.0,0.0,False,margin,0.0,0.0,0.0,0,0,,,"[{'asset': {'symbol': 'SPY', 'type': 'stock'}, 'quantity': 10.0}]",0.0,0.0,0.0,0.0,0.0,0.0,0.0,100904.40002441383
2026-08-18 09:30:00-04:00,100904.40002441406,93142.60009765625,0.0,0.0,0.0,False,margin,0.0,0.0,0.0,0,0,,,"[{'asset': {'symbol': 'SPY', 'type': 'stock'}, 'quantity': 10.0}]",0.0,0.0,0.0,0.0,0.0,0.0,0.0,100904.40002441383
2026-08-18 16:00:00-04:00,100904.40002441406,93142.60009765625,0.0,0.0,0.0,False,margin,0.0,0.0,0.0,0,0,,,"[{'asset': {'symbol': 'SPY', 'type': 'stock'}, 'quantity': 10.0}]",0.0,0.0,0.0,0.0,0.0,0.0,0.0,100904.40002441383
2026-08-19 08:30:00-04:00,100829.60021972656,93142.60009765625,0.0,0.0,0.0,False,margin,0.0,0.0,0.0,0,0,,,"[{'asset': {'symbol': 'SPY', 'type': 'stock'}, 'quantity': 10.0}]",0.0,0.0,0.0,0.0,0.0,0.0,-0.0007412937856961838,100829.60021972633
2026-08-19 09:30:00-04:00,100829.60021972656,93142.60009765625,0.0,0.0,0.0,False,margin,0.0,0.0,0.0,0,0,,,"[{'asset': {'symbol': 'SPY', 'type': 'stock'}, 'quantity': 10.0}]",0.0,0.0,0.0,0.0,0.0,0.0,0.0,100829.60021972633
2026-08-19 09:30:00-04:00,100829.60021972656,93142.60009765625,0.0,0.0,0.0,False,margin,0.0,0.0,0.0,0,0,,,"[{'asset': {'symbol': 'SPY', 'type': 'stock'}, 'quantity': 10.0}]",0.0,0.0,0.0,0.0,0.0,0.0,0.0,100829.60021972633
2026-08-19 16:00:00-04:00,100829.60021972656,93142.60009765625,0.0,0.0,0.0,False,margin,0.0,0.0,0.0,0,0,,,"[{'asset': {'symbol': 'SPY', 'type': 'stock'}, 'quantity': 10.0}]",0.0,0.0,0.0,0.0,0.0,0.0,0.0,100829.60021972633
2026-08-20 08:30:00-04:00,100846.19995117188,93142.60009765625,0.0,0.0,0.0,False,margin,0.0,0.0,0.0,0,0,,,"[{'asset': {'symbol': 'SPY', 'type': 'stock'}, 'quantity': 10.0}]",0.0,0.0,0.0,0.0,0.0,0.0,0.00016463153091094858,100846.19995117166
2026-08-20 09:30:00-04:00,100846.19995117188,93142.60009765625,0.0,0.0,0.0,False,margin,0.0,0.0,0.0,0,0,,,"[{'asset': {'symbol': 'SPY', 'type': 'stock'}, 'quantity': 10.0}]",0.0,0.0,0.0,0.0,0.0,0.0,0.0,100846.19995117166
2026-08-20 09:30:00-04:00,100846.19995117188,93142.60009765625,0.0,0.0,0.0,False,margin,0.0,0.0,0.0,0,0,,,"[{'asset': {'symbol': 'SPY', 'type': 'stock'}, 'quantity': 10.0}]",0.0,0.0,0.0,0.0,0.0,0.0,0.0,100846.19995117166
2026-08-20 16:00:00-04:00,100846.19995117188,93142.60009765625,0.0,0.0,0.0,False,margin,0.0,0.0,0.0,0,0,,,"[{'asset': {'symbol': 'SPY', 'type': 'stock'}, 'quantity': 10.0}]",0.0,0.0,0.0,0.0,0.0,0.0,0.0,100846.19995117166
2026-08-21 08:30:00-04:00,100802.20031738281,93142.60009765625,0.0,0.0,0.0,False,margin,0.0,0.0,0.0,0,0,,,"[{'asset': {'symbol': 'SPY', 'type': 'stock'}, 'quantity': 10.0}]",0.0,0.0,0.0,0.0,0.0,0.0,-0.0004363043308559611,100802.20031738258
2026-08-21 09:30:00-04:00,100802.20031738281,93142.60009765625,0.0,0.0,0.0,False,margin,0.0,0.0,0.0,0,0,,,"[{'asset': {'symbol': 'SPY', 'type': 'stock'}, 'quantity': 10.0}]",0.0,0.0,0.0,0.0,0.0,0.0,0.0,100802.20031738258
2026-08-21 09:30:00-04:00,100802.20031738281,93142.60009765625,0.0,0.0,0.0,False,margin,0.0,0.0,0.0,0,0,,,"[{'asset': {'symbol': 'SPY', 'type': 'stock'}, 'quantity': 10.0}]",0.0,0.0,0.0,0.0,0.0,0.0,0.0,100802.20031738258
2026-08-21 16:00:00-04:00,100802.20031738281,93142.60009765625,0.0,0.0,0.0,False,margin,0.0,0.0,0.0,0,0,,,"[{'asset': {'symbol': 'SPY', 'type': 'stock'}, 'quantity': 10.0}]",0.0,0.0,0.0,0.0,0.0,0.0,0.0,100802.20031738258
2026-08-24 08:30:00-04:00,100803.09997558594,93142.60009765625,0.0,0.0,0.0,False,margin,0.0,0.0,0.0,0,0,,,"[{'asset': {'symbol': 'SPY', 'type': 'stock'}, 'quantity': 10.0}]",0.0,0.0,0.0,0.0,0.0,0.0,8.924985767099953e-06,100803.09997558572
2026-08-24 09:30:00-04:00,100803.09997558594,93142.60009765625,0.0,0.0,0.0,False,margin,0.0,0.0,0.0,0,0,,,"[{'asset': {'symbol': 'SPY', 'type': 'stock'}, 'quantity': 10.0}]",0.0,0.0,0.0,0.0,0.0,0.0,0.0,100803.09997558572
2026-08-24 09:30:00-04:00,100803.09997558594,93142.60009765625,0.0,0.0,0.0,False,margin,0.0,0.0,0.0,0,0,,,"[{'asset': {'symbol': 'SPY', 'type': 'stock'}, 'quantity': 10.0}]",0.0,0.0,0.0,0.0,0.0,0.0,0.0,100803.09997558572
2026-08-24 16:00:00-04:00,100803.09997558594,93142.60009765625,0.0,0.0,0.0,False,margin,0.0,0.0,0.0,0,0,,,"[{'asset': {'symbol': 'SPY', 'type': 'stock'}, 'quantity': 10.0}]",0.0,0.0,0.0,0.0,0.0,0.0,0.0,100803.09997558572
2026-08-25 08:30:00-04:00,100790.400390625,93142.60009765625,0.0,0.0,0.0,False,margin,0.0,0.0,0.0,0,0,,,"[{'asset': {'symbol': 'SPY', 'type': 'stock'}, 'quantity': 10.0}]",0.0,0.0,0.0,0.0,0.0,0.0,-0.00012598407156142304,100790.4003906248
2026-08-25 09:30:00-04:00,100790.400390625,93142.60009765625,0.0,0.0,0.0,False,margin,0.0,0.0,0.0,0,0,,,"[{'asset': {'symbol': 'SPY', 'type': 'stock'}, 'quantity': 10.0}]",0.0,0.0,0.0,0.0,0.0,0.0,0.0,100790.4003906248
2026-08-25 09:30:00-04:00,100790.400390625,93142.60009765625,0.0,0.0,0.0,False,margin,0.0,0.0,0.0,0,0,,,"[{'asset': {'symbol': 'SPY', 'type': 'stock'}, 'quantity': 10.0}]",0.0,0.0,0.0,0.0,0.0,0.0,0.0,100790.4003906248
2026-08-25 16:00:00-04:00,100790.400390625,93142.60009765625,0.0,0.0,0.0,False,margin,0.0,0.0,0.0,0,0,,,"[{'asset': {'symbol': 'SPY', 'type': 'stock'}, 'quantity': 10.0}]",0.0,0.0,0.0,0.0,0.0,0.0,0.0,100790.4003906248
2026-08-26 08:30:00-04:00,100804.19982910156,93142.60009765625,0.0,0.0,0.0,False,margin,0.0,0.0,0.0,0,0,,,"[{'asset': {'symbol': 'SPY', 'type': 'stock'}, 'quantity': 10.0}]",0.0,0.0,0.0,0.0,0.0,0.0,0.0001369122299651669,100804.19982910136
2026-08-26 09:30:00-04:00,100804.19982910156,93142.60009765625,0.0,0.0,0.0,False,margin,0.0,0.0,0.0,0,0,,,"[{'asset': {'symbol': 'SPY', 'type': 'stock'}, 'quantity': 10.0}]",0.0,0.0,0.0,0.0,0.0,0.0,0.0,100804.19982910136
2026-08-26 09:30:00-04:00,100804.19982910156,93142.60009765625,0.0,0.0,0.0,False,margin,0.0,0.0,0.0,0,0,,,"[{'asset': {'symbol': 'SPY', 'type': 'stock'}, 'quantity': 10.0}]",0.0,0.0,0.0,0.0,0.0,0.0,0.0,100804.19982910136
2026-08-26 16:00:00-04:00,100804.19982910156,93142.60009765625,0.0,0.0,0.0,False,margin,0.0,0.0,0.0,0,0,,,"[{'asset': {'symbol': 'SPY', 'type': 'stock'}, 'quantity': 10.0}]",0.0,0.0,0.0,0.0,0.0,0.0,0.0,100804.19982910136
2026-08-27 08:30:00-04:00,100789.89990234375,93142.60009765625,0.0,0.0,0.0,False,margin,0.0,0.0,0.0,0,0,,,"[{'asset': {'symbol': 'SPY', 'type': 'stock'}, 'quantity': 10.0}]",0.0,0.0,0.0,0.0,0.0,0.0,-0.00014185844222816,100789.89990234355
2026-08-27 09:30:00-04:00,100789.89990234375,93142.60009765625,0.0,0.0,0.0,False,margin,0.0,0.0,0.0,0,0,,,"[{'asset': {'symbol': 'SPY', 'type': 'stock'}, 'quantity': 10.0}]",0.0,0.0,0.0,0.0,0.0,0.0,0.0,100789.89990234355
2026-08-27 09:30:00-04:00,100789.89990234375,93142.60009765625,0.0,0.0,0.0,False,margin,0.0,0.0,0.0,0,0,,,"[{'asset': {'symbol': 'SPY', 'type': 'stock'}, 'quantity': 10.0}]",0.0,0.0,0.0,0.0,0.0,0.0,0.0,100789.89990234355
2026-08-27 16:00:00-04:00,100789.89990234375,93142.60009765625,0.0,0.0,0.0,False,margin,0.0,0.0,0.0,0,0,,,"[{'asset': {'symbol': 'SPY', 'type': 'stock'}, 'quantity': 10.0}]",0.0,0.0,0.0,0.0,0.0,0.0,0.0,100789.89990234355
2026-08-28 08:30:00-04:00,100827.60009765625,93142.60009765625,0.0,0.0,0.0,False,margin,0.0,0.0,0.0,0,0,,,"[{'asset': {'symbol': 'SPY', 'type': 'stock'}, 'quantity': 10.0}]",0.0,0.0,0.0,0.0,0.0,0.0,0.00037404735344541526,100827.60009765606
2026-08-28 09:30:00-04:00,100827.60009765625,93142.60009765625,0.0,0.0,0.0,False,margin,0.0,0.0,0.0,0,0,,,"[{'asset': {'symbol': 'SPY', 'type': 'stock'}, 'quantity': 10.0}]",0.0,0.0,0.0,0.0,0.0,0.0,0.0,100827.60009765606
2026-08-28 09:30:00-04:00,100827.60009765625,93142.60009765625,0.0,0.0,0.0,False,margin,0.0,0.0,0.0,0,0,,,"[{'asset': {'symbol': 'SPY', 'type': 'stock'}, 'quantity': 10.0}]",0.0,0.0,0.0,0.0,0.0,0.0,0.0,100827.60009765606
2026-08-28 16:00:00-04:00,100827.60009765625,93142.60009765625,0.0,0.0,0.0,False,margin,0.0,0.0,0.0,0,0,,,"[{'asset': {'symbol': 'SPY', 'type': 'stock'}, 'quantity': 10.0}]",0.0,0.0,0.0,0.0,0.0,0.0,0.0,100827.60009765606
2026-08-31 08:30:00-04:00,100860.2001953125,93142.60009765625,0.0,0.0,0.0,False,margin,0.0,0.0,0.0,0,0,,,"[{'asset': {'symbol': 'SPY', 'type': 'stock'}, 'quantity': 10.0}]",0.0,0.0,0.0,0.0,0.0,0.0,0.00032332513740955136,100860.2001953123
2026-08-31 09:30:00-04:00,100860.2001953125,93142.60009765625,0.0,0.0,0.0,False,margin,0.0,0.0,0.0,0,0,,,"[{'asset': {'symbol': 'SPY', 'type': 'stock'}, 'quantity': 10.0}]",0.0,0.0,0.0,0.0,0.0,0.0,0.0,100860.2001953123
2026-08-31 09:30:00-04:00,100860.2001953125,93142.60009765625,0.0,0.0,0.0,False,margin,0.0,0.0,0.0,0,0,,,"[{'asset': {'symbol': 'SPY', 'type': 'stock'}, 'quantity': 10.0}]",0.0,0.0,0.0,0.0,0.0,0.0,0.0,100860.2001953123
2026-08-31 16:00:00-04:00,100860.2001953125,93142.60009765625,0.0,0.0,0.0,False,margin,0.0,0.0,0.0,0,0,,,"[{'asset': {'symbol': 'SPY', 'type': 'stock'}, 'quantity': 10.0}]",0.0,0.0,0.0,0.0,0.0,0.0,0.0,100860.2001953123
2026-09-01 08:30:00-04:00,100815.90026855469,93142.60009765625,0.0,0.0,0.0,False,margin,0.0,0.0,0.0,0,0,,,"[{'asset': {'symbol': 'SPY', 'type': 'stock'}, 'quantity': 10.0}]",0.0,0.0,0.0,0.0,0.0,0.0,-0.0004392210869304952,100815.9002685545
2026-09-01 09:30:00-04:00,100815.90026855469,93142.60009765625,0.0,0.0,0.0,False,margin,0.0,0.0,0.0,0,0,,,"[{'asset': {'symbol': 'SPY', 'type': 'stock'}, 'quantity': 10.0}]",0.0,0.0,0.0,0.0,0.0,0.0,0.0,100815.9002685545
2026-09-01 09:30:00-04:00,100815.90026855469,93142.60009765625,0.0,0.0,0.0,False,margin,0.0,0.0,0.0,0,0,,,"[{'asset': {'symbol': 'SPY', 'type': 'stock'}, 'quantity': 10.0}]",0.0,0.0,0.0,0.0,0.0,0.0,0.0,100815.9002685545
2026-09-01 16:00:00-04:00,100815.90026855469,93142.60009765625,0.0,0.0,0.0,False,margin,0.0,0.0,0.0,0,0,,,"[{'asset': {'symbol': 'SPY', 'type': 'stock'}, 'quantity': 10.0}]",0.0,0.0,0.0,0.0,0.0,0.0,0.0,100815.9002685545
2026-09-02 08:30:00-04:00,100762.7001953125,93142.60009765625,0.0,0.0,0.0,False,margin,0.0,0.0,0.0,0,0,,,"[{'asset': {'symbol': 'SPY', 'type': 'stock'}, 'quantity': 10.0}]",0.0,0.0,0.0,0.0,0.0,0.0,-0.0005276952653348575,100762.70019531231
2026-09-02 09:30:00-04:00,100762.7001953125,93142.60009765625,0.0,0.0,0.0,False,margin,0.0,0.0,0.0,0,0,,,"[{'asset': {'symbol': 'SPY', 'type': 'stock'}, 'quantity': 10.0}]",0.0,0.0,0.0,0.0,0.0,0.0,0.0,100762.70019531231
2026-09-02 09:30:00-04:00,100762.7001953125,93142.60009765625,0.0,0.0,0.0,False,margin,0.0,0.0,0.0,0,0,,,"[{'asset': {'symbol': 'SPY', 'type': 'stock'}, 'quantity': 10.0}]",0.0,0.0,0.0,0.0,0.0,0.0,0.0,100762.70019531231
2026-09-02 16:00:00-04:00,100762.7001953125,93142.60009765625,0.0,0.0,0.0,False,margin,0.0,0.0,0.0,0,0,,,"[{'asset': {'symbol': 'SPY', 'type': 'stock'}, 'quantity': 10.0}]",0.0,0.0,0.0,0.0,0.0,0.0,0.0,100762.70019531231
2026-09-03 08:30:00-04:00,100767.10021972656,93142.60009765625,0.0,0.0,0.0,False,margin,0.0,0.0,0.0,0,0,,,"[{'asset': {'symbol': 'SPY', 'type': 'stock'}, 'quantity': 10.0}]",0.0,0.0,0.0,0.0,0.0,0.0,4.366719436392386e-05,100767.10021972637
2026-09-03 09:30:00-04:00,100767.10021972656,93142.60009765625,0.0,0.0,0.0,False,margin,0.0,0.0,0.0,0,0,,,"[{'asset': {'symbol': 'SPY', 'type': 'stock'}, 'quantity': 10.0}]",0.0,0.0,0.0,0.0,0.0,0.0,0.0,100767.10021972637
2026-09-03 09:30:00-04:00,100767.10021972656,93142.60009765625,0.0,0.0,0.0,False,margin,0.0,0.0,0.0,0,0,,,"[{'asset': {'symbol': 'SPY', 'type': 'stock'}, 'quantity': 10.0}]",0.0,0.0,0.0,0.0,0.0,0.0,0.0,100767.10021972637
2026-09-03 16:00:00-04:00,100767.10021972656,93142.60009765625,0.0,0.0,0.0,False,margin,0.0,0.0,0.0,0,0,,,"[{'asset': {'symbol': 'SPY', 'type': 'stock'}, 'quantity': 10.0}]",0.0,0.0,0.0,0.0,0.0,0.0,0.0,100767.10021972637
2026-09-04 08:30:00-04:00,100821.60034179688,93142.60009765625,0.0,0.0,0.0,False,margin,0.0,0.0,0.0,0,0,,,"[{'asset': {'symbol': 'SPY', 'type': 'stock'}, 'quantity': 10.0}]",0.0,0.0,0.0,0.0,0.0,0.0,0.0005408523412053426,100821.60034179669
2026-09-04 09:30:00-04:00,100821.60034179688,93142.60009765625,0.0,0.0,0.0,False,margin,0.0,0.0,0.0,0,0,,,"[{'asset': {'symbol': 'SPY', 'type': 'stock'}, 'quantity': 10.0}]",0.0,0.0,0.0,0.0,0.0,0.0,0.0,100821.60034179669
2026-09-04 09:30:00-04:00,100821.60034179688,93142.60009765625,0.0,0.0,0.0,False,margin,0.0,0.0,0.0,0,0,,,"[{'asset': {'symbol': 'SPY', 'type': 'stock'}, 'quantity': 10.0}]",0.0,0.0,0.0,0.0,0.0,0.0,0.0,100821.60034179669
2026-09-04 16:00:00-04:00,100821.60034179688,93142.60009765625,0.0,0.0,0.0,False,margin,0.0,0.0,0.0,0,0,,,"[{'asset': {'symbol': 'SPY', 'type': 'stock'}, 'quantity': 10.0}]",0.0,0.0,0.0,0.0,0.0,0.0,0.0,100821.60034179669
2026-09-08 08:30:00-04:00,100862.7001953125,93142.60009765625,0.0,0.0,0.0,False,margin,0.0,0.0,0.0,0,0,,,"[{'asset': {'symbol': 'SPY', 'type': 'stock'}, 'quantity': 10.0}]",0.0,0.0,0.0,0.0,0.0,0.0,0.00040764928721912516,100862.70019531231
2026-09-08 09:30:00-04:00,100862.7001953125,93142.60009765625,0.0,0.0,0.0,False,margin,0.0,0.0,0.0,0,0,,,"[{'asset': {'symbol': 'SPY', 'type': 'stock'}, 'quantity': 10.0}]",0.0,0.0,0.0,0.0,0.0,0.0,0.0,100862.70019531231
2026-09-08 09:30:00-04:00,100862.7001953125,93142.60009765625,0.0,0.0,0.0,False,margin,0.0,0.0,0.0,0,0,,,"[{'asset': {'symbol': 'SPY', 'type': 'stock'}, 'quantity': 10.0}]",0.0,0.0,0.0,0.0,0.0,0.0,0.0,100862.70019531231
2026-09-08 16:00:00-04:00,100862.7001953125,93142.60009765625,0.0,0.0,0.0,False,margin,0.0,0.0,0.0,0,0,,,"[{'asset': {'symbol': 'SPY', 'type': 'stock'}, 'quantity': 10.0}]",0.0,0.0,0.0,0.0,0.0,0.0,0.0,100862.70019531231
2026-09-09 08:30:00-04:00,100833.30017089844,93142.60009765625,0.0,0.0,0.0,False,margin,0.0,0.0,0.0,0,0,,,"[{'asset': {'symbol': 'SPY', 'type': 'stock'}, 'quantity': 10.0}]",0.0,0.0,0.0,0.0,0.0,0.0,-0.00029148559732320985,100833.30017089826
2026-09-09 09:30:00-04:00,100833.30017089844,93142.60009765625,0.0,0.0,0.0,False,margin,0.0,0.0,0.0,0,0,,,"[{'asset': {'symbol': 'SPY', 'type': 'stock'}, 'quantity': 10.0}]",0.0,0.0,0.0,0.0,0.0,0.0,0.0,100833.30017089826
2026-09-09 09:30:00-04:00,100833.30017089844,93142.60009765625,0.0,0.0,0.0,False,margin,0.0,0.0,0.0,0,0,,,"[{'asset': {'symbol': 'SPY', 'type': 'stock'}, 'quantity': 10.0}]",0.0,0.0,0.0,0.0,0.0,0.0,0.0,100833.30017089826
2026-09-09 16:00:00-04:00,100833.30017089844,93142.60009765625,0.0,0.0,0.0,False,margin,0.0,0.0,0.0,0,0,,,"[{'asset': {'symbol': 'SPY', 'type': 'stock'}, 'quantity': 10.0}]",0.0,0.0,0.0,0.0,0.0,0.0,0.0,100833.30017089826
2026-09-10 08:30:00-04:00,100783.40026855469,93142.60009765625,0.0,0.0,0.0,False,margin,0.0,0.0,0.0,0,0,,,"[{'asset': {'symbol': 'SPY', 'type': 'stock'}, 'quantity': 10.0}]",0.0,0.0,0.0,0.0,0.0,0.0,-0.0004948752273224876,100783.40026855453
2026-09-10 09:30:00-04:00,100783.40026855469,93142.60009765625,0.0,0.0,0.0,False,margin,0.0,0.0,0.0,0,0,,,"[{'asset': {'symbol': 'SPY', 'type': 'stock'}, 'quantity': 10.0}]",0.0,0.0,0.0,0.0,0.0,0.0,0.0,100783.40026855453
2026-09-10 09:30:00-04:00,100783.40026855469,93142.60009765625,0.0,0.0,0.0,False,margin,0.0,0.0,0.0,0,0,,,"[{'asset': {'symbol': 'SPY', 'type': 'stock'}, 'quantity': 10.0}]",0.0,0.0,0.0,0.0,0.0,0.0,0.0,100783.40026855453
2026-09-10 16:00:00-04:00,100783.40026855469,93142.60009765625,0.0,0.0,0.0,False,margin,0.0,0.0,0.0,0,0,,,"[{'asset': {'symbol': 'SPY', 'type': 'stock'}, 'quantity': 10.0}]",0.0,0.0,0.0,0.0,0.0,0.0,0.0,100783.40026855453
2026-09-11 08:30:00-04:00,100722.900390625,93142.60009765625,0.0,0.0,0.0,False,margin,0.0,0.0,0.0,0,0,,,"[{'asset': {'symbol': 'SPY', 'type': 'stock'}, 'quantity': 10.0}]",0.0,0.0,0.0,0.0,0.0,0.0,-0.0006002960583635318,100722.90039062484
2026-09-11 09:30:00-04:00,100722.900390625,93142.60009765625,0.0,0.0,0.0,False,margin,0.0,0.0,0.0,0,0,,,"[{'asset': {'symbol': 'SPY', 'type': 'stock'}, 'quantity': 10.0}]",0.0,0.0,0.0,0.0,0.0,0.0,0.0,100722.90039062484
2026-09-11 09:30:00-04:00,100722.900390625,93142.60009765625,0.0,0.0,0.0,False,margin,0.0,0.0,0.0,0,0,,,"[{'asset': {'symbol': 'SPY', 'type': 'stock'}, 'quantity': 10.0}]",0.0,0.0,0.0,0.0,0.0,0.0,0.0,100722.90039062484
2026-09-11 16:00:00-04:00,100722.900390625,93142.60009765625,0.0,0.0,0.0,False,margin,0.0,0.0,0.0,0,0,,,"[{'asset': {'symbol': 'SPY', 'type': 'stock'}, 'quantity': 10.0}]",0.0,0.0,0.0,0.0,0.0,0.0,0.0,100722.90039062484
2026-09-14 08:30:00-04:00,100789.7998046875,93142.60009765625,0.0,0.0,0.0,False,margin,0.0,0.0,0.0,0,0,,,"[{'asset': {'symbol': 'SPY', 'type': 'stock'}, 'quantity': 10.0}]",0.0,0.0,0.0,0.0,0.0,0.0,0.0006641926890811298,100789.79980468734
2026-09-14 09:30:00-04:00,100789.7998046875,93142.60009765625,0.0,0.0,0.0,False,margin,0.0,0.0,0.0,0,0,,,"[{'asset': {'symbol': 'SPY', 'type': 'stock'}, 'quantity': 10.0}]",0.0,0.0,0.0,0.0,0.0,0.0,0.0,100789.79980468734
2026-09-14 09:30:00-04:00,100789.7998046875,93142.60009765625,0.0,0.0,0.0,False,margin,0.0,0.0,0.0,0,0,,,"[{'asset': {'symbol': 'SPY', 'type': 'stock'}, 'quantity': 10.0}]",0.0,0.0,0.0,0.0,0.0,0.0,0.0,100789.79980468734
2026-09-14 16:00:00-04:00,100789.7998046875,93142.60009765625,0.0,0.0,0.0,False,margin,0.0,0.0,0.0,0,0,,,"[{'asset': {'symbol': 'SPY', 'type': 'stock'}, 'quantity': 10.0}]",0.0,0.0,0.0,0.0,0.0,0.0,0.0,100789.79980468734
