datetime,portfolio_value,cash,cash_deposits_total,cash_withdrawals_total,cash_adjustments_net_total,cash_financing_enabled,cash_financing_account_mode,cash_financing_credit_total,cash_financing_debit_total,cash_financing_net_total,cash_financing_days_accrued,cash_financing_events,cash_financing_last_credit_rate_used,cash_financing_last_debit_rate_used,positions,cash_deposits_period,cash_withdrawals_period,cash_adjustments_net_period,cash_financing_credit_period,cash_financing_debit_period,cash_financing_net_period,return,cash_adjusted_portfolio_value
2025-12-15 08:30:00-05:00,100000.0,100000.0,0.0,0.0,0.0,False,margin,0.0,0.0,0.0,0,0,,,[],0.0,0.0,0.0,0.0,0.0,0.0,,100000.0
2025-12-15 09:30:00-05:00,100000.0,100000.0,0.0,0.0,0.0,False,margin,0.0,0.0,0.0,0,0,,,[],0.0,0.0,0.0,0.0,0.0,0.0,0.0,100000.0
2025-12-15 09:30:00-05:00,100000.0,100000.0,0.0,0.0,0.0,False,margin,0.0,0.0,0.0,0,0,,,[],0.0,0.0,0.0,0.0,0.0,0.0,0.0,100000.0
2025-12-15 16:00:00-05:00,100177.38946533203,49940.980712890625,0.0,0.0,0.0,False,margin,0.0,0.0,0.0,0,0,,,"[{'asset': {'symbol': 'SPY', 'type': 'stock'}, 'quantity': 73.0}]",0.0,0.0,0.0,0.0,0.0,0.0,0.0017738946533203126,100177.38946533203
2025-12-16 08:30:00-05:00,100000.0,49940.980712890625,0.0,0.0,0.0,False,margin,0.0,0.0,0.0,0,0,,,"[{'asset': {'symbol': 'SPY', 'type': 'stock'}, 'quantity': 73.0}]",0.0,0.0,0.0,0.0,0.0,0.0,-0.0017707535231133136,100000.0
2025-12-16 09:30:00-05:00,100000.0,49940.980712890625,0.0,0.0,0.0,False,margin,0.0,0.0,0.0,0,0,,,"[{'asset': {'symbol': 'SPY', 'type': 'stock'}, 'quantity': 73.0}]",0.0,0.0,0.0,0.0,0.0,0.0,0.0,100000.0
2025-12-16 09:30:00-05:00,100000.0,49940.980712890625,0.0,0.0,0.0,False,margin,0.0,0.0,0.0,0,0,,,"[{'asset': {'symbol': 'SPY', 'type': 'stock'}, 'quantity': 73.0}]",0.0,0.0,0.0,0.0,0.0,0.0,0.0,100000.0
2025-12-16 16:00:00-05:00,100000.0,49940.980712890625,0.0,0.0,0.0,False,margin,0.0,0.0,0.0,0,0,,,"[{'asset': {'symbol': 'SPY', 'type': 'stock'}, 'quantity': 73.0}]",0.0,0.0,0.0,0.0,0.0,0.0,0.0,100000.0
2025-12-17 08:30:00-05:00,99524.76928710938,49940.980712890625,0.0,0.0,0.0,False,margin,0.0,0.0,0.0,0,0,,,"[{'asset': {'symbol': 'SPY', 'type': 'stock'}, 'quantity': 73.0}]",0.0,0.0,0.0,0.0,0.0,0.0,-0.00475230712890625,99524.76928710938
2025-12-17 09:30:00-05:00,99524.76928710938,49940.980712890625,0.0,0.0,0.0,False,margin,0.0,0.0,0.0,0,0,,,"[{'asset': {'symbol': 'SPY', 'type': 'stock'}, 'quantity': 73.0}]",0.0,0.0,0.0,0.0,0.0,0.0,0.0,99524.76928710938
2025-12-17 09:30:00-05:00,99524.76928710938,49940.980712890625,0.0,0.0,0.0,False,margin,0.0,0.0,0.0,0,0,,,"[{'asset': {'symbol': 'SPY', 'type': 'stock'}, 'quantity': 73.0}]",0.0,0.0,0.0,0.0,0.0,0.0,0.0,99524.76928710938
2025-12-17 16:00:00-05:00,99524.76928710938,49940.980712890625,0.0,0.0,0.0,False,margin,0.0,0.0,0.0,0,0,,,"[{'asset': {'symbol': 'SPY', 'type': 'stock'}, 'quantity': 73.0}]",0.0,0.0,0.0,0.0,0.0,0.0,0.0,99524.76928710938
2025-12-18 08:30:00-05:00,99572.95178222656,49940.980712890625,0.0,0.0,0.0,False,margin,0.0,0.0,0.0,0,0,,,"[{'asset': {'symbol': 'SPY', 'type': 'stock'}, 'quantity': 73.0}]",0.0,0.0,0.0,0.0,0.0,0.0,0.00048412566502104097,99572.95178222655
2025-12-18 09:30:00-05:00,99572.95178222656,49940.980712890625,0.0,0.0,0.0,False,margin,0.0,0.0,0.0,0,0,,,"[{'asset': {'symbol': 'SPY', 'type': 'stock'}, 'quantity': 73.0}]",0.0,0.0,0.0,0.0,0.0,0.0,0.0,99572.95178222655
2025-12-18 09:30:00-05:00,99572.95178222656,49940.980712890625,0.0,0.0,0.0,False,margin,0.0,0.0,0.0,0,0,,,"[{'asset': {'symbol': 'SPY', 'type': 'stock'}, 'quantity': 73.0}]",0.0,0.0,0.0,0.0,0.0,0.0,0.0,99572.95178222655
2025-12-18 16:00:00-05:00,99572.95178222656,49940.980712890625,0.0,0.0,0.0,False,margin,0.0,0.0,0.0,0,0,,,"[{'asset': {'symbol': 'SPY', 'type': 'stock'}, 'quantity': 73.0}]",0.0,0.0,0.0,0.0,0.0,0.0,0.0,99572.95178222655
2025-12-19 08:30:00-05:00,99405.77893066406,49940.980712890625,0.0,0.0,0.0,False,margin,0.0,0.0,0.0,0,0,,,"[{'asset': {'symbol': 'SPY', 'type': 'stock'}, 'quantity': 73.0}]",0.0,0.0,0.0,0.0,0.0,0.0,-0.0016788982205541063,99405.77893066405
2025-12-19 09:30:00-05:00,99405.77893066406,49940.980712890625,0.0,0.0,0.0,False,margin,0.0,0.0,0.0,0,0,,,"[{'asset': {'symbol': 'SPY', 'type': 'stock'}, 'quantity': 73.0}]",0.0,0.0,0.0,0.0,0.0,0.0,0.0,99405.77893066405
2025-12-19 09:30:00-05:00,99405.77893066406,49940.980712890625,0.0,0.0,0.0,False,margin,0.0,0.0,0.0,0,0,,,"[{'asset': {'symbol': 'SPY', 'type': 'stock'}, 'quantity': 73.0}]",0.0,0.0,0.0,0.0,0.0,0.0,0.0,99405.77893066405
2025-12-19 16:00:00-05:00,99405.77893066406,49940.980712890625,0.0,0.0,0.0,False,margin,0.0,0.0,0.0,0,0,,,"[{'asset': {'symbol': 'SPY', 'type': 'stock'}, 'quantity': 73.0}]",0.0,0.0,0.0,0.0,0.0,0.0,0.0,99405.77893066405
2025-12-22 08:30:00-05:00,99332.05267333984,49940.980712890625,0.0,0.0,0.0,False,margin,0.0,0.0,0.0,0,0,,,"[{'asset': {'symbol': 'SPY', 'type': 'stock'}, 'quantity': 73.0}]",0.0,0.0,0.0,0.0,0.0,0.0,-0.0007416697310489676,99332.05267333983
2025-12-22 09:30:00-05:00,99332.05267333984,49940.980712890625,0.0,0.0,0.0,False,margin,0.0,0.0,0.0,0,0,,,"[{'asset': {'symbol': 'SPY', 'type': 'stock'}, 'quantity': 73.0}]",0.0,0.0,0.0,0.0,0.0,0.0,0.0,99332.05267333983
2025-12-22 09:30:00-05:00,99332.05267333984,49940.980712890625,0.0,0.0,0.0,False,margin,0.0,0.0,0.0,0,0,,,"[{'asset': {'symbol': 'SPY', 'type': 'stock'}, 'quantity': 73.0}]",0.0,0.0,0.0,0.0,0.0,0.0,0.0,99332.05267333983
2025-12-22 16:00:00-05:00,99332.05267333984,49940.980712890625,0.0,0.0,0.0,False,margin,0.0,0.0,0.0,0,0,,,"[{'asset': {'symbol': 'SPY', 'type': 'stock'}, 'quantity': 73.0}]",0.0,0.0,0.0,0.0,0.0,0.0,0.0,99332.05267333983
2025-12-23 08:30:00-05:00,99868.60089111328,49940.980712890625,0.0,0.0,0.0,False,margin,0.0,0.0,0.0,0,0,,,"[{'asset': {'symbol': 'SPY', 'type': 'stock'}, 'quantity': 73.0}]",0.0,0.0,0.0,0.0,0.0,0.0,0.005401561765142541,99868.60089111328
2025-12-23 09:30:00-05:00,99868.60089111328,49940.980712890625,0.0,0.0,0.0,False,margin,0.0,0.0,0.0,0,0,,,"[{'asset': {'symbol': 'SPY', 'type': 'stock'}, 'quantity': 73.0}]",0.0,0.0,0.0,0.0,0.0,0.0,0.0,99868.60089111328
2025-12-23 09:30:00-05:00,99868.60089111328,49940.980712890625,0.0,0.0,0.0,False,margin,0.0,0.0,0.0,0,0,,,"[{'asset': {'symbol': 'SPY', 'type': 'stock'}, 'quantity': 73.0}]",0.0,0.0,0.0,0.0,0.0,0.0,0.0,99868.60089111328
2025-12-23 16:00:00-05:00,99868.60089111328,49940.980712890625,0.0,0.0,0.0,False,margin,0.0,0.0,0.0,0,0,,,"[{'asset': {'symbol': 'SPY', 'type': 'stock'}, 'quantity': 73.0}]",0.0,0.0,0.0,0.0,0.0,0.0,0.0,99868.60089111328
2025-12-24 08:30:00-05:00,99867.13946533203,49940.980712890625,0.0,0.0,0.0,False,margin,0.0,0.0,0.0,0,0,,,"[{'asset': {'symbol': 'SPY', 'type': 'stock'}, 'quantity': 73.0}]",0.0,0.0,0.0,0.0,0.0,0.0,-1.4633486082811877e-05,99867.13946533203
2025-12-24 09:30:00-05:00,99867.13946533203,49940.980712890625,0.0,0.0,0.0,False,margin,0.0,0.0,0.0,0,0,,,"[{'asset': {'symbol': 'SPY', 'type': 'stock'}, 'quantity': 73.0}]",0.0,0.0,0.0,0.0,0.0,0.0,0.0,99867.13946533203
2025-12-24 09:30:00-05:00,99867.13946533203,49940.980712890625,0.0,0.0,0.0,False,margin,0.0,0.0,0.0,0,0,,,"[{'asset': {'symbol': 'SPY', 'type': 'stock'}, 'quantity': 73.0}]",0.0,0.0,0.0,0.0,0.0,0.0,0.0,99867.13946533203
2025-12-24 13:00:00-05:00,99867.13946533203,49940.980712890625,0.0,0.0,0.0,False,margin,0.0,0.0,0.0,0,0,,,"[{'asset': {'symbol': 'SPY', 'type': 'stock'}, 'quantity': 73.0}]",0.0,0.0,0.0,0.0,0.0,0.0,0.0,99867.13946533203
2025-12-26 08:30:00-05:00,100161.3316040039,49940.980712890625,0.0,0.0,0.0,False,margin,0.0,0.0,0.0,0,0,,,"[{'asset': {'symbol': 'SPY', 'type': 'stock'}, 'quantity': 73.0}]",0.0,0.0,0.0,0.0,0.0,0.0,0.002945835239167946,100161.3316040039
2025-12-26 09:30:00-05:00,100161.3316040039,49940.980712890625,0.0,0.0,0.0,False,margin,0.0,0.0,0.0,0,0,,,"[{'asset': {'symbol': 'SPY', 'type': 'stock'}, 'quantity': 73.0}]",0.0,0.0,0.0,0.0,0.0,0.0,0.0,100161.3316040039
2025-12-26 09:30:00-05:00,100161.3316040039,49940.980712890625,0.0,0.0,0.0,False,margin,0.0,0.0,0.0,0,0,,,"[{'asset': {'symbol': 'SPY', 'type': 'stock'}, 'quantity': 73.0}]",0.0,0.0,0.0,0.0,0.0,0.0,0.0,100161.3316040039
2025-12-26 16:00:00-05:00,100161.3316040039,49940.980712890625,0.0,0.0,0.0,False,margin,0.0,0.0,0.0,0,0,,,"[{'asset': {'symbol': 'SPY', 'type': 'stock'}, 'quantity': 73.0}]",0.0,0.0,0.0,0.0,0.0,0.0,0.0,100161.3316040039
2025-12-29 08:30:00-05:00,100357.70178222656,49940.980712890625,0.0,0.0,0.0,False,margin,0.0,0.0,0.0,0,0,,,"[{'asset': {'symbol': 'SPY', 'type': 'stock'}, 'quantity': 73.0}]",0.0,0.0,0.0,0.0,0.0,0.0,0.0019605388135116053,100357.70178222656
2025-12-29 09:30:00-05:00,100357.70178222656,49940.980712890625,0.0,0.0,0.0,False,margin,0.0,0.0,0.0,0,0,,,"[{'asset': {'symbol': 'SPY', 'type': 'stock'}, 'quantity': 73.0}]",0.0,0.0,0.0,0.0,0.0,0.0,0.0,100357.70178222656
2025-12-29 09:30:00-05:00,100357.70178222656,49940.980712890625,0.0,0.0,0.0,False,margin,0.0,0.0,0.0,0,0,,,"[{'asset': {'symbol': 'SPY', 'type': 'stock'}, 'quantity': 73.0}]",0.0,0.0,0.0,0.0,0.0,0.0,0.0,100357.70178222656
2025-12-29 16:00:00-05:00,100357.70178222656,49940.980712890625,0.0,0.0,0.0,False,margin,0.0,0.0,0.0,0,0,,,"[{'asset': {'symbol': 'SPY', 'type': 'stock'}, 'quantity': 73.0}]",0.0,0.0,0.0,0.0,0.0,0.0,0.0,100357.70178222656
2025-12-30 08:30:00-05:00,100131.39910888672,49940.980712890625,0.0,0.0,0.0,False,margin,0.0,0.0,0.0,0,0,,,"[{'asset': {'symbol': 'SPY', 'type': 'stock'}, 'quantity': 73.0}]",0.0,0.0,0.0,0.0,0.0,0.0,-0.0022549606987903557,100131.3991088867
2025-12-30 09:30:00-05:00,100131.39910888672,49940.980712890625,0.0,0.0,0.0,False,margin,0.0,0.0,0.0,0,0,,,"[{'asset': {'symbol': 'SPY', 'type': 'stock'}, 'quantity': 73.0}]",0.0,0.0,0.0,0.0,0.0,0.0,0.0,100131.3991088867
2025-12-30 09:30:00-05:00,100131.39910888672,49940.980712890625,0.0,0.0,0.0,False,margin,0.0,0.0,0.0,0,0,,,"[{'asset': {'symbol': 'SPY', 'type': 'stock'}, 'quantity': 73.0}]",0.0,0.0,0.0,0.0,0.0,0.0,0.0,100131.3991088867
2025-12-30 16:00:00-05:00,100131.39910888672,49940.980712890625,0.0,0.0,0.0,False,margin,0.0,0.0,0.0,0,0,,,"[{'asset': {'symbol': 'SPY', 'type': 'stock'}, 'quantity': 73.0}]",0.0,0.0,0.0,0.0,0.0,0.0,0.0,100131.3991088867
2025-12-31 08:30:00-05:00,100124.8316040039,49940.980712890625,0.0,0.0,0.0,False,margin,0.0,0.0,0.0,0,0,,,"[{'asset': {'symbol': 'SPY', 'type': 'stock'}, 'quantity': 73.0}]",0.0,0.0,0.0,0.0,0.0,0.0,-6.5588865643141e-05,100124.83160400389
2025-12-31 09:30:00-05:00,100124.8316040039,49940.980712890625,0.0,0.0,0.0,False,margin,0.0,0.0,0.0,0,0,,,"[{'asset': {'symbol': 'SPY', 'type': 'stock'}, 'quantity': 73.0}]",0.0,0.0,0.0,0.0,0.0,0.0,0.0,100124.83160400389
2025-12-31 09:30:00-05:00,100124.8316040039,49940.980712890625,0.0,0.0,0.0,False,margin,0.0,0.0,0.0,0,0,,,"[{'asset': {'symbol': 'SPY', 'type': 'stock'}, 'quantity': 73.0}]",0.0,0.0,0.0,0.0,0.0,0.0,0.0,100124.83160400389
2025-12-31 16:00:00-05:00,100124.8316040039,49940.980712890625,0.0,0.0,0.0,False,margin,0.0,0.0,0.0,0,0,,,"[{'asset': {'symbol': 'SPY', 'type': 'stock'}, 'quantity': 73.0}]",0.0,0.0,0.0,0.0,0.0,0.0,0.0,100124.83160400389
2026-01-02 08:30:00-05:00,100102.20178222656,49940.980712890625,0.0,0.0,0.0,False,margin,0.0,0.0,0.0,0,0,,,"[{'asset': {'symbol': 'SPY', 'type': 'stock'}, 'quantity': 73.0}]",0.0,0.0,0.0,0.0,0.0,0.0,-0.00022601607827761684,100102.20178222655
2026-01-02 09:30:00-05:00,100102.20178222656,49940.980712890625,0.0,0.0,0.0,False,margin,0.0,0.0,0.0,0,0,,,"[{'asset': {'symbol': 'SPY', 'type': 'stock'}, 'quantity': 73.0}]",0.0,0.0,0.0,0.0,0.0,0.0,0.0,100102.20178222655
2026-01-02 09:30:00-05:00,100102.20178222656,49940.980712890625,0.0,0.0,0.0,False,margin,0.0,0.0,0.0,0,0,,,"[{'asset': {'symbol': 'SPY', 'type': 'stock'}, 'quantity': 73.0}]",0.0,0.0,0.0,0.0,0.0,0.0,0.0,100102.20178222655
2026-01-02 16:00:00-05:00,100102.20178222656,49940.980712890625,0.0,0.0,0.0,False,margin,0.0,0.0,0.0,0,0,,,"[{'asset': {'symbol': 'SPY', 'type': 'stock'}, 'quantity': 73.0}]",0.0,0.0,0.0,0.0,0.0,0.0,0.0,100102.20178222655
2026-01-05 08:30:00-05:00,99997.81231689453,49940.980712890625,0.0,0.0,0.0,False,margin,0.0,0.0,0.0,0,0,,,"[{'asset': {'symbol': 'SPY', 'type': 'stock'}, 'quantity': 73.0}]",0.0,0.0,0.0,0.0,0.0,0.0,-0.0010428288636361034,99997.81231689452
2026-01-05 09:30:00-05:00,99997.81231689453,49940.980712890625,0.0,0.0,0.0,False,margin,0.0,0.0,0.0,0,0,,,"[{'asset': {'symbol': 'SPY', 'type': 'stock'}, 'quantity': 73.0}]",0.0,0.0,0.0,0.0,0.0,0.0,0.0,99997.81231689452
2026-01-05 09:30:00-05:00,99997.81231689453,49940.980712890625,0.0,0.0,0.0,False,margin,0.0,0.0,0.0,0,0,,,"[{'asset': {'symbol': 'SPY', 'type': 'stock'}, 'quantity': 73.0}]",0.0,0.0,0.0,0.0,0.0,0.0,0.0,99997.81231689452
2026-01-05 16:00:00-05:00,99997.81231689453,49940.980712890625,0.0,0.0,0.0,False,margin,0.0,0.0,0.0,0,0,,,"[{'asset': {'symbol': 'SPY', 'type': 'stock'}, 'quantity': 73.0}]",0.0,0.0,0.0,0.0,0.0,0.0,0.0,99997.81231689452
2026-01-06 08:30:00-05:00,100058.39910888672,49940.980712890625,0.0,0.0,0.0,False,margin,0.0,0.0,0.0,0,0,,,"[{'asset': {'symbol': 'SPY', 'type': 'stock'}, 'quantity': 73.0}]",0.0,0.0,0.0,0.0,0.0,0.0,0.0006058811746819727,100058.39910888672
2026-01-06 09:30:00-05:00,100058.39910888672,49940.980712890625,0.0,0.0,0.0,False,margin,0.0,0.0,0.0,0,0,,,"[{'asset': {'symbol': 'SPY', 'type': 'stock'}, 'quantity': 73.0}]",0.0,0.0,0.0,0.0,0.0,0.0,0.0,100058.39910888672
2026-01-06 09:30:00-05:00,100058.39910888672,49940.980712890625,0.0,0.0,0.0,False,margin,0.0,0.0,0.0,0,0,,,"[{'asset': {'symbol': 'SPY', 'type': 'stock'}, 'quantity': 73.0}]",0.0,0.0,0.0,0.0,0.0,0.0,0.0,100058.39910888672
2026-01-06 16:00:00-05:00,100058.39910888672,49940.980712890625,0.0,0.0,0.0,False,margin,0.0,0.0,0.0,0,0,,,"[{'asset': {'symbol': 'SPY', 'type': 'stock'}, 'quantity': 73.0}]",0.0,0.0,0.0,0.0,0.0,0.0,0.0,100058.39910888672
2026-01-07 08:30:00-05:00,100159.87017822266,49940.980712890625,0.0,0.0,0.0,False,margin,0.0,0.0,0.0,0,0,,,"[{'asset': {'symbol': 'SPY', 'type': 'stock'}, 'quantity': 73.0}]",0.0,0.0,0.0,0.0,0.0,0.0,0.0010141184572173044,100159.87017822266
2026-01-07 09:30:00-05:00,100159.87017822266,49940.980712890625,0.0,0.0,0.0,False,margin,0.0,0.0,0.0,0,0,,,"[{'asset': {'symbol': 'SPY', 'type': 'stock'}, 'quantity': 73.0}]",0.0,0.0,0.0,0.0,0.0,0.0,0.0,100159.87017822266
2026-01-07 09:30:00-05:00,100159.87017822266,49940.980712890625,0.0,0.0,0.0,False,margin,0.0,0.0,0.0,0,0,,,"[{'asset': {'symbol': 'SPY', 'type': 'stock'}, 'quantity': 73.0}]",0.0,0.0,0.0,0.0,0.0,0.0,0.0,100159.87017822266
2026-01-07 16:00:00-05:00,100159.87017822266,49940.980712890625,0.0,0.0,0.0,False,margin,0.0,0.0,0.0,0,0,,,"[{'asset': {'symbol': 'SPY', 'type': 'stock'}, 'quantity': 73.0}]",0.0,0.0,0.0,0.0,0.0,0.0,0.0,100159.87017822266
2026-01-08 08:30:00-05:00,100470.85089111328,49940.980712890625,0.0,0.0,0.0,False,margin,0.0,0.0,0.0,0,0,,,"[{'asset': {'symbol': 'SPY', 'type': 'stock'}, 'quantity': 73.0}]",0.0,0.0,0.0,0.0,0.0,0.0,0.0031048434102128085,100470.85089111327
2026-01-08 09:30:00-05:00,100470.85089111328,49940.980712890625,0.0,0.0,0.0,False,margin,0.0,0.0,0.0,0,0,,,"[{'asset': {'symbol': 'SPY', 'type': 'stock'}, 'quantity': 73.0}]",0.0,0.0,0.0,0.0,0.0,0.0,0.0,100470.85089111327
2026-01-08 09:30:00-05:00,100470.85089111328,49940.980712890625,0.0,0.0,0.0,False,margin,0.0,0.0,0.0,0,0,,,"[{'asset': {'symbol': 'SPY', 'type': 'stock'}, 'quantity': 73.0}]",0.0,0.0,0.0,0.0,0.0,0.0,0.0,100470.85089111327
2026-01-08 16:00:00-05:00,100470.85089111328,49940.980712890625,0.0,0.0,0.0,False,margin,0.0,0.0,0.0,0,0,,,"[{'asset': {'symbol': 'SPY', 'type': 'stock'}, 'quantity': 73.0}]",0.0,0.0,0.0,0.0,0.0,0.0,0.0,100470.85089111327
2026-01-09 08:30:00-05:00,100224.8412475586,49940.980712890625,0.0,0.0,0.0,False,margin,0.0,0.0,0.0,0,0,,,"[{'asset': {'symbol': 'SPY', 'type': 'stock'}, 'quantity': 73.0}]",0.0,0.0,0.0,0.0,0.0,0.0,-0.0024485673344331878,100224.84124755856
2026-01-09 09:30:00-05:00,100224.8412475586,49940.980712890625,0.0,0.0,0.0,False,margin,0.0,0.0,0.0,0,0,,,"[{'asset': {'symbol': 'SPY', 'type': 'stock'}, 'quantity': 73.0}]",0.0,0.0,0.0,0.0,0.0,0.0,0.0,100224.84124755856
2026-01-09 09:30:00-05:00,100224.8412475586,49940.980712890625,0.0,0.0,0.0,False,margin,0.0,0.0,0.0,0,0,,,"[{'asset': {'symbol': 'SPY', 'type': 'stock'}, 'quantity': 73.0}]",0.0,0.0,0.0,0.0,0.0,0.0,0.0,100224.84124755856
2026-01-09 16:00:00-05:00,100224.8412475586,49940.980712890625,0.0,0.0,0.0,False,margin,0.0,0.0,0.0,0,0,,,"[{'asset': {'symbol': 'SPY', 'type': 'stock'}, 'quantity': 73.0}]",0.0,0.0,0.0,0.0,0.0,0.0,0.0,100224.84124755856
2026-01-12 08:30:00-05:00,100356.97106933594,49940.980712890625,0.0,0.0,0.0,False,margin,0.0,0.0,0.0,0,0,,,"[{'asset': {'symbol': 'SPY', 'type': 'stock'}, 'quantity': 73.0}]",0.0,0.0,0.0,0.0,0.0,0.0,0.0013183340590281287,100356.97106933592
2026-01-12 09:30:00-05:00,100356.97106933594,49940.980712890625,0.0,0.0,0.0,False,margin,0.0,0.0,0.0,0,0,,,"[{'asset': {'symbol': 'SPY', 'type': 'stock'}, 'quantity': 73.0}]",0.0,0.0,0.0,0.0,0.0,0.0,0.0,100356.97106933592
2026-01-12 09:30:00-05:00,100356.97106933594,49940.980712890625,0.0,0.0,0.0,False,margin,0.0,0.0,0.0,0,0,,,"[{'asset': {'symbol': 'SPY', 'type': 'stock'}, 'quantity': 73.0}]",0.0,0.0,0.0,0.0,0.0,0.0,0.0,100356.97106933592
2026-01-12 16:00:00-05:00,100356.97106933594,49940.980712890625,0.0,0.0,0.0,False,margin,0.0,0.0,0.0,0,0,,,"[{'asset': {'symbol': 'SPY', 'type': 'stock'}, 'quantity': 73.0}]",0.0,0.0,0.0,0.0,0.0,0.0,0.0,100356.97106933592
2026-01-13 08:30:00-05:00,100360.62017822266,49940.980712890625,0.0,0.0,0.0,False,margin,0.0,0.0,0.0,0,0,,,"[{'asset': {'symbol': 'SPY', 'type': 'stock'}, 'quantity': 73.0}]",0.0,0.0,0.0,0.0,0.0,0.0,3.636128958293895e-05,100360.62017822263
2026-01-13 09:30:00-05:00,100360.62017822266,49940.980712890625,0.0,0.0,0.0,False,margin,0.0,0.0,0.0,0,0,,,"[{'asset': {'symbol': 'SPY', 'type': 'stock'}, 'quantity': 73.0}]",0.0,0.0,0.0,0.0,0.0,0.0,0.0,100360.62017822263
2026-01-13 09:30:00-05:00,100360.62017822266,49940.980712890625,0.0,0.0,0.0,False,margin,0.0,0.0,0.0,0,0,,,"[{'asset': {'symbol': 'SPY', 'type': 'stock'}, 'quantity': 73.0}]",0.0,0.0,0.0,0.0,0.0,0.0,0.0,100360.62017822263
2026-01-13 16:00:00-05:00,100360.62017822266,49940.980712890625,0.0,0.0,0.0,False,margin,0.0,0.0,0.0,0,0,,,"[{'asset': {'symbol': 'SPY', 'type': 'stock'}, 'quantity': 73.0}]",0.0,0.0,0.0,0.0,0.0,0.0,0.0,100360.62017822263
2026-01-14 08:30:00-05:00,100711.75,49940.980712890625,0.0,0.0,0.0,False,margin,0.0,0.0,0.0,0,0,,,"[{'asset': {'symbol': 'SPY', 'type': 'stock'}, 'quantity': 73.0}]",0.0,0.0,0.0,0.0,0.0,0.0,0.00349868126715239,100711.74999999997
2026-01-14 09:30:00-05:00,100711.75,49940.980712890625,0.0,0.0,0.0,False,margin,0.0,0.0,0.0,0,0,,,"[{'asset': {'symbol': 'SPY', 'type': 'stock'}, 'quantity': 73.0}]",0.0,0.0,0.0,0.0,0.0,0.0,0.0,100711.74999999997
2026-01-14 09:30:00-05:00,100711.75,49940.980712890625,0.0,0.0,0.0,False,margin,0.0,0.0,0.0,0,0,,,"[{'asset': {'symbol': 'SPY', 'type': 'stock'}, 'quantity': 73.0}]",0.0,0.0,0.0,0.0,0.0,0.0,0.0,100711.74999999997
2026-01-14 16:00:00-05:00,100711.75,49940.980712890625,0.0,0.0,0.0,False,margin,0.0,0.0,0.0,0,0,,,"[{'asset': {'symbol': 'SPY', 'type': 'stock'}, 'quantity': 73.0}]",0.0,0.0,0.0,0.0,0.0,0.0,0.0,100711.74999999997
2026-01-15 08:30:00-05:00,100383.98071289062,49940.980712890625,0.0,0.0,0.0,False,margin,0.0,0.0,0.0,0,0,,,"[{'asset': {'symbol': 'SPY', 'type': 'stock'}, 'quantity': 73.0}]",0.0,0.0,0.0,0.0,0.0,0.0,-0.003254528762625761,100383.98071289058
2026-01-15 09:30:00-05:00,100383.98071289062,49940.980712890625,0.0,0.0,0.0,False,margin,0.0,0.0,0.0,0,0,,,"[{'asset': {'symbol': 'SPY', 'type': 'stock'}, 'quantity': 73.0}]",0.0,0.0,0.0,0.0,0.0,0.0,0.0,100383.98071289058
2026-01-15 09:30:00-05:00,100383.98071289062,49940.980712890625,0.0,0.0,0.0,False,margin,0.0,0.0,0.0,0,0,,,"[{'asset': {'symbol': 'SPY', 'type': 'stock'}, 'quantity': 73.0}]",0.0,0.0,0.0,0.0,0.0,0.0,0.0,100383.98071289058
2026-01-15 16:00:00-05:00,100383.98071289062,49940.980712890625,0.0,0.0,0.0,False,margin,0.0,0.0,0.0,0,0,,,"[{'asset': {'symbol': 'SPY', 'type': 'stock'}, 'quantity': 73.0}]",0.0,0.0,0.0,0.0,0.0,0.0,0.0,100383.98071289058
2026-01-16 08:30:00-05:00,100644.5912475586,49940.980712890625,0.0,0.0,0.0,False,margin,0.0,0.0,0.0,0,0,,,"[{'asset': {'symbol': 'SPY', 'type': 'stock'}, 'quantity': 73.0}]",0.0,0.0,0.0,0.0,0.0,0.0,0.0025961366825384613,100644.59124755855
2026-01-16 09:30:00-05:00,100644.5912475586,49940.980712890625,0.0,0.0,0.0,False,margin,0.0,0.0,0.0,0,0,,,"[{'asset': {'symbol': 'SPY', 'type': 'stock'}, 'quantity': 73.0}]",0.0,0.0,0.0,0.0,0.0,0.0,0.0,100644.59124755855
2026-01-16 09:30:00-05:00,100644.5912475586,49940.980712890625,0.0,0.0,0.0,False,margin,0.0,0.0,0.0,0,0,,,"[{'asset': {'symbol': 'SPY', 'type': 'stock'}, 'quantity': 73.0}]",0.0,0.0,0.0,0.0,0.0,0.0,0.0,100644.59124755855
2026-01-16 16:00:00-05:00,100644.5912475586,49940.980712890625,0.0,0.0,0.0,False,margin,0.0,0.0,0.0,0,0,,,"[{'asset': {'symbol': 'SPY', 'type': 'stock'}, 'quantity': 73.0}]",0.0,0.0,0.0,0.0,0.0,0.0,0.0,100644.59124755855
2026-01-20 08:30:00-05:00,100578.1587524414,49940.980712890625,0.0,0.0,0.0,False,margin,0.0,0.0,0.0,0,0,,,"[{'asset': {'symbol': 'SPY', 'type': 'stock'}, 'quantity': 73.0}]",0.0,0.0,0.0,0.0,0.0,0.0,-0.0006600701964577654,100578.15875244136
2026-01-20 09:30:00-05:00,100578.1587524414,49940.980712890625,0.0,0.0,0.0,False,margin,0.0,0.0,0.0,0,0,,,"[{'asset': {'symbol': 'SPY', 'type': 'stock'}, 'quantity': 73.0}]",0.0,0.0,0.0,0.0,0.0,0.0,0.0,100578.15875244136
2026-01-20 09:30:00-05:00,100578.1587524414,49940.980712890625,0.0,0.0,0.0,False,margin,0.0,0.0,0.0,0,0,,,"[{'asset': {'symbol': 'SPY', 'type': 'stock'}, 'quantity': 73.0}]",0.0,0.0,0.0,0.0,0.0,0.0,0.0,100578.15875244136
2026-01-20 16:00:00-05:00,100578.1587524414,49940.980712890625,0.0,0.0,0.0,False,margin,0.0,0.0,0.0,0,0,,,"[{'asset': {'symbol': 'SPY', 'type': 'stock'}, 'quantity': 73.0}]",0.0,0.0,0.0,0.0,0.0,0.0,0.0,100578.15875244136
2026-01-21 08:30:00-05:00,99689.75,49940.980712890625,0.0,0.0,0.0,False,margin,0.0,0.0,0.0,0,0,,,"[{'asset': {'symbol': 'SPY', 'type': 'stock'}, 'quantity': 73.0}]",0.0,0.0,0.0,0.0,0.0,0.0,-0.008833018653961402,99689.74999999996
2026-01-21 09:30:00-05:00,99689.75,49940.980712890625,0.0,0.0,0.0,False,margin,0.0,0.0,0.0,0,0,,,"[{'asset': {'symbol': 'SPY', 'type': 'stock'}, 'quantity': 73.0}]",0.0,0.0,0.0,0.0,0.0,0.0,0.0,99689.74999999996
2026-01-21 09:30:00-05:00,99689.75,49940.980712890625,0.0,0.0,0.0,False,margin,0.0,0.0,0.0,0,0,,,"[{'asset': {'symbol': 'SPY', 'type': 'stock'}, 'quantity': 73.0}]",0.0,0.0,0.0,0.0,0.0,0.0,0.0,99689.74999999996
2026-01-21 16:00:00-05:00,99689.75,49940.980712890625,0.0,0.0,0.0,False,margin,0.0,0.0,0.0,0,0,,,"[{'asset': {'symbol': 'SPY', 'type': 'stock'}, 'quantity': 73.0}]",0.0,0.0,0.0,0.0,0.0,0.0,0.0,99689.74999999996
2026-01-22 08:30:00-05:00,99555.43249511719,49940.980712890625,0.0,0.0,0.0,False,margin,0.0,0.0,0.0,0,0,,,"[{'asset': {'symbol': 'SPY', 'type': 'stock'}, 'quantity': 73.0}]",0.0,0.0,0.0,0.0,0.0,0.0,-0.0013473552183931898,99555.43249511713
2026-01-22 09:30:00-05:00,99555.43249511719,49940.980712890625,0.0,0.0,0.0,False,margin,0.0,0.0,0.0,0,0,,,"[{'asset': {'symbol': 'SPY', 'type': 'stock'}, 'quantity': 73.0}]",0.0,0.0,0.0,0.0,0.0,0.0,0.0,99555.43249511713
2026-01-22 09:30:00-05:00,99555.43249511719,49940.980712890625,0.0,0.0,0.0,False,margin,0.0,0.0,0.0,0,0,,,"[{'asset': {'symbol': 'SPY', 'type': 'stock'}, 'quantity': 73.0}]",0.0,0.0,0.0,0.0,0.0,0.0,0.0,99555.43249511713
2026-01-22 16:00:00-05:00,99555.43249511719,49940.980712890625,0.0,0.0,0.0,False,margin,0.0,0.0,0.0,0,0,,,"[{'asset': {'symbol': 'SPY', 'type': 'stock'}, 'quantity': 73.0}]",0.0,0.0,0.0,0.0,0.0,0.0,0.0,99555.43249511713
2026-01-23 08:30:00-05:00,100300.02893066406,49940.980712890625,0.0,0.0,0.0,False,margin,0.0,0.0,0.0,0,0,,,"[{'asset': {'symbol': 'SPY', 'type': 'stock'}, 'quantity': 73.0}]",0.0,0.0,0.0,0.0,0.0,0.0,0.007479214512813197,100300.02893066403
2026-01-23 09:30:00-05:00,100300.02893066406,49940.980712890625,0.0,0.0,0.0,False,margin,0.0,0.0,0.0,0,0,,,"[{'asset': {'symbol': 'SPY', 'type': 'stock'}, 'quantity': 73.0}]",0.0,0.0,0.0,0.0,0.0,0.0,0.0,100300.02893066403
2026-01-23 09:30:00-05:00,100300.02893066406,49940.980712890625,0.0,0.0,0.0,False,margin,0.0,0.0,0.0,0,0,,,"[{'asset': {'symbol': 'SPY', 'type': 'stock'}, 'quantity': 73.0}]",0.0,0.0,0.0,0.0,0.0,0.0,0.0,100300.02893066403
2026-01-23 16:00:00-05:00,100300.02893066406,49940.980712890625,0.0,0.0,0.0,False,margin,0.0,0.0,0.0,0,0,,,"[{'asset': {'symbol': 'SPY', 'type': 'stock'}, 'quantity': 73.0}]",0.0,0.0,0.0,0.0,0.0,0.0,0.0,100300.02893066403
2026-01-26 08:30:00-05:00,100175.93249511719,49940.980712890625,0.0,0.0,0.0,False,margin,0.0,0.0,0.0,0,0,,,"[{'asset': {'symbol': 'SPY', 'type': 'stock'}, 'quantity': 73.0}]",0.0,0.0,0.0,0.0,0.0,0.0,-0.0012372522408010574,100175.93249511716
2026-01-26 09:30:00-05:00,100175.93249511719,49940.980712890625,0.0,0.0,0.0,False,margin,0.0,0.0,0.0,0,0,,,"[{'asset': {'symbol': 'SPY', 'type': 'stock'}, 'quantity': 73.0}]",0.0,0.0,0.0,0.0,0.0,0.0,0.0,100175.93249511716
2026-01-26 09:30:00-05:00,100175.93249511719,49940.980712890625,0.0,0.0,0.0,False,margin,0.0,0.0,0.0,0,0,,,"[{'asset': {'symbol': 'SPY', 'type': 'stock'}, 'quantity': 73.0}]",0.0,0.0,0.0,0.0,0.0,0.0,0.0,100175.93249511716
2026-01-26 16:00:00-05:00,100175.93249511719,49940.980712890625,0.0,0.0,0.0,False,margin,0.0,0.0,0.0,0,0,,,"[{'asset': {'symbol': 'SPY', 'type': 'stock'}, 'quantity': 73.0}]",0.0,0.0,0.0,0.0,0.0,0.0,0.0,100175.93249511716
2026-01-27 08:30:00-05:00,100346.75,49940.980712890625,0.0,0.0,0.0,False,margin,0.0,0.0,0.0,0,0,,,"[{'asset': {'symbol': 'SPY', 'type': 'stock'}, 'quantity': 73.0}]",0.0,0.0,0.0,0.0,0.0,0.0,0.0017051750917431046,100346.74999999997
2026-01-27 09:30:00-05:00,100346.75,49940.980712890625,0.0,0.0,0.0,False,margin,0.0,0.0,0.0,0,0,,,"[{'asset': {'symbol': 'SPY', 'type': 'stock'}, 'quantity': 73.0}]",0.0,0.0,0.0,0.0,0.0,0.0,0.0,100346.74999999997
2026-01-27 09:30:00-05:00,100346.75,49940.980712890625,0.0,0.0,0.0,False,margin,0.0,0.0,0.0,0,0,,,"[{'asset': {'symbol': 'SPY', 'type': 'stock'}, 'quantity': 73.0}]",0.0,0.0,0.0,0.0,0.0,0.0,0.0,100346.74999999997
2026-01-27 16:00:00-05:00,100346.75,49940.980712890625,0.0,0.0,0.0,False,margin,0.0,0.0,0.0,0,0,,,"[{'asset': {'symbol': 'SPY', 'type': 'stock'}, 'quantity': 73.0}]",0.0,0.0,0.0,0.0,0.0,0.0,0.0,100346.74999999997
2026-01-28 08:30:00-05:00,100616.12017822266,49940.980712890625,0.0,0.0,0.0,False,margin,0.0,0.0,0.0,0,0,,,"[{'asset': {'symbol': 'SPY', 'type': 'stock'}, 'quantity': 73.0}]",0.0,0.0,0.0,0.0,0.0,0.0,0.0026843936472547066,100616.12017822264
2026-01-28 09:30:00-05:00,100616.12017822266,49940.980712890625,0.0,0.0,0.0,False,margin,0.0,0.0,0.0,0,0,,,"[{'asset': {'symbol': 'SPY', 'type': 'stock'}, 'quantity': 73.0}]",0.0,0.0,0.0,0.0,0.0,0.0,0.0,100616.12017822264
2026-01-28 09:30:00-05:00,100616.12017822266,49940.980712890625,0.0,0.0,0.0,False,margin,0.0,0.0,0.0,0,0,,,"[{'asset': {'symbol': 'SPY', 'type': 'stock'}, 'quantity': 73.0}]",0.0,0.0,0.0,0.0,0.0,0.0,0.0,100616.12017822264
2026-01-28 16:00:00-05:00,100616.12017822266,49940.980712890625,0.0,0.0,0.0,False,margin,0.0,0.0,0.0,0,0,,,"[{'asset': {'symbol': 'SPY', 'type': 'stock'}, 'quantity': 73.0}]",0.0,0.0,0.0,0.0,0.0,0.0,0.0,100616.12017822264
2026-01-29 08:30:00-05:00,100825.62982177734,49940.980712890625,0.0,0.0,0.0,False,margin,0.0,0.0,0.0,0,0,,,"[{'asset': {'symbol': 'SPY', 'type': 'stock'}, 'quantity': 73.0}]",0.0,0.0,0.0,0.0,0.0,0.0,0.0020822671673642384,100825.62982177731
2026-01-29 09:30:00-05:00,100825.62982177734,49940.980712890625,0.0,0.0,0.0,False,margin,0.0,0.0,0.0,0,0,,,"[{'asset': {'symbol': 'SPY', 'type': 'stock'}, 'quantity': 73.0}]",0.0,0.0,0.0,0.0,0.0,0.0,0.0,100825.62982177731
2026-01-29 09:30:00-05:00,100825.62982177734,49940.980712890625,0.0,0.0,0.0,False,margin,0.0,0.0,0.0,0,0,,,"[{'asset': {'symbol': 'SPY', 'type': 'stock'}, 'quantity': 73.0}]",0.0,0.0,0.0,0.0,0.0,0.0,0.0,100825.62982177731
2026-01-29 16:00:00-05:00,100825.62982177734,49940.980712890625,0.0,0.0,0.0,False,margin,0.0,0.0,0.0,0,0,,,"[{'asset': {'symbol': 'SPY', 'type': 'stock'}, 'quantity': 73.0}]",0.0,0.0,0.0,0.0,0.0,0.0,0.0,100825.62982177731
2026-01-30 08:30:00-05:00,100777.45178222656,49940.980712890625,0.0,0.0,0.0,False,margin,0.0,0.0,0.0,0,0,,,"[{'asset': {'symbol': 'SPY', 'type': 'stock'}, 'quantity': 73.0}]",0.0,0.0,0.0,0.0,0.0,0.0,-0.00047783524522427797,100777.45178222655
2026-01-30 09:30:00-05:00,100777.45178222656,49940.980712890625,0.0,0.0,0.0,False,margin,0.0,0.0,0.0,0,0,,,"[{'asset': {'symbol': 'SPY', 'type': 'stock'}, 'quantity': 73.0}]",0.0,0.0,0.0,0.0,0.0,0.0,0.0,100777.45178222655
2026-01-30 09:30:00-05:00,100777.45178222656,49940.980712890625,0.0,0.0,0.0,False,margin,0.0,0.0,0.0,0,0,,,"[{'asset': {'symbol': 'SPY', 'type': 'stock'}, 'quantity': 73.0}]",0.0,0.0,0.0,0.0,0.0,0.0,0.0,100777.45178222655
2026-01-30 16:00:00-05:00,100777.45178222656,49940.980712890625,0.0,0.0,0.0,False,margin,0.0,0.0,0.0,0,0,,,"[{'asset': {'symbol': 'SPY', 'type': 'stock'}, 'quantity': 73.0}]",0.0,0.0,0.0,0.0,0.0,0.0,0.0,100777.45178222655
2026-02-02 08:30:00-05:00,100441.64910888672,49940.980712890625,0.0,0.0,0.0,False,margin,0.0,0.0,0.0,0,0,,,"[{'asset': {'symbol': 'SPY', 'type': 'stock'}, 'quantity': 73.0}]",0.0,0.0,0.0,0.0,0.0,0.0,-0.0033321210985319534,100441.6491088867
2026-02-02 09:30:00-05:00,100441.64910888672,49940.980712890625,0.0,0.0,0.0,False,margin,0.0,0.0,0.0,0,0,,,"[{'asset': {'symbol': 'SPY', 'type': 'stock'}, 'quantity': 73.0}]",0.0,0.0,0.0,0.0,0.0,0.0,0.0,100441.6491088867
2026-02-02 09:30:00-05:00,100441.64910888672,49940.980712890625,0.0,0.0,0.0,False,margin,0.0,0.0,0.0,0,0,,,"[{'asset': {'symbol': 'SPY', 'type': 'stock'}, 'quantity': 73.0}]",0.0,0.0,0.0,0.0,0.0,0.0,0.0,100441.6491088867
2026-02-02 16:00:00-05:00,100441.64910888672,49940.980712890625,0.0,0.0,0.0,False,margin,0.0,0.0,0.0,0,0,,,"[{'asset': {'symbol': 'SPY', 'type': 'stock'}, 'quantity': 73.0}]",0.0,0.0,0.0,0.0,0.0,0.0,0.0,100441.6491088867
2026-02-03 08:30:00-05:00,100280.32196044922,49940.980712890625,0.0,0.0,0.0,False,margin,0.0,0.0,0.0,0,0,,,"[{'asset': {'symbol': 'SPY', 'type': 'stock'}, 'quantity': 73.0}]",0.0,0.0,0.0,0.0,0.0,0.0,-0.0016061778143706957,100280.3219604492
2026-02-03 09:30:00-05:00,100280.32196044922,49940.980712890625,0.0,0.0,0.0,False,margin,0.0,0.0,0.0,0,0,,,"[{'asset': {'symbol': 'SPY', 'type': 'stock'}, 'quantity': 73.0}]",0.0,0.0,0.0,0.0,0.0,0.0,0.0,100280.3219604492
2026-02-03 09:30:00-05:00,100280.32196044922,49940.980712890625,0.0,0.0,0.0,False,margin,0.0,0.0,0.0,0,0,,,"[{'asset': {'symbol': 'SPY', 'type': 'stock'}, 'quantity': 73.0}]",0.0,0.0,0.0,0.0,0.0,0.0,0.0,100280.3219604492
2026-02-03 16:00:00-05:00,100280.32196044922,49940.980712890625,0.0,0.0,0.0,False,margin,0.0,0.0,0.0,0,0,,,"[{'asset': {'symbol': 'SPY', 'type': 'stock'}, 'quantity': 73.0}]",0.0,0.0,0.0,0.0,0.0,0.0,0.0,100280.3219604492
2026-02-04 08:30:00-05:00,100764.31231689453,49940.980712890625,0.0,0.0,0.0,False,margin,0.0,0.0,0.0,0,0,,,"[{'asset': {'symbol': 'SPY', 'type': 'stock'}, 'quantity': 73.0}]",0.0,0.0,0.0,0.0,0.0,0.0,0.004826374177739471,100764.31231689452
2026-02-04 09:30:00-05:00,100764.31231689453,49940.980712890625,0.0,0.0,0.0,False,margin,0.0,0.0,0.0,0,0,,,"[{'asset': {'symbol': 'SPY', 'type': 'stock'}, 'quantity': 73.0}]",0.0,0.0,0.0,0.0,0.0,0.0,0.0,100764.31231689452
2026-02-04 09:30:00-05:00,100764.31231689453,49940.980712890625,0.0,0.0,0.0,False,margin,0.0,0.0,0.0,0,0,,,"[{'asset': {'symbol': 'SPY', 'type': 'stock'}, 'quantity': 73.0}]",0.0,0.0,0.0,0.0,0.0,0.0,0.0,100764.31231689452
2026-02-04 16:00:00-05:00,100764.31231689453,49940.980712890625,0.0,0.0,0.0,False,margin,0.0,0.0,0.0,0,0,,,"[{'asset': {'symbol': 'SPY', 'type': 'stock'}, 'quantity': 73.0}]",0.0,0.0,0.0,0.0,0.0,0.0,0.0,100764.31231689452
2026-02-05 08:30:00-05:00,100336.52893066406,49940.980712890625,0.0,0.0,0.0,False,margin,0.0,0.0,0.0,0,0,,,"[{'asset': {'symbol': 'SPY', 'type': 'stock'}, 'quantity': 73.0}]",0.0,0.0,0.0,0.0,0.0,0.0,-0.0042453858553128335,100336.52893066405
2026-02-05 09:30:00-05:00,100336.52893066406,49940.980712890625,0.0,0.0,0.0,False,margin,0.0,0.0,0.0,0,0,,,"[{'asset': {'symbol': 'SPY', 'type': 'stock'}, 'quantity': 73.0}]",0.0,0.0,0.0,0.0,0.0,0.0,0.0,100336.52893066405
2026-02-05 09:30:00-05:00,100336.52893066406,49940.980712890625,0.0,0.0,0.0,False,margin,0.0,0.0,0.0,0,0,,,"[{'asset': {'symbol': 'SPY', 'type': 'stock'}, 'quantity': 73.0}]",0.0,0.0,0.0,0.0,0.0,0.0,0.0,100336.52893066405
2026-02-05 16:00:00-05:00,100336.52893066406,49940.980712890625,0.0,0.0,0.0,False,margin,0.0,0.0,0.0,0,0,,,"[{'asset': {'symbol': 'SPY', 'type': 'stock'}, 'quantity': 73.0}]",0.0,0.0,0.0,0.0,0.0,0.0,0.0,100336.52893066405
2026-02-06 08:30:00-05:00,99649.60089111328,49940.980712890625,0.0,0.0,0.0,False,margin,0.0,0.0,0.0,0,0,,,"[{'asset': {'symbol': 'SPY', 'type': 'stock'}, 'quantity': 73.0}]",0.0,0.0,0.0,0.0,0.0,0.0,-0.006846240814504075,99649.60089111328
2026-02-06 09:30:00-05:00,99649.60089111328,49940.980712890625,0.0,0.0,0.0,False,margin,0.0,0.0,0.0,0,0,,,"[{'asset': {'symbol': 'SPY', 'type': 'stock'}, 'quantity': 73.0}]",0.0,0.0,0.0,0.0,0.0,0.0,0.0,99649.60089111328
2026-02-06 09:30:00-05:00,99649.60089111328,49940.980712890625,0.0,0.0,0.0,False,margin,0.0,0.0,0.0,0,0,,,"[{'asset': {'symbol': 'SPY', 'type': 'stock'}, 'quantity': 73.0}]",0.0,0.0,0.0,0.0,0.0,0.0,0.0,99649.60089111328
2026-02-06 16:00:00-05:00,99649.60089111328,49940.980712890625,0.0,0.0,0.0,False,margin,0.0,0.0,0.0,0,0,,,"[{'asset': {'symbol': 'SPY', 'type': 'stock'}, 'quantity': 73.0}]",0.0,0.0,0.0,0.0,0.0,0.0,0.0,99649.60089111328
2026-02-09 08:30:00-05:00,99687.56231689453,49940.980712890625,0.0,0.0,0.0,False,margin,0.0,0.0,0.0,0,0,,,"[{'asset': {'symbol': 'SPY', 'type': 'stock'}, 'quantity': 73.0}]",0.0,0.0,0.0,0.0,0.0,0.0,0.00038094910006443775,99687.56231689452
2026-02-09 09:30:00-05:00,99687.56231689453,49940.980712890625,0.0,0.0,0.0,False,margin,0.0,0.0,0.0,0,0,,,"[{'asset': {'symbol': 'SPY', 'type': 'stock'}, 'quantity': 73.0}]",0.0,0.0,0.0,0.0,0.0,0.0,0.0,99687.56231689452
2026-02-09 09:30:00-05:00,99687.56231689453,49940.980712890625,0.0,0.0,0.0,False,margin,0.0,0.0,0.0,0,0,,,"[{'asset': {'symbol': 'SPY', 'type': 'stock'}, 'quantity': 73.0}]",0.0,0.0,0.0,0.0,0.0,0.0,0.0,99687.56231689452
2026-02-09 16:00:00-05:00,99687.56231689453,49940.980712890625,0.0,0.0,0.0,False,margin,0.0,0.0,0.0,0,0,,,"[{'asset': {'symbol': 'SPY', 'type': 'stock'}, 'quantity': 73.0}]",0.0,0.0,0.0,0.0,0.0,0.0,0.0,99687.56231689452
2026-02-10 08:30:00-05:00,100268.63946533203,49940.980712890625,0.0,0.0,0.0,False,margin,0.0,0.0,0.0,0,0,,,"[{'asset': {'symbol': 'SPY', 'type': 'stock'}, 'quantity': 73.0}]",0.0,0.0,0.0,0.0,0.0,0.0,0.0058289834251371,100268.63946533202
2026-02-10 09:30:00-05:00,100268.63946533203,49940.980712890625,0.0,0.0,0.0,False,margin,0.0,0.0,0.0,0,0,,,"[{'asset': {'symbol': 'SPY', 'type': 'stock'}, 'quantity': 73.0}]",0.0,0.0,0.0,0.0,0.0,0.0,0.0,100268.63946533202
2026-02-10 09:30:00-05:00,100268.63946533203,49940.980712890625,0.0,0.0,0.0,False,margin,0.0,0.0,0.0,0,0,,,"[{'asset': {'symbol': 'SPY', 'type': 'stock'}, 'quantity': 73.0}]",0.0,0.0,0.0,0.0,0.0,0.0,0.0,100268.63946533202
2026-02-10 16:00:00-05:00,100268.63946533203,49940.980712890625,0.0,0.0,0.0,False,margin,0.0,0.0,0.0,0,0,,,"[{'asset': {'symbol': 'SPY', 'type': 'stock'}, 'quantity': 73.0}]",0.0,0.0,0.0,0.0,0.0,0.0,0.0,100268.63946533202
2026-02-11 08:30:00-05:00,100672.3316040039,49940.980712890625,0.0,0.0,0.0,False,margin,0.0,0.0,0.0,0,0,,,"[{'asset': {'symbol': 'SPY', 'type': 'stock'}, 'quantity': 73.0}]",0.0,0.0,0.0,0.0,0.0,0.0,0.0040261056779517974,100672.3316040039
2026-02-11 09:30:00-05:00,100672.3316040039,49940.980712890625,0.0,0.0,0.0,False,margin,0.0,0.0,0.0,0,0,,,"[{'asset': {'symbol': 'SPY', 'type': 'stock'}, 'quantity': 73.0}]",0.0,0.0,0.0,0.0,0.0,0.0,0.0,100672.3316040039
2026-02-11 09:30:00-05:00,100672.3316040039,49940.980712890625,0.0,0.0,0.0,False,margin,0.0,0.0,0.0,0,0,,,"[{'asset': {'symbol': 'SPY', 'type': 'stock'}, 'quantity': 73.0}]",0.0,0.0,0.0,0.0,0.0,0.0,0.0,100672.3316040039
2026-02-11 16:00:00-05:00,100672.3316040039,49940.980712890625,0.0,0.0,0.0,False,margin,0.0,0.0,0.0,0,0,,,"[{'asset': {'symbol': 'SPY', 'type': 'stock'}, 'quantity': 73.0}]",0.0,0.0,0.0,0.0,0.0,0.0,0.0,100672.3316040039
2026-02-12 08:30:00-05:00,100777.45178222656,49940.980712890625,0.0,0.0,0.0,False,margin,0.0,0.0,0.0,0,0,,,"[{'asset': {'symbol': 'SPY', 'type': 'stock'}, 'quantity': 73.0}]",0.0,0.0,0.0,0.0,0.0,0.0,0.001044181420533181,100777.45178222655
2026-02-12 09:30:00-05:00,100777.45178222656,49940.980712890625,0.0,0.0,0.0,False,margin,0.0,0.0,0.0,0,0,,,"[{'asset': {'symbol': 'SPY', 'type': 'stock'}, 'quantity': 73.0}]",0.0,0.0,0.0,0.0,0.0,0.0,0.0,100777.45178222655
2026-02-12 09:30:00-05:00,100777.45178222656,49940.980712890625,0.0,0.0,0.0,False,margin,0.0,0.0,0.0,0,0,,,"[{'asset': {'symbol': 'SPY', 'type': 'stock'}, 'quantity': 73.0}]",0.0,0.0,0.0,0.0,0.0,0.0,0.0,100777.45178222655
2026-02-12 16:00:00-05:00,100777.45178222656,49940.980712890625,0.0,0.0,0.0,False,margin,0.0,0.0,0.0,0,0,,,"[{'asset': {'symbol': 'SPY', 'type': 'stock'}, 'quantity': 73.0}]",0.0,0.0,0.0,0.0,0.0,0.0,0.0,100777.45178222655
2026-02-13 08:30:00-05:00,100620.5,49940.980712890625,0.0,0.0,0.0,False,margin,0.0,0.0,0.0,0,0,,,"[{'asset': {'symbol': 'SPY', 'type': 'stock'}, 'quantity': 73.0}]",0.0,0.0,0.0,0.0,0.0,0.0,-0.0015574097126976872,100620.49999999999
2026-02-13 09:30:00-05:00,100620.5,49940.980712890625,0.0,0.0,0.0,False,margin,0.0,0.0,0.0,0,0,,,"[{'asset': {'symbol': 'SPY', 'type': 'stock'}, 'quantity': 73.0}]",0.0,0.0,0.0,0.0,0.0,0.0,0.0,100620.49999999999
2026-02-13 09:30:00-05:00,100620.5,49940.980712890625,0.0,0.0,0.0,False,margin,0.0,0.0,0.0,0,0,,,"[{'asset': {'symbol': 'SPY', 'type': 'stock'}, 'quantity': 73.0}]",0.0,0.0,0.0,0.0,0.0,0.0,0.0,100620.49999999999
2026-02-13 16:00:00-05:00,100620.5,49940.980712890625,0.0,0.0,0.0,False,margin,0.0,0.0,0.0,0,0,,,"[{'asset': {'symbol': 'SPY', 'type': 'stock'}, 'quantity': 73.0}]",0.0,0.0,0.0,0.0,0.0,0.0,0.0,100620.49999999999
2026-02-17 08:30:00-05:00,99704.35089111328,49940.980712890625,0.0,0.0,0.0,False,margin,0.0,0.0,0.0,0,0,,,"[{'asset': {'symbol': 'SPY', 'type': 'stock'}, 'quantity': 73.0}]",0.0,0.0,0.0,0.0,0.0,0.0,-0.00910499459739038,99704.35089111327
2026-02-17 09:30:00-05:00,99704.35089111328,49940.980712890625,0.0,0.0,0.0,False,margin,0.0,0.0,0.0,0,0,,,"[{'asset': {'symbol': 'SPY', 'type': 'stock'}, 'quantity': 73.0}]",0.0,0.0,0.0,0.0,0.0,0.0,0.0,99704.35089111327
2026-02-17 09:30:00-05:00,99704.35089111328,49940.980712890625,0.0,0.0,0.0,False,margin,0.0,0.0,0.0,0,0,,,"[{'asset': {'symbol': 'SPY', 'type': 'stock'}, 'quantity': 73.0}]",0.0,0.0,0.0,0.0,0.0,0.0,0.0,99704.35089111327
2026-02-17 16:00:00-05:00,99704.35089111328,49940.980712890625,0.0,0.0,0.0,False,margin,0.0,0.0,0.0,0,0,,,"[{'asset': {'symbol': 'SPY', 'type': 'stock'}, 'quantity': 73.0}]",0.0,0.0,0.0,0.0,0.0,0.0,0.0,99704.35089111327
2026-02-18 08:30:00-05:00,99591.20178222656,49940.980712890625,0.0,0.0,0.0,False,margin,0.0,0.0,0.0,0,0,,,"[{'asset': {'symbol': 'SPY', 'type': 'stock'}, 'quantity': 73.0}]",0.0,0.0,0.0,0.0,0.0,0.0,-0.0011348462516975657,99591.20178222655
2026-02-18 09:30:00-05:00,99591.20178222656,49940.980712890625,0.0,0.0,0.0,False,margin,0.0,0.0,0.0,0,0,,,"[{'asset': {'symbol': 'SPY', 'type': 'stock'}, 'quantity': 73.0}]",0.0,0.0,0.0,0.0,0.0,0.0,0.0,99591.20178222655
2026-02-18 09:30:00-05:00,99591.20178222656,49940.980712890625,0.0,0.0,0.0,False,margin,0.0,0.0,0.0,0,0,,,"[{'asset': {'symbol': 'SPY', 'type': 'stock'}, 'quantity': 73.0}]",0.0,0.0,0.0,0.0,0.0,0.0,0.0,99591.20178222655
2026-02-18 16:00:00-05:00,99591.20178222656,49940.980712890625,0.0,0.0,0.0,False,margin,0.0,0.0,0.0,0,0,,,"[{'asset': {'symbol': 'SPY', 'type': 'stock'}, 'quantity': 73.0}]",0.0,0.0,0.0,0.0,0.0,0.0,0.0,99591.20178222655
2026-02-19 08:30:00-05:00,99874.44213867188,49940.980712890625,0.0,0.0,0.0,False,margin,0.0,0.0,0.0,0,0,,,"[{'asset': {'symbol': 'SPY', 'type': 'stock'}, 'quantity': 73.0}]",0.0,0.0,0.0,0.0,0.0,0.0,0.0028440299080300956,99874.44213867186
2026-02-19 09:30:00-05:00,99874.44213867188,49940.980712890625,0.0,0.0,0.0,False,margin,0.0,0.0,0.0,0,0,,,"[{'asset': {'symbol': 'SPY', 'type': 'stock'}, 'quantity': 73.0}]",0.0,0.0,0.0,0.0,0.0,0.0,0.0,99874.44213867186
2026-02-19 09:30:00-05:00,99874.44213867188,49940.980712890625,0.0,0.0,0.0,False,margin,0.0,0.0,0.0,0,0,,,"[{'asset': {'symbol': 'SPY', 'type': 'stock'}, 'quantity': 73.0}]",0.0,0.0,0.0,0.0,0.0,0.0,0.0,99874.44213867186
2026-02-19 16:00:00-05:00,99874.44213867188,49940.980712890625,0.0,0.0,0.0,False,margin,0.0,0.0,0.0,0,0,,,"[{'asset': {'symbol': 'SPY', 'type': 'stock'}, 'quantity': 73.0}]",0.0,0.0,0.0,0.0,0.0,0.0,0.0,99874.44213867186
2026-02-20 08:30:00-05:00,99861.30267333984,49940.980712890625,0.0,0.0,0.0,False,margin,0.0,0.0,0.0,0,0,,,"[{'asset': {'symbol': 'SPY', 'type': 'stock'}, 'quantity': 73.0}]",0.0,0.0,0.0,0.0,0.0,0.0,-0.00013155983703806427,99861.30267333983
2026-02-20 09:30:00-05:00,99861.30267333984,49940.980712890625,0.0,0.0,0.0,False,margin,0.0,0.0,0.0,0,0,,,"[{'asset': {'symbol': 'SPY', 'type': 'stock'}, 'quantity': 73.0}]",0.0,0.0,0.0,0.0,0.0,0.0,0.0,99861.30267333983
2026-02-20 09:30:00-05:00,99861.30267333984,49940.980712890625,0.0,0.0,0.0,False,margin,0.0,0.0,0.0,0,0,,,"[{'asset': {'symbol': 'SPY', 'type': 'stock'}, 'quantity': 73.0}]",0.0,0.0,0.0,0.0,0.0,0.0,0.0,99861.30267333983
2026-02-20 16:00:00-05:00,99861.30267333984,49940.980712890625,0.0,0.0,0.0,False,margin,0.0,0.0,0.0,0,0,,,"[{'asset': {'symbol': 'SPY', 'type': 'stock'}, 'quantity': 73.0}]",0.0,0.0,0.0,0.0,0.0,0.0,0.0,99861.30267333983
2026-02-23 08:30:00-05:00,99750.3412475586,49940.980712890625,0.0,0.0,0.0,False,margin,0.0,0.0,0.0,0,0,,,"[{'asset': {'symbol': 'SPY', 'type': 'stock'}, 'quantity': 73.0}]",0.0,0.0,0.0,0.0,0.0,0.0,-0.0011111554006482391,99750.34124755858
2026-02-23 09:30:00-05:00,99750.3412475586,49940.980712890625,0.0,0.0,0.0,False,margin,0.0,0.0,0.0,0,0,,,"[{'asset': {'symbol': 'SPY', 'type': 'stock'}, 'quantity': 73.0}]",0.0,0.0,0.0,0.0,0.0,0.0,0.0,99750.34124755858
2026-02-23 09:30:00-05:00,99750.3412475586,49940.980712890625,0.0,0.0,0.0,False,margin,0.0,0.0,0.0,0,0,,,"[{'asset': {'symbol': 'SPY', 'type': 'stock'}, 'quantity': 73.0}]",0.0,0.0,0.0,0.0,0.0,0.0,0.0,99750.34124755858
2026-02-23 16:00:00-05:00,99750.3412475586,49940.980712890625,0.0,0.0,0.0,False,margin,0.0,0.0,0.0,0,0,,,"[{'asset': {'symbol': 'SPY', 'type': 'stock'}, 'quantity': 73.0}]",0.0,0.0,0.0,0.0,0.0,0.0,0.0,99750.34124755858
2026-02-24 08:30:00-05:00,100152.57196044922,49940.980712890625,0.0,0.0,0.0,False,margin,0.0,0.0,0.0,0,0,,,"[{'asset': {'symbol': 'SPY', 'type': 'stock'}, 'quantity': 73.0}]",0.0,0.0,0.0,0.0,0.0,0.0,0.004032374304288103,100152.5719604492
2026-02-24 09:30:00-05:00,100152.57196044922,49940.980712890625,0.0,0.0,0.0,False,margin,0.0,0.0,0.0,0,0,,,"[{'asset': {'symbol': 'SPY', 'type': 'stock'}, 'quantity': 73.0}]",0.0,0.0,0.0,0.0,0.0,0.0,0.0,100152.5719604492
2026-02-24 09:30:00-05:00,100152.57196044922,49940.980712890625,0.0,0.0,0.0,False,margin,0.0,0.0,0.0,0,0,,,"[{'asset': {'symbol': 'SPY', 'type': 'stock'}, 'quantity': 73.0}]",0.0,0.0,0.0,0.0,0.0,0.0,0.0,100152.5719604492
2026-02-24 16:00:00-05:00,100152.57196044922,49940.980712890625,0.0,0.0,0.0,False,margin,0.0,0.0,0.0,0,0,,,"[{'asset': {'symbol': 'SPY', 'type': 'stock'}, 'quantity': 73.0}]",0.0,0.0,0.0,0.0,0.0,0.0,0.0,100152.5719604492
2026-02-25 08:30:00-05:00,99719.68249511719,49940.980712890625,0.0,0.0,0.0,False,margin,0.0,0.0,0.0,0,0,,,"[{'asset': {'symbol': 'SPY', 'type': 'stock'}, 'quantity': 73.0}]",0.0,0.0,0.0,0.0,0.0,0.0,-0.004322300035419775,99719.68249511717
2026-02-25 09:30:00-05:00,99719.68249511719,49940.980712890625,0.0,0.0,0.0,False,margin,0.0,0.0,0.0,0,0,,,"[{'asset': {'symbol': 'SPY', 'type': 'stock'}, 'quantity': 73.0}]",0.0,0.0,0.0,0.0,0.0,0.0,0.0,99719.68249511717
2026-02-25 09:30:00-05:00,99719.68249511719,49940.980712890625,0.0,0.0,0.0,False,margin,0.0,0.0,0.0,0,0,,,"[{'asset': {'symbol': 'SPY', 'type': 'stock'}, 'quantity': 73.0}]",0.0,0.0,0.0,0.0,0.0,0.0,0.0,99719.68249511717
2026-02-25 16:00:00-05:00,99719.68249511719,49940.980712890625,0.0,0.0,0.0,False,margin,0.0,0.0,0.0,0,0,,,"[{'asset': {'symbol': 'SPY', 'type': 'stock'}, 'quantity': 73.0}]",0.0,0.0,0.0,0.0,0.0,0.0,0.0,99719.68249511717
2026-02-26 08:30:00-05:00,100324.12017822266,49940.980712890625,0.0,0.0,0.0,False,margin,0.0,0.0,0.0,0,0,,,"[{'asset': {'symbol': 'SPY', 'type': 'stock'}, 'quantity': 73.0}]",0.0,0.0,0.0,0.0,0.0,0.0,0.006061367906331484,100324.12017822263
2026-02-26 09:30:00-05:00,100324.12017822266,49940.980712890625,0.0,0.0,0.0,False,margin,0.0,0.0,0.0,0,0,,,"[{'asset': {'symbol': 'SPY', 'type': 'stock'}, 'quantity': 73.0}]",0.0,0.0,0.0,0.0,0.0,0.0,0.0,100324.12017822263
2026-02-26 09:30:00-05:00,100324.12017822266,49940.980712890625,0.0,0.0,0.0,False,margin,0.0,0.0,0.0,0,0,,,"[{'asset': {'symbol': 'SPY', 'type': 'stock'}, 'quantity': 73.0}]",0.0,0.0,0.0,0.0,0.0,0.0,0.0,100324.12017822263
2026-02-26 16:00:00-05:00,100324.12017822266,49940.980712890625,0.0,0.0,0.0,False,margin,0.0,0.0,0.0,0,0,,,"[{'asset': {'symbol': 'SPY', 'type': 'stock'}, 'quantity': 73.0}]",0.0,0.0,0.0,0.0,0.0,0.0,0.0,100324.12017822263
2026-02-27 08:30:00-05:00,100550.4228515625,49940.980712890625,0.0,0.0,0.0,False,margin,0.0,0.0,0.0,0,0,,,"[{'asset': {'symbol': 'SPY', 'type': 'stock'}, 'quantity': 73.0}]",0.0,0.0,0.0,0.0,0.0,0.0,0.0022557155042857505,100550.42285156249
2026-02-27 09:30:00-05:00,100550.4228515625,49940.980712890625,0.0,0.0,0.0,False,margin,0.0,0.0,0.0,0,0,,,"[{'asset': {'symbol': 'SPY', 'type': 'stock'}, 'quantity': 73.0}]",0.0,0.0,0.0,0.0,0.0,0.0,0.0,100550.42285156249
2026-02-27 09:30:00-05:00,100550.4228515625,49940.980712890625,0.0,0.0,0.0,False,margin,0.0,0.0,0.0,0,0,,,"[{'asset': {'symbol': 'SPY', 'type': 'stock'}, 'quantity': 73.0}]",0.0,0.0,0.0,0.0,0.0,0.0,0.0,100550.42285156249
2026-02-27 16:00:00-05:00,100550.4228515625,49940.980712890625,0.0,0.0,0.0,False,margin,0.0,0.0,0.0,0,0,,,"[{'asset': {'symbol': 'SPY', 'type': 'stock'}, 'quantity': 73.0}]",0.0,0.0,0.0,0.0,0.0,0.0,0.0,100550.42285156249
2026-03-02 08:30:00-05:00,99806.55267333984,49940.980712890625,0.0,0.0,0.0,False,margin,0.0,0.0,0.0,0,0,,,"[{'asset': {'symbol': 'SPY', 'type': 'stock'}, 'quantity': 73.0}]",0.0,0.0,0.0,0.0,0.0,0.0,-0.007397981600940596,99806.55267333981
2026-03-02 09:30:00-05:00,99806.55267333984,49940.980712890625,0.0,0.0,0.0,False,margin,0.0,0.0,0.0,0,0,,,"[{'asset': {'symbol': 'SPY', 'type': 'stock'}, 'quantity': 73.0}]",0.0,0.0,0.0,0.0,0.0,0.0,0.0,99806.55267333981
2026-03-02 09:30:00-05:00,99806.55267333984,49940.980712890625,0.0,0.0,0.0,False,margin,0.0,0.0,0.0,0,0,,,"[{'asset': {'symbol': 'SPY', 'type': 'stock'}, 'quantity': 73.0}]",0.0,0.0,0.0,0.0,0.0,0.0,0.0,99806.55267333981
2026-03-02 16:00:00-05:00,99806.55267333984,49940.980712890625,0.0,0.0,0.0,False,margin,0.0,0.0,0.0,0,0,,,"[{'asset': {'symbol': 'SPY', 'type': 'stock'}, 'quantity': 73.0}]",0.0,0.0,0.0,0.0,0.0,0.0,0.0,99806.55267333981
2026-03-03 08:30:00-05:00,99486.0816040039,49940.980712890625,0.0,0.0,0.0,False,margin,0.0,0.0,0.0,0,0,,,"[{'asset': {'symbol': 'SPY', 'type': 'stock'}, 'quantity': 73.0}]",0.0,0.0,0.0,0.0,0.0,0.0,-0.0032109221363933673,99486.08160400388
2026-03-03 09:30:00-05:00,99486.0816040039,49940.980712890625,0.0,0.0,0.0,False,margin,0.0,0.0,0.0,0,0,,,"[{'asset': {'symbol': 'SPY', 'type': 'stock'}, 'quantity': 73.0}]",0.0,0.0,0.0,0.0,0.0,0.0,0.0,99486.08160400388
2026-03-03 09:30:00-05:00,99486.0816040039,49940.980712890625,0.0,0.0,0.0,False,margin,0.0,0.0,0.0,0,0,,,"[{'asset': {'symbol': 'SPY', 'type': 'stock'}, 'quantity': 73.0}]",0.0,0.0,0.0,0.0,0.0,0.0,0.0,99486.08160400388
2026-03-03 16:00:00-05:00,99486.0816040039,49940.980712890625,0.0,0.0,0.0,False,margin,0.0,0.0,0.0,0,0,,,"[{'asset': {'symbol': 'SPY', 'type': 'stock'}, 'quantity': 73.0}]",0.0,0.0,0.0,0.0,0.0,0.0,0.0,99486.08160400388
2026-03-04 08:30:00-05:00,99220.36053466797,49940.980712890625,0.0,0.0,0.0,False,margin,0.0,0.0,0.0,0,0,,,"[{'asset': {'symbol': 'SPY', 'type': 'stock'}, 'quantity': 73.0}]",0.0,0.0,0.0,0.0,0.0,0.0,-0.002670937130619117,99220.36053466794
2026-03-04 09:30:00-05:00,99220.36053466797,49940.980712890625,0.0,0.0,0.0,False,margin,0.0,0.0,0.0,0,0,,,"[{'asset': {'symbol': 'SPY', 'type': 'stock'}, 'quantity': 73.0}]",0.0,0.0,0.0,0.0,0.0,0.0,0.0,99220.36053466794
2026-03-04 09:30:00-05:00,99220.36053466797,49940.980712890625,0.0,0.0,0.0,False,margin,0.0,0.0,0.0,0,0,,,"[{'asset': {'symbol': 'SPY', 'type': 'stock'}, 'quantity': 73.0}]",0.0,0.0,0.0,0.0,0.0,0.0,0.0,99220.36053466794
2026-03-04 16:00:00-05:00,99220.36053466797,49940.980712890625,0.0,0.0,0.0,False,margin,0.0,0.0,0.0,0,0,,,"[{'asset': {'symbol': 'SPY', 'type': 'stock'}, 'quantity': 73.0}]",0.0,0.0,0.0,0.0,0.0,0.0,0.0,99220.36053466794
2026-03-05 08:30:00-05:00,99699.97106933594,49940.980712890625,0.0,0.0,0.0,False,margin,0.0,0.0,0.0,0,0,,,"[{'asset': {'symbol': 'SPY', 'type': 'stock'}, 'quantity': 73.0}]",0.0,0.0,0.0,0.0,0.0,0.0,0.00483379149282965,99699.97106933591
2026-03-05 09:30:00-05:00,99699.97106933594,49940.980712890625,0.0,0.0,0.0,False,margin,0.0,0.0,0.0,0,0,,,"[{'asset': {'symbol': 'SPY', 'type': 'stock'}, 'quantity': 73.0}]",0.0,0.0,0.0,0.0,0.0,0.0,0.0,99699.97106933591
2026-03-05 09:30:00-05:00,99699.97106933594,49940.980712890625,0.0,0.0,0.0,False,margin,0.0,0.0,0.0,0,0,,,"[{'asset': {'symbol': 'SPY', 'type': 'stock'}, 'quantity': 73.0}]",0.0,0.0,0.0,0.0,0.0,0.0,0.0,99699.97106933591
2026-03-05 16:00:00-05:00,99699.97106933594,49940.980712890625,0.0,0.0,0.0,False,margin,0.0,0.0,0.0,0,0,,,"[{'asset': {'symbol': 'SPY', 'type': 'stock'}, 'quantity': 73.0}]",0.0,0.0,0.0,0.0,0.0,0.0,0.0,99699.97106933591
2026-03-06 08:30:00-05:00,99732.82196044922,49940.980712890625,0.0,0.0,0.0,False,margin,0.0,0.0,0.0,0,0,,,"[{'asset': {'symbol': 'SPY', 'type': 'stock'}, 'quantity': 73.0}]",0.0,0.0,0.0,0.0,0.0,0.0,0.0003294974989554935,99732.82196044918
2026-03-06 09:30:00-05:00,99732.82196044922,49940.980712890625,0.0,0.0,0.0,False,margin,0.0,0.0,0.0,0,0,,,"[{'asset': {'symbol': 'SPY', 'type': 'stock'}, 'quantity': 73.0}]",0.0,0.0,0.0,0.0,0.0,0.0,0.0,99732.82196044918
2026-03-06 09:30:00-05:00,99732.82196044922,49940.980712890625,0.0,0.0,0.0,False,margin,0.0,0.0,0.0,0,0,,,"[{'asset': {'symbol': 'SPY', 'type': 'stock'}, 'quantity': 73.0}]",0.0,0.0,0.0,0.0,0.0,0.0,0.0,99732.82196044918
2026-03-06 16:00:00-05:00,99732.82196044922,49940.980712890625,0.0,0.0,0.0,False,margin,0.0,0.0,0.0,0,0,,,"[{'asset': {'symbol': 'SPY', 'type': 'stock'}, 'quantity': 73.0}]",0.0,0.0,0.0,0.0,0.0,0.0,0.0,99732.82196044918
2026-03-09 08:30:00-04:00,99099.9087524414,49940.980712890625,0.0,0.0,0.0,False,margin,0.0,0.0,0.0,0,0,,,"[{'asset': {'symbol': 'SPY', 'type': 'stock'}, 'quantity': 73.0}]",0.0,0.0,0.0,0.0,0.0,0.0,-0.006346087432067301,99099.90875244136
2026-03-09 09:30:00-04:00,99099.9087524414,49940.980712890625,0.0,0.0,0.0,False,margin,0.0,0.0,0.0,0,0,,,"[{'asset': {'symbol': 'SPY', 'type': 'stock'}, 'quantity': 73.0}]",0.0,0.0,0.0,0.0,0.0,0.0,0.0,99099.90875244136
2026-03-09 09:30:00-04:00,99099.9087524414,49940.980712890625,0.0,0.0,0.0,False,margin,0.0,0.0,0.0,0,0,,,"[{'asset': {'symbol': 'SPY', 'type': 'stock'}, 'quantity': 73.0}]",0.0,0.0,0.0,0.0,0.0,0.0,0.0,99099.90875244136
2026-03-09 16:00:00-04:00,99099.9087524414,49940.980712890625,0.0,0.0,0.0,False,margin,0.0,0.0,0.0,0,0,,,"[{'asset': {'symbol': 'SPY', 'type': 'stock'}, 'quantity': 73.0}]",0.0,0.0,0.0,0.0,0.0,0.0,0.0,99099.90875244136
2026-03-10 08:30:00-04:00,98587.45178222656,49940.980712890625,0.0,0.0,0.0,False,margin,0.0,0.0,0.0,0,0,,,"[{'asset': {'symbol': 'SPY', 'type': 'stock'}, 'quantity': 73.0}]",0.0,0.0,0.0,0.0,0.0,0.0,-0.005171114450720611,98587.4517822265
2026-03-10 09:30:00-04:00,98587.45178222656,49940.980712890625,0.0,0.0,0.0,False,margin,0.0,0.0,0.0,0,0,,,"[{'asset': {'symbol': 'SPY', 'type': 'stock'}, 'quantity': 73.0}]",0.0,0.0,0.0,0.0,0.0,0.0,0.0,98587.4517822265
2026-03-10 09:30:00-04:00,98587.45178222656,49940.980712890625,0.0,0.0,0.0,False,margin,0.0,0.0,0.0,0,0,,,"[{'asset': {'symbol': 'SPY', 'type': 'stock'}, 'quantity': 73.0}]",0.0,0.0,0.0,0.0,0.0,0.0,0.0,98587.4517822265
2026-03-10 16:00:00-04:00,98587.45178222656,49940.980712890625,0.0,0.0,0.0,False,margin,0.0,0.0,0.0,0,0,,,"[{'asset': {'symbol': 'SPY', 'type': 'stock'}, 'quantity': 73.0}]",0.0,0.0,0.0,0.0,0.0,0.0,0.0,98587.4517822265
2026-03-11 08:30:00-04:00,99414.53857421875,49940.980712890625,0.0,0.0,0.0,False,margin,0.0,0.0,0.0,0,0,,,"[{'asset': {'symbol': 'SPY', 'type': 'stock'}, 'quantity': 73.0}]",0.0,0.0,0.0,0.0,0.0,0.0,0.008389371842363567,99414.53857421869
2026-03-11 09:30:00-04:00,99414.53857421875,49940.980712890625,0.0,0.0,0.0,False,margin,0.0,0.0,0.0,0,0,,,"[{'asset': {'symbol': 'SPY', 'type': 'stock'}, 'quantity': 73.0}]",0.0,0.0,0.0,0.0,0.0,0.0,0.0,99414.53857421869
2026-03-11 09:30:00-04:00,99414.53857421875,49940.980712890625,0.0,0.0,0.0,False,margin,0.0,0.0,0.0,0,0,,,"[{'asset': {'symbol': 'SPY', 'type': 'stock'}, 'quantity': 73.0}]",0.0,0.0,0.0,0.0,0.0,0.0,0.0,99414.53857421869
2026-03-11 16:00:00-04:00,99414.53857421875,49940.980712890625,0.0,0.0,0.0,False,margin,0.0,0.0,0.0,0,0,,,"[{'asset': {'symbol': 'SPY', 'type': 'stock'}, 'quantity': 73.0}]",0.0,0.0,0.0,0.0,0.0,0.0,0.0,99414.53857421869
2026-03-12 08:30:00-04:00,99404.32196044922,49940.980712890625,0.0,0.0,0.0,False,margin,0.0,0.0,0.0,0,0,,,"[{'asset': {'symbol': 'SPY', 'type': 'stock'}, 'quantity': 73.0}]",0.0,0.0,0.0,0.0,0.0,0.0,-0.00010276780354318048,99404.32196044916
2026-03-12 09:30:00-04:00,99404.32196044922,49940.980712890625,0.0,0.0,0.0,False,margin,0.0,0.0,0.0,0,0,,,"[{'asset': {'symbol': 'SPY', 'type': 'stock'}, 'quantity': 73.0}]",0.0,0.0,0.0,0.0,0.0,0.0,0.0,99404.32196044916
2026-03-12 09:30:00-04:00,99404.32196044922,49940.980712890625,0.0,0.0,0.0,False,margin,0.0,0.0,0.0,0,0,,,"[{'asset': {'symbol': 'SPY', 'type': 'stock'}, 'quantity': 73.0}]",0.0,0.0,0.0,0.0,0.0,0.0,0.0,99404.32196044916
2026-03-12 16:00:00-04:00,99404.32196044922,49940.980712890625,0.0,0.0,0.0,False,margin,0.0,0.0,0.0,0,0,,,"[{'asset': {'symbol': 'SPY', 'type': 'stock'}, 'quantity': 73.0}]",0.0,0.0,0.0,0.0,0.0,0.0,0.0,99404.32196044916
2026-03-13 08:30:00-04:00,98935.6587524414,49940.980712890625,0.0,0.0,0.0,False,margin,0.0,0.0,0.0,0,0,,,"[{'asset': {'symbol': 'SPY', 'type': 'stock'}, 'quantity': 73.0}]",0.0,0.0,0.0,0.0,0.0,0.0,-0.004714716611560242,98935.65875244135
2026-03-13 09:30:00-04:00,98935.6587524414,49940.980712890625,0.0,0.0,0.0,False,margin,0.0,0.0,0.0,0,0,,,"[{'asset': {'symbol': 'SPY', 'type': 'stock'}, 'quantity': 73.0}]",0.0,0.0,0.0,0.0,0.0,0.0,0.0,98935.65875244135
2026-03-13 09:30:00-04:00,98935.6587524414,49940.980712890625,0.0,0.0,0.0,False,margin,0.0,0.0,0.0,0,0,,,"[{'asset': {'symbol': 'SPY', 'type': 'stock'}, 'quantity': 73.0}]",0.0,0.0,0.0,0.0,0.0,0.0,0.0,98935.65875244135
2026-03-13 16:00:00-04:00,98935.6587524414,49940.980712890625,0.0,0.0,0.0,False,margin,0.0,0.0,0.0,0,0,,,"[{'asset': {'symbol': 'SPY', 'type': 'stock'}, 'quantity': 73.0}]",0.0,0.0,0.0,0.0,0.0,0.0,0.0,98935.65875244135
2026-03-16 08:30:00-04:00,98797.69213867188,49940.980712890625,0.0,0.0,0.0,False,margin,0.0,0.0,0.0,0,0,,,"[{'asset': {'symbol': 'SPY', 'type': 'stock'}, 'quantity': 73.0}]",0.0,0.0,0.0,0.0,0.0,0.0,-0.0013945084665050224,98797.69213867182
2026-03-16 09:30:00-04:00,98797.69213867188,49940.980712890625,0.0,0.0,0.0,False,margin,0.0,0.0,0.0,0,0,,,"[{'asset': {'symbol': 'SPY', 'type': 'stock'}, 'quantity': 73.0}]",0.0,0.0,0.0,0.0,0.0,0.0,0.0,98797.69213867182
2026-03-16 09:30:00-04:00,98797.69213867188,49940.980712890625,0.0,0.0,0.0,False,margin,0.0,0.0,0.0,0,0,,,"[{'asset': {'symbol': 'SPY', 'type': 'stock'}, 'quantity': 73.0}]",0.0,0.0,0.0,0.0,0.0,0.0,0.0,98797.69213867182
2026-03-16 16:00:00-04:00,98797.69213867188,49940.980712890625,0.0,0.0,0.0,False,margin,0.0,0.0,0.0,0,0,,,"[{'asset': {'symbol': 'SPY', 'type': 'stock'}, 'quantity': 73.0}]",0.0,0.0,0.0,0.0,0.0,0.0,0.0,98797.69213867182
2026-03-17 08:30:00-04:00,98732.72106933594,49940.980712890625,0.0,0.0,0.0,False,margin,0.0,0.0,0.0,0,0,,,"[{'asset': {'symbol': 'SPY', 'type': 'stock'}, 'quantity': 73.0}]",0.0,0.0,0.0,0.0,0.0,0.0,-0.0006576172775852343,98732.72106933586
2026-03-17 09:30:00-04:00,98732.72106933594,49940.980712890625,0.0,0.0,0.0,False,margin,0.0,0.0,0.0,0,0,,,"[{'asset': {'symbol': 'SPY', 'type': 'stock'}, 'quantity': 73.0}]",0.0,0.0,0.0,0.0,0.0,0.0,0.0,98732.72106933586
2026-03-17 09:30:00-04:00,98732.72106933594,49940.980712890625,0.0,0.0,0.0,False,margin,0.0,0.0,0.0,0,0,,,"[{'asset': {'symbol': 'SPY', 'type': 'stock'}, 'quantity': 73.0}]",0.0,0.0,0.0,0.0,0.0,0.0,0.0,98732.72106933586
2026-03-17 16:00:00-04:00,98732.72106933594,49940.980712890625,0.0,0.0,0.0,False,margin,0.0,0.0,0.0,0,0,,,"[{'asset': {'symbol': 'SPY', 'type': 'stock'}, 'quantity': 73.0}]",0.0,0.0,0.0,0.0,0.0,0.0,0.0,98732.72106933586
2026-03-18 08:30:00-04:00,99025.45178222656,49940.980712890625,0.0,0.0,0.0,False,margin,0.0,0.0,0.0,0,0,,,"[{'asset': {'symbol': 'SPY', 'type': 'stock'}, 'quantity': 73.0}]",0.0,0.0,0.0,0.0,0.0,0.0,0.002964880433965273,99025.45178222649
2026-03-18 09:30:00-04:00,99025.45178222656,49940.980712890625,0.0,0.0,0.0,False,margin,0.0,0.0,0.0,0,0,,,"[{'asset': {'symbol': 'SPY', 'type': 'stock'}, 'quantity': 73.0}]",0.0,0.0,0.0,0.0,0.0,0.0,0.0,99025.45178222649
2026-03-18 09:30:00-04:00,99025.45178222656,49940.980712890625,0.0,0.0,0.0,False,margin,0.0,0.0,0.0,0,0,,,"[{'asset': {'symbol': 'SPY', 'type': 'stock'}, 'quantity': 73.0}]",0.0,0.0,0.0,0.0,0.0,0.0,0.0,99025.45178222649
2026-03-18 16:00:00-04:00,99025.45178222656,49940.980712890625,0.0,0.0,0.0,False,margin,0.0,0.0,0.0,0,0,,,"[{'asset': {'symbol': 'SPY', 'type': 'stock'}, 'quantity': 73.0}]",0.0,0.0,0.0,0.0,0.0,0.0,0.0,99025.45178222649
2026-03-19 08:30:00-04:00,98731.25964355469,49940.980712890625,0.0,0.0,0.0,False,margin,0.0,0.0,0.0,0,0,,,"[{'asset': {'symbol': 'SPY', 'type': 'stock'}, 'quantity': 73.0}]",0.0,0.0,0.0,0.0,0.0,0.0,-0.0029708739862035916,98731.25964355463
2026-03-19 09:30:00-04:00,98731.25964355469,49940.980712890625,0.0,0.0,0.0,False,margin,0.0,0.0,0.0,0,0,,,"[{'asset': {'symbol': 'SPY', 'type': 'stock'}, 'quantity': 73.0}]",0.0,0.0,0.0,0.0,0.0,0.0,0.0,98731.25964355463
2026-03-19 09:30:00-04:00,98731.25964355469,49940.980712890625,0.0,0.0,0.0,False,margin,0.0,0.0,0.0,0,0,,,"[{'asset': {'symbol': 'SPY', 'type': 'stock'}, 'quantity': 73.0}]",0.0,0.0,0.0,0.0,0.0,0.0,0.0,98731.25964355463
2026-03-19 16:00:00-04:00,98731.25964355469,49940.980712890625,0.0,0.0,0.0,False,margin,0.0,0.0,0.0,0,0,,,"[{'asset': {'symbol': 'SPY', 'type': 'stock'}, 'quantity': 73.0}]",0.0,0.0,0.0,0.0,0.0,0.0,0.0,98731.25964355463
2026-03-20 08:30:00-04:00,97665.56902770996,97665.56902770996,0.0,0.0,0.0,False,margin,0.0,0.0,0.0,0,0,,,[],0.0,0.0,0.0,0.0,0.0,0.0,-0.01079385211626127,97665.56902770989
2026-03-20 09:30:00-04:00,97665.56902770996,97665.56902770996,0.0,0.0,0.0,False,margin,0.0,0.0,0.0,0,0,,,[],0.0,0.0,0.0,0.0,0.0,0.0,0.0,97665.56902770989
2026-03-20 09:30:00-04:00,97665.56902770996,97665.56902770996,0.0,0.0,0.0,False,margin,0.0,0.0,0.0,0,0,,,[],0.0,0.0,0.0,0.0,0.0,0.0,0.0,97665.56902770989
2026-03-20 16:00:00-04:00,97665.56902770996,97665.56902770996,0.0,0.0,0.0,False,margin,0.0,0.0,0.0,0,0,,,[],0.0,0.0,0.0,0.0,0.0,0.0,0.0,97665.56902770989
2026-03-23 08:30:00-04:00,97665.56902770996,97665.56902770996,0.0,0.0,0.0,False,margin,0.0,0.0,0.0,0,0,,,[],0.0,0.0,0.0,0.0,0.0,0.0,0.0,97665.56902770989
2026-03-23 09:30:00-04:00,97665.56902770996,97665.56902770996,0.0,0.0,0.0,False,margin,0.0,0.0,0.0,0,0,,,[],0.0,0.0,0.0,0.0,0.0,0.0,0.0,97665.56902770989
2026-03-23 09:30:00-04:00,97665.56902770996,97665.56902770996,0.0,0.0,0.0,False,margin,0.0,0.0,0.0,0,0,,,[],0.0,0.0,0.0,0.0,0.0,0.0,0.0,97665.56902770989
2026-03-23 16:00:00-04:00,97665.56902770996,97665.56902770996,0.0,0.0,0.0,False,margin,0.0,0.0,0.0,0,0,,,[],0.0,0.0,0.0,0.0,0.0,0.0,0.0,97665.56902770989
2026-03-24 08:30:00-04:00,97665.56902770996,97665.56902770996,0.0,0.0,0.0,False,margin,0.0,0.0,0.0,0,0,,,[],0.0,0.0,0.0,0.0,0.0,0.0,0.0,97665.56902770989
2026-03-24 09:30:00-04:00,97665.56902770996,97665.56902770996,0.0,0.0,0.0,False,margin,0.0,0.0,0.0,0,0,,,[],0.0,0.0,0.0,0.0,0.0,0.0,0.0,97665.56902770989
2026-03-24 09:30:00-04:00,97665.56902770996,97665.56902770996,0.0,0.0,0.0,False,margin,0.0,0.0,0.0,0,0,,,[],0.0,0.0,0.0,0.0,0.0,0.0,0.0,97665.56902770989
2026-03-24 16:00:00-04:00,97665.56902770996,97665.56902770996,0.0,0.0,0.0,False,margin,0.0,0.0,0.0,0,0,,,[],0.0,0.0,0.0,0.0,0.0,0.0,0.0,97665.56902770989
2026-03-25 08:30:00-04:00,97665.56902770996,97665.56902770996,0.0,0.0,0.0,False,margin,0.0,0.0,0.0,0,0,,,[],0.0,0.0,0.0,0.0,0.0,0.0,0.0,97665.56902770989
2026-03-25 09:30:00-04:00,97665.56902770996,97665.56902770996,0.0,0.0,0.0,False,margin,0.0,0.0,0.0,0,0,,,[],0.0,0.0,0.0,0.0,0.0,0.0,0.0,97665.56902770989
2026-03-25 09:30:00-04:00,97665.56902770996,97665.56902770996,0.0,0.0,0.0,False,margin,0.0,0.0,0.0,0,0,,,[],0.0,0.0,0.0,0.0,0.0,0.0,0.0,97665.56902770989
2026-03-25 16:00:00-04:00,97665.56902770996,97665.56902770996,0.0,0.0,0.0,False,margin,0.0,0.0,0.0,0,0,,,[],0.0,0.0,0.0,0.0,0.0,0.0,0.0,97665.56902770989
2026-03-26 08:30:00-04:00,97665.56902770996,97665.56902770996,0.0,0.0,0.0,False,margin,0.0,0.0,0.0,0,0,,,[],0.0,0.0,0.0,0.0,0.0,0.0,0.0,97665.56902770989
2026-03-26 09:30:00-04:00,97665.56902770996,97665.56902770996,0.0,0.0,0.0,False,margin,0.0,0.0,0.0,0,0,,,[],0.0,0.0,0.0,0.0,0.0,0.0,0.0,97665.56902770989
2026-03-26 09:30:00-04:00,97665.56902770996,97665.56902770996,0.0,0.0,0.0,False,margin,0.0,0.0,0.0,0,0,,,[],0.0,0.0,0.0,0.0,0.0,0.0,0.0,97665.56902770989
2026-03-26 16:00:00-04:00,97665.56902770996,97665.56902770996,0.0,0.0,0.0,False,margin,0.0,0.0,0.0,0,0,,,[],0.0,0.0,0.0,0.0,0.0,0.0,0.0,97665.56902770989
2026-03-27 08:30:00-04:00,97665.56902770996,97665.56902770996,0.0,0.0,0.0,False,margin,0.0,0.0,0.0,0,0,,,[],0.0,0.0,0.0,0.0,0.0,0.0,0.0,97665.56902770989
2026-03-27 09:30:00-04:00,97665.56902770996,97665.56902770996,0.0,0.0,0.0,False,margin,0.0,0.0,0.0,0,0,,,[],0.0,0.0,0.0,0.0,0.0,0.0,0.0,97665.56902770989
2026-03-27 09:30:00-04:00,97665.56902770996,97665.56902770996,0.0,0.0,0.0,False,margin,0.0,0.0,0.0,0,0,,,[],0.0,0.0,0.0,0.0,0.0,0.0,0.0,97665.56902770989
2026-03-27 16:00:00-04:00,97665.56902770996,97665.56902770996,0.0,0.0,0.0,False,margin,0.0,0.0,0.0,0,0,,,[],0.0,0.0,0.0,0.0,0.0,0.0,0.0,97665.56902770989
2026-03-30 08:30:00-04:00,97665.56902770996,97665.56902770996,0.0,0.0,0.0,False,margin,0.0,0.0,0.0,0,0,,,[],0.0,0.0,0.0,0.0,0.0,0.0,0.0,97665.56902770989
2026-03-30 09:30:00-04:00,97665.56902770996,97665.56902770996,0.0,0.0,0.0,False,margin,0.0,0.0,0.0,0,0,,,[],0.0,0.0,0.0,0.0,0.0,0.0,0.0,97665.56902770989
2026-03-30 09:30:00-04:00,97665.56902770996,97665.56902770996,0.0,0.0,0.0,False,margin,0.0,0.0,0.0,0,0,,,[],0.0,0.0,0.0,0.0,0.0,0.0,0.0,97665.56902770989
2026-03-30 16:00:00-04:00,97665.56902770996,97665.56902770996,0.0,0.0,0.0,False,margin,0.0,0.0,0.0,0,0,,,[],0.0,0.0,0.0,0.0,0.0,0.0,0.0,97665.56902770989
2026-03-31 08:30:00-04:00,97665.56902770996,97665.56902770996,0.0,0.0,0.0,False,margin,0.0,0.0,0.0,0,0,,,[],0.0,0.0,0.0,0.0,0.0,0.0,0.0,97665.56902770989
2026-03-31 09:30:00-04:00,97665.56902770996,97665.56902770996,0.0,0.0,0.0,False,margin,0.0,0.0,0.0,0,0,,,[],0.0,0.0,0.0,0.0,0.0,0.0,0.0,97665.56902770989
2026-03-31 09:30:00-04:00,97665.56902770996,97665.56902770996,0.0,0.0,0.0,False,margin,0.0,0.0,0.0,0,0,,,[],0.0,0.0,0.0,0.0,0.0,0.0,0.0,97665.56902770989
2026-03-31 16:00:00-04:00,97665.56902770996,97665.56902770996,0.0,0.0,0.0,False,margin,0.0,0.0,0.0,0,0,,,[],0.0,0.0,0.0,0.0,0.0,0.0,0.0,97665.56902770989
2026-04-01 08:30:00-04:00,97665.56902770996,97665.56902770996,0.0,0.0,0.0,False,margin,0.0,0.0,0.0,0,0,,,[],0.0,0.0,0.0,0.0,0.0,0.0,0.0,97665.56902770989
2026-04-01 09:30:00-04:00,97665.56902770996,97665.56902770996,0.0,0.0,0.0,False,margin,0.0,0.0,0.0,0,0,,,[],0.0,0.0,0.0,0.0,0.0,0.0,0.0,97665.56902770989
2026-04-01 09:30:00-04:00,97665.56902770996,97665.56902770996,0.0,0.0,0.0,False,margin,0.0,0.0,0.0,0,0,,,[],0.0,0.0,0.0,0.0,0.0,0.0,0.0,97665.56902770989
2026-04-01 16:00:00-04:00,97665.56902770996,97665.56902770996,0.0,0.0,0.0,False,margin,0.0,0.0,0.0,0,0,,,[],0.0,0.0,0.0,0.0,0.0,0.0,0.0,97665.56902770989
2026-04-02 08:30:00-04:00,97665.56902770996,97665.56902770996,0.0,0.0,0.0,False,margin,0.0,0.0,0.0,0,0,,,[],0.0,0.0,0.0,0.0,0.0,0.0,0.0,97665.56902770989
2026-04-02 09:30:00-04:00,97665.56902770996,97665.56902770996,0.0,0.0,0.0,False,margin,0.0,0.0,0.0,0,0,,,[],0.0,0.0,0.0,0.0,0.0,0.0,0.0,97665.56902770989
2026-04-02 09:30:00-04:00,97665.56902770996,97665.56902770996,0.0,0.0,0.0,False,margin,0.0,0.0,0.0,0,0,,,[],0.0,0.0,0.0,0.0,0.0,0.0,0.0,97665.56902770989
2026-04-02 16:00:00-04:00,97665.56902770996,97665.56902770996,0.0,0.0,0.0,False,margin,0.0,0.0,0.0,0,0,,,[],0.0,0.0,0.0,0.0,0.0,0.0,0.0,97665.56902770989
2026-04-06 08:30:00-04:00,97665.56902770996,97665.56902770996,0.0,0.0,0.0,False,margin,0.0,0.0,0.0,0,0,,,[],0.0,0.0,0.0,0.0,0.0,0.0,0.0,97665.56902770989
2026-04-06 09:30:00-04:00,97665.56902770996,97665.56902770996,0.0,0.0,0.0,False,margin,0.0,0.0,0.0,0,0,,,[],0.0,0.0,0.0,0.0,0.0,0.0,0.0,97665.56902770989
2026-04-06 09:30:00-04:00,97665.56902770996,97665.56902770996,0.0,0.0,0.0,False,margin,0.0,0.0,0.0,0,0,,,[],0.0,0.0,0.0,0.0,0.0,0.0,0.0,97665.56902770989
2026-04-06 16:00:00-04:00,97665.56902770996,97665.56902770996,0.0,0.0,0.0,False,margin,0.0,0.0,0.0,0,0,,,[],0.0,0.0,0.0,0.0,0.0,0.0,0.0,97665.56902770989
2026-04-07 08:30:00-04:00,97665.56902770996,97665.56902770996,0.0,0.0,0.0,False,margin,0.0,0.0,0.0,0,0,,,[],0.0,0.0,0.0,0.0,0.0,0.0,0.0,97665.56902770989
2026-04-07 09:30:00-04:00,97665.56902770996,97665.56902770996,0.0,0.0,0.0,False,margin,0.0,0.0,0.0,0,0,,,[],0.0,0.0,0.0,0.0,0.0,0.0,0.0,97665.56902770989
2026-04-07 09:30:00-04:00,97665.56902770996,97665.56902770996,0.0,0.0,0.0,False,margin,0.0,0.0,0.0,0,0,,,[],0.0,0.0,0.0,0.0,0.0,0.0,0.0,97665.56902770989
2026-04-07 16:00:00-04:00,97665.56902770996,97665.56902770996,0.0,0.0,0.0,False,margin,0.0,0.0,0.0,0,0,,,[],0.0,0.0,0.0,0.0,0.0,0.0,0.0,97665.56902770989
2026-04-08 08:30:00-04:00,97665.56902770996,97665.56902770996,0.0,0.0,0.0,False,margin,0.0,0.0,0.0,0,0,,,[],0.0,0.0,0.0,0.0,0.0,0.0,0.0,97665.56902770989
2026-04-08 09:30:00-04:00,97665.56902770996,97665.56902770996,0.0,0.0,0.0,False,margin,0.0,0.0,0.0,0,0,,,[],0.0,0.0,0.0,0.0,0.0,0.0,0.0,97665.56902770989
2026-04-08 09:30:00-04:00,97665.56902770996,97665.56902770996,0.0,0.0,0.0,False,margin,0.0,0.0,0.0,0,0,,,[],0.0,0.0,0.0,0.0,0.0,0.0,0.0,97665.56902770989
2026-04-08 16:00:00-04:00,97665.56902770996,97665.56902770996,0.0,0.0,0.0,False,margin,0.0,0.0,0.0,0,0,,,[],0.0,0.0,0.0,0.0,0.0,0.0,0.0,97665.56902770989
2026-04-09 08:30:00-04:00,97665.56902770996,97665.56902770996,0.0,0.0,0.0,False,margin,0.0,0.0,0.0,0,0,,,[],0.0,0.0,0.0,0.0,0.0,0.0,0.0,97665.56902770989
2026-04-09 09:30:00-04:00,97665.56902770996,97665.56902770996,0.0,0.0,0.0,False,margin,0.0,0.0,0.0,0,0,,,[],0.0,0.0,0.0,0.0,0.0,0.0,0.0,97665.56902770989
2026-04-09 09:30:00-04:00,97665.56902770996,97665.56902770996,0.0,0.0,0.0,False,margin,0.0,0.0,0.0,0,0,,,[],0.0,0.0,0.0,0.0,0.0,0.0,0.0,97665.56902770989
2026-04-09 16:00:00-04:00,97665.56902770996,97665.56902770996,0.0,0.0,0.0,False,margin,0.0,0.0,0.0,0,0,,,[],0.0,0.0,0.0,0.0,0.0,0.0,0.0,97665.56902770989
2026-04-10 08:30:00-04:00,97665.56902770996,97665.56902770996,0.0,0.0,0.0,False,margin,0.0,0.0,0.0,0,0,,,[],0.0,0.0,0.0,0.0,0.0,0.0,0.0,97665.56902770989
2026-04-10 09:30:00-04:00,97665.56902770996,97665.56902770996,0.0,0.0,0.0,False,margin,0.0,0.0,0.0,0,0,,,[],0.0,0.0,0.0,0.0,0.0,0.0,0.0,97665.56902770989
2026-04-10 09:30:00-04:00,97665.56902770996,97665.56902770996,0.0,0.0,0.0,False,margin,0.0,0.0,0.0,0,0,,,[],0.0,0.0,0.0,0.0,0.0,0.0,0.0,97665.56902770989
2026-04-10 16:00:00-04:00,97665.56902770996,97665.56902770996,0.0,0.0,0.0,False,margin,0.0,0.0,0.0,0,0,,,[],0.0,0.0,0.0,0.0,0.0,0.0,0.0,97665.56902770989
2026-04-13 08:30:00-04:00,97665.56902770996,97665.56902770996,0.0,0.0,0.0,False,margin,0.0,0.0,0.0,0,0,,,[],0.0,0.0,0.0,0.0,0.0,0.0,0.0,97665.56902770989
2026-04-13 09:30:00-04:00,97665.56902770996,97665.56902770996,0.0,0.0,0.0,False,margin,0.0,0.0,0.0,0,0,,,[],0.0,0.0,0.0,0.0,0.0,0.0,0.0,97665.56902770989
2026-04-13 09:30:00-04:00,97665.56902770996,97665.56902770996,0.0,0.0,0.0,False,margin,0.0,0.0,0.0,0,0,,,[],0.0,0.0,0.0,0.0,0.0,0.0,0.0,97665.56902770989
2026-04-13 16:00:00-04:00,97665.56902770996,97665.56902770996,0.0,0.0,0.0,False,margin,0.0,0.0,0.0,0,0,,,[],0.0,0.0,0.0,0.0,0.0,0.0,0.0,97665.56902770989
2026-04-14 08:30:00-04:00,97665.56902770996,97665.56902770996,0.0,0.0,0.0,False,margin,0.0,0.0,0.0,0,0,,,[],0.0,0.0,0.0,0.0,0.0,0.0,0.0,97665.56902770989
2026-04-14 09:30:00-04:00,97665.56902770996,97665.56902770996,0.0,0.0,0.0,False,margin,0.0,0.0,0.0,0,0,,,[],0.0,0.0,0.0,0.0,0.0,0.0,0.0,97665.56902770989
2026-04-14 09:30:00-04:00,97665.56902770996,97665.56902770996,0.0,0.0,0.0,False,margin,0.0,0.0,0.0,0,0,,,[],0.0,0.0,0.0,0.0,0.0,0.0,0.0,97665.56902770989
2026-04-14 16:00:00-04:00,97665.56902770996,97665.56902770996,0.0,0.0,0.0,False,margin,0.0,0.0,0.0,0,0,,,[],0.0,0.0,0.0,0.0,0.0,0.0,0.0,97665.56902770989
2026-04-15 08:30:00-04:00,97665.56902770996,97665.56902770996,0.0,0.0,0.0,False,margin,0.0,0.0,0.0,0,0,,,[],0.0,0.0,0.0,0.0,0.0,0.0,0.0,97665.56902770989
2026-04-15 09:30:00-04:00,97665.56902770996,97665.56902770996,0.0,0.0,0.0,False,margin,0.0,0.0,0.0,0,0,,,[],0.0,0.0,0.0,0.0,0.0,0.0,0.0,97665.56902770989
2026-04-15 09:30:00-04:00,97665.56902770996,97665.56902770996,0.0,0.0,0.0,False,margin,0.0,0.0,0.0,0,0,,,[],0.0,0.0,0.0,0.0,0.0,0.0,0.0,97665.56902770989
2026-04-15 16:00:00-04:00,97665.56902770996,97665.56902770996,0.0,0.0,0.0,False,margin,0.0,0.0,0.0,0,0,,,[],0.0,0.0,0.0,0.0,0.0,0.0,0.0,97665.56902770989
2026-04-16 08:30:00-04:00,97665.56902770996,97665.56902770996,0.0,0.0,0.0,False,margin,0.0,0.0,0.0,0,0,,,[],0.0,0.0,0.0,0.0,0.0,0.0,0.0,97665.56902770989
2026-04-16 09:30:00-04:00,97665.56902770996,97665.56902770996,0.0,0.0,0.0,False,margin,0.0,0.0,0.0,0,0,,,[],0.0,0.0,0.0,0.0,0.0,0.0,0.0,97665.56902770989
2026-04-16 09:30:00-04:00,97665.56902770996,97665.56902770996,0.0,0.0,0.0,False,margin,0.0,0.0,0.0,0,0,,,[],0.0,0.0,0.0,0.0,0.0,0.0,0.0,97665.56902770989
2026-04-16 16:00:00-04:00,97665.56902770996,97665.56902770996,0.0,0.0,0.0,False,margin,0.0,0.0,0.0,0,0,,,[],0.0,0.0,0.0,0.0,0.0,0.0,0.0,97665.56902770989
2026-04-17 08:30:00-04:00,97665.56902770996,97665.56902770996,0.0,0.0,0.0,False,margin,0.0,0.0,0.0,0,0,,,[],0.0,0.0,0.0,0.0,0.0,0.0,0.0,97665.56902770989
2026-04-17 09:30:00-04:00,97665.56902770996,97665.56902770996,0.0,0.0,0.0,False,margin,0.0,0.0,0.0,0,0,,,[],0.0,0.0,0.0,0.0,0.0,0.0,0.0,97665.56902770989
2026-04-17 09:30:00-04:00,97665.56902770996,97665.56902770996,0.0,0.0,0.0,False,margin,0.0,0.0,0.0,0,0,,,[],0.0,0.0,0.0,0.0,0.0,0.0,0.0,97665.56902770989
2026-04-17 16:00:00-04:00,97665.56902770996,97665.56902770996,0.0,0.0,0.0,False,margin,0.0,0.0,0.0,0,0,,,[],0.0,0.0,0.0,0.0,0.0,0.0,0.0,97665.56902770989
2026-04-20 08:30:00-04:00,97665.56902770996,97665.56902770996,0.0,0.0,0.0,False,margin,0.0,0.0,0.0,0,0,,,[],0.0,0.0,0.0,0.0,0.0,0.0,0.0,97665.56902770989
2026-04-20 09:30:00-04:00,97665.56902770996,97665.56902770996,0.0,0.0,0.0,False,margin,0.0,0.0,0.0,0,0,,,[],0.0,0.0,0.0,0.0,0.0,0.0,0.0,97665.56902770989
2026-04-20 09:30:00-04:00,97665.56902770996,97665.56902770996,0.0,0.0,0.0,False,margin,0.0,0.0,0.0,0,0,,,[],0.0,0.0,0.0,0.0,0.0,0.0,0.0,97665.56902770989
2026-04-20 16:00:00-04:00,97665.56902770996,97665.56902770996,0.0,0.0,0.0,False,margin,0.0,0.0,0.0,0,0,,,[],0.0,0.0,0.0,0.0,0.0,0.0,0.0,97665.56902770989
2026-04-21 08:30:00-04:00,97665.56902770996,97665.56902770996,0.0,0.0,0.0,False,margin,0.0,0.0,0.0,0,0,,,[],0.0,0.0,0.0,0.0,0.0,0.0,0.0,97665.56902770989
2026-04-21 09:30:00-04:00,97665.56902770996,97665.56902770996,0.0,0.0,0.0,False,margin,0.0,0.0,0.0,0,0,,,[],0.0,0.0,0.0,0.0,0.0,0.0,0.0,97665.56902770989
2026-04-21 09:30:00-04:00,97665.56902770996,97665.56902770996,0.0,0.0,0.0,False,margin,0.0,0.0,0.0,0,0,,,[],0.0,0.0,0.0,0.0,0.0,0.0,0.0,97665.56902770989
2026-04-21 16:00:00-04:00,97665.56902770996,97665.56902770996,0.0,0.0,0.0,False,margin,0.0,0.0,0.0,0,0,,,[],0.0,0.0,0.0,0.0,0.0,0.0,0.0,97665.56902770989
2026-04-22 08:30:00-04:00,97665.56902770996,97665.56902770996,0.0,0.0,0.0,False,margin,0.0,0.0,0.0,0,0,,,[],0.0,0.0,0.0,0.0,0.0,0.0,0.0,97665.56902770989
2026-04-22 09:30:00-04:00,97665.56902770996,97665.56902770996,0.0,0.0,0.0,False,margin,0.0,0.0,0.0,0,0,,,[],0.0,0.0,0.0,0.0,0.0,0.0,0.0,97665.56902770989
2026-04-22 09:30:00-04:00,97665.56902770996,97665.56902770996,0.0,0.0,0.0,False,margin,0.0,0.0,0.0,0,0,,,[],0.0,0.0,0.0,0.0,0.0,0.0,0.0,97665.56902770989
2026-04-22 16:00:00-04:00,97665.56902770996,97665.56902770996,0.0,0.0,0.0,False,margin,0.0,0.0,0.0,0,0,,,[],0.0,0.0,0.0,0.0,0.0,0.0,0.0,97665.56902770989
2026-04-23 08:30:00-04:00,97665.56902770996,97665.56902770996,0.0,0.0,0.0,False,margin,0.0,0.0,0.0,0,0,,,[],0.0,0.0,0.0,0.0,0.0,0.0,0.0,97665.56902770989
2026-04-23 09:30:00-04:00,97665.56902770996,97665.56902770996,0.0,0.0,0.0,False,margin,0.0,0.0,0.0,0,0,,,[],0.0,0.0,0.0,0.0,0.0,0.0,0.0,97665.56902770989
2026-04-23 09:30:00-04:00,97665.56902770996,97665.56902770996,0.0,0.0,0.0,False,margin,0.0,0.0,0.0,0,0,,,[],0.0,0.0,0.0,0.0,0.0,0.0,0.0,97665.56902770989
2026-04-23 16:00:00-04:00,97665.56902770996,97665.56902770996,0.0,0.0,0.0,False,margin,0.0,0.0,0.0,0,0,,,[],0.0,0.0,0.0,0.0,0.0,0.0,0.0,97665.56902770989
2026-04-24 08:30:00-04:00,97665.56902770996,97665.56902770996,0.0,0.0,0.0,False,margin,0.0,0.0,0.0,0,0,,,[],0.0,0.0,0.0,0.0,0.0,0.0,0.0,97665.56902770989
2026-04-24 09:30:00-04:00,97665.56902770996,97665.56902770996,0.0,0.0,0.0,False,margin,0.0,0.0,0.0,0,0,,,[],0.0,0.0,0.0,0.0,0.0,0.0,0.0,97665.56902770989
2026-04-24 09:30:00-04:00,97665.56902770996,97665.56902770996,0.0,0.0,0.0,False,margin,0.0,0.0,0.0,0,0,,,[],0.0,0.0,0.0,0.0,0.0,0.0,0.0,97665.56902770989
2026-04-24 16:00:00-04:00,97665.56902770996,97665.56902770996,0.0,0.0,0.0,False,margin,0.0,0.0,0.0,0,0,,,[],0.0,0.0,0.0,0.0,0.0,0.0,0.0,97665.56902770989
2026-04-27 08:30:00-04:00,97665.56902770996,97665.56902770996,0.0,0.0,0.0,False,margin,0.0,0.0,0.0,0,0,,,[],0.0,0.0,0.0,0.0,0.0,0.0,0.0,97665.56902770989
2026-04-27 09:30:00-04:00,97665.56902770996,97665.56902770996,0.0,0.0,0.0,False,margin,0.0,0.0,0.0,0,0,,,[],0.0,0.0,0.0,0.0,0.0,0.0,0.0,97665.56902770989
2026-04-27 09:30:00-04:00,97665.56902770996,97665.56902770996,0.0,0.0,0.0,False,margin,0.0,0.0,0.0,0,0,,,[],0.0,0.0,0.0,0.0,0.0,0.0,0.0,97665.56902770989
2026-04-27 16:00:00-04:00,97665.56902770996,97665.56902770996,0.0,0.0,0.0,False,margin,0.0,0.0,0.0,0,0,,,[],0.0,0.0,0.0,0.0,0.0,0.0,0.0,97665.56902770989
2026-04-28 08:30:00-04:00,97665.56902770996,97665.56902770996,0.0,0.0,0.0,False,margin,0.0,0.0,0.0,0,0,,,[],0.0,0.0,0.0,0.0,0.0,0.0,0.0,97665.56902770989
2026-04-28 09:30:00-04:00,97665.56902770996,97665.56902770996,0.0,0.0,0.0,False,margin,0.0,0.0,0.0,0,0,,,[],0.0,0.0,0.0,0.0,0.0,0.0,0.0,97665.56902770989
2026-04-28 09:30:00-04:00,97665.56902770996,97665.56902770996,0.0,0.0,0.0,False,margin,0.0,0.0,0.0,0,0,,,[],0.0,0.0,0.0,0.0,0.0,0.0,0.0,97665.56902770989
2026-04-28 16:00:00-04:00,97665.56902770996,97665.56902770996,0.0,0.0,0.0,False,margin,0.0,0.0,0.0,0,0,,,[],0.0,0.0,0.0,0.0,0.0,0.0,0.0,97665.56902770989
2026-04-29 08:30:00-04:00,97665.56902770996,97665.56902770996,0.0,0.0,0.0,False,margin,0.0,0.0,0.0,0,0,,,[],0.0,0.0,0.0,0.0,0.0,0.0,0.0,97665.56902770989
2026-04-29 09:30:00-04:00,97665.56902770996,97665.56902770996,0.0,0.0,0.0,False,margin,0.0,0.0,0.0,0,0,,,[],0.0,0.0,0.0,0.0,0.0,0.0,0.0,97665.56902770989
2026-04-29 09:30:00-04:00,97665.56902770996,97665.56902770996,0.0,0.0,0.0,False,margin,0.0,0.0,0.0,0,0,,,[],0.0,0.0,0.0,0.0,0.0,0.0,0.0,97665.56902770989
2026-04-29 16:00:00-04:00,97665.56902770996,97665.56902770996,0.0,0.0,0.0,False,margin,0.0,0.0,0.0,0,0,,,[],0.0,0.0,0.0,0.0,0.0,0.0,0.0,97665.56902770989
2026-04-30 08:30:00-04:00,97665.56902770996,97665.56902770996,0.0,0.0,0.0,False,margin,0.0,0.0,0.0,0,0,,,[],0.0,0.0,0.0,0.0,0.0,0.0,0.0,97665.56902770989
2026-04-30 09:30:00-04:00,97665.56902770996,97665.56902770996,0.0,0.0,0.0,False,margin,0.0,0.0,0.0,0,0,,,[],0.0,0.0,0.0,0.0,0.0,0.0,0.0,97665.56902770989
2026-04-30 09:30:00-04:00,97665.56902770996,97665.56902770996,0.0,0.0,0.0,False,margin,0.0,0.0,0.0,0,0,,,[],0.0,0.0,0.0,0.0,0.0,0.0,0.0,97665.56902770989
2026-04-30 16:00:00-04:00,97665.56902770996,97665.56902770996,0.0,0.0,0.0,False,margin,0.0,0.0,0.0,0,0,,,[],0.0,0.0,0.0,0.0,0.0,0.0,0.0,97665.56902770989
2026-05-01 08:30:00-04:00,97665.56902770996,97665.56902770996,0.0,0.0,0.0,False,margin,0.0,0.0,0.0,0,0,,,[],0.0,0.0,0.0,0.0,0.0,0.0,0.0,97665.56902770989
2026-05-01 09:30:00-04:00,97665.56902770996,97665.56902770996,0.0,0.0,0.0,False,margin,0.0,0.0,0.0,0,0,,,[],0.0,0.0,0.0,0.0,0.0,0.0,0.0,97665.56902770989
2026-05-01 09:30:00-04:00,97665.56902770996,97665.56902770996,0.0,0.0,0.0,False,margin,0.0,0.0,0.0,0,0,,,[],0.0,0.0,0.0,0.0,0.0,0.0,0.0,97665.56902770989
2026-05-01 16:00:00-04:00,97665.56902770996,97665.56902770996,0.0,0.0,0.0,False,margin,0.0,0.0,0.0,0,0,,,[],0.0,0.0,0.0,0.0,0.0,0.0,0.0,97665.56902770989
2026-05-04 08:30:00-04:00,97665.56902770996,97665.56902770996,0.0,0.0,0.0,False,margin,0.0,0.0,0.0,0,0,,,[],0.0,0.0,0.0,0.0,0.0,0.0,0.0,97665.56902770989
2026-05-04 09:30:00-04:00,97665.56902770996,97665.56902770996,0.0,0.0,0.0,False,margin,0.0,0.0,0.0,0,0,,,[],0.0,0.0,0.0,0.0,0.0,0.0,0.0,97665.56902770989
2026-05-04 09:30:00-04:00,97665.56902770996,97665.56902770996,0.0,0.0,0.0,False,margin,0.0,0.0,0.0,0,0,,,[],0.0,0.0,0.0,0.0,0.0,0.0,0.0,97665.56902770989
2026-05-04 16:00:00-04:00,97665.56902770996,97665.56902770996,0.0,0.0,0.0,False,margin,0.0,0.0,0.0,0,0,,,[],0.0,0.0,0.0,0.0,0.0,0.0,0.0,97665.56902770989
2026-05-05 08:30:00-04:00,97665.56902770996,97665.56902770996,0.0,0.0,0.0,False,margin,0.0,0.0,0.0,0,0,,,[],0.0,0.0,0.0,0.0,0.0,0.0,0.0,97665.56902770989
2026-05-05 09:30:00-04:00,97665.56902770996,97665.56902770996,0.0,0.0,0.0,False,margin,0.0,0.0,0.0,0,0,,,[],0.0,0.0,0.0,0.0,0.0,0.0,0.0,97665.56902770989
2026-05-05 09:30:00-04:00,97665.56902770996,97665.56902770996,0.0,0.0,0.0,False,margin,0.0,0.0,0.0,0,0,,,[],0.0,0.0,0.0,0.0,0.0,0.0,0.0,97665.56902770989
2026-05-05 16:00:00-04:00,97665.56902770996,97665.56902770996,0.0,0.0,0.0,False,margin,0.0,0.0,0.0,0,0,,,[],0.0,0.0,0.0,0.0,0.0,0.0,0.0,97665.56902770989
2026-05-06 08:30:00-04:00,97665.56902770996,97665.56902770996,0.0,0.0,0.0,False,margin,0.0,0.0,0.0,0,0,,,[],0.0,0.0,0.0,0.0,0.0,0.0,0.0,97665.56902770989
2026-05-06 09:30:00-04:00,97665.56902770996,97665.56902770996,0.0,0.0,0.0,False,margin,0.0,0.0,0.0,0,0,,,[],0.0,0.0,0.0,0.0,0.0,0.0,0.0,97665.56902770989
2026-05-06 09:30:00-04:00,97665.56902770996,97665.56902770996,0.0,0.0,0.0,False,margin,0.0,0.0,0.0,0,0,,,[],0.0,0.0,0.0,0.0,0.0,0.0,0.0,97665.56902770989
2026-05-06 16:00:00-04:00,97665.56902770996,97665.56902770996,0.0,0.0,0.0,False,margin,0.0,0.0,0.0,0,0,,,[],0.0,0.0,0.0,0.0,0.0,0.0,0.0,97665.56902770989
2026-05-07 08:30:00-04:00,97665.56902770996,97665.56902770996,0.0,0.0,0.0,False,margin,0.0,0.0,0.0,0,0,,,[],0.0,0.0,0.0,0.0,0.0,0.0,0.0,97665.56902770989
2026-05-07 09:30:00-04:00,97665.56902770996,97665.56902770996,0.0,0.0,0.0,False,margin,0.0,0.0,0.0,0,0,,,[],0.0,0.0,0.0,0.0,0.0,0.0,0.0,97665.56902770989
2026-05-07 09:30:00-04:00,97665.56902770996,97665.56902770996,0.0,0.0,0.0,False,margin,0.0,0.0,0.0,0,0,,,[],0.0,0.0,0.0,0.0,0.0,0.0,0.0,97665.56902770989
2026-05-07 16:00:00-04:00,97665.56902770996,97665.56902770996,0.0,0.0,0.0,False,margin,0.0,0.0,0.0,0,0,,,[],0.0,0.0,0.0,0.0,0.0,0.0,0.0,97665.56902770989
2026-05-08 08:30:00-04:00,97665.56902770996,97665.56902770996,0.0,0.0,0.0,False,margin,0.0,0.0,0.0,0,0,,,[],0.0,0.0,0.0,0.0,0.0,0.0,0.0,97665.56902770989
2026-05-08 09:30:00-04:00,97665.56902770996,97665.56902770996,0.0,0.0,0.0,False,margin,0.0,0.0,0.0,0,0,,,[],0.0,0.0,0.0,0.0,0.0,0.0,0.0,97665.56902770989
2026-05-08 09:30:00-04:00,97665.56902770996,97665.56902770996,0.0,0.0,0.0,False,margin,0.0,0.0,0.0,0,0,,,[],0.0,0.0,0.0,0.0,0.0,0.0,0.0,97665.56902770989
2026-05-08 16:00:00-04:00,97665.56902770996,97665.56902770996,0.0,0.0,0.0,False,margin,0.0,0.0,0.0,0,0,,,[],0.0,0.0,0.0,0.0,0.0,0.0,0.0,97665.56902770989
2026-05-11 08:30:00-04:00,97665.56902770996,97665.56902770996,0.0,0.0,0.0,False,margin,0.0,0.0,0.0,0,0,,,[],0.0,0.0,0.0,0.0,0.0,0.0,0.0,97665.56902770989
2026-05-11 09:30:00-04:00,97665.56902770996,97665.56902770996,0.0,0.0,0.0,False,margin,0.0,0.0,0.0,0,0,,,[],0.0,0.0,0.0,0.0,0.0,0.0,0.0,97665.56902770989
2026-05-11 09:30:00-04:00,97665.56902770996,97665.56902770996,0.0,0.0,0.0,False,margin,0.0,0.0,0.0,0,0,,,[],0.0,0.0,0.0,0.0,0.0,0.0,0.0,97665.56902770989
2026-05-11 16:00:00-04:00,97665.56902770996,97665.56902770996,0.0,0.0,0.0,False,margin,0.0,0.0,0.0,0,0,,,[],0.0,0.0,0.0,0.0,0.0,0.0,0.0,97665.56902770989
2026-05-12 08:30:00-04:00,97665.56902770996,97665.56902770996,0.0,0.0,0.0,False,margin,0.0,0.0,0.0,0,0,,,[],0.0,0.0,0.0,0.0,0.0,0.0,0.0,97665.56902770989
2026-05-12 09:30:00-04:00,97665.56902770996,97665.56902770996,0.0,0.0,0.0,False,margin,0.0,0.0,0.0,0,0,,,[],0.0,0.0,0.0,0.0,0.0,0.0,0.0,97665.56902770989
2026-05-12 09:30:00-04:00,97665.56902770996,97665.56902770996,0.0,0.0,0.0,False,margin,0.0,0.0,0.0,0,0,,,[],0.0,0.0,0.0,0.0,0.0,0.0,0.0,97665.56902770989
2026-05-12 16:00:00-04:00,97665.56902770996,97665.56902770996,0.0,0.0,0.0,False,margin,0.0,0.0,0.0,0,0,,,[],0.0,0.0,0.0,0.0,0.0,0.0,0.0,97665.56902770989
2026-05-13 08:30:00-04:00,97665.56902770996,97665.56902770996,0.0,0.0,0.0,False,margin,0.0,0.0,0.0,0,0,,,[],0.0,0.0,0.0,0.0,0.0,0.0,0.0,97665.56902770989
2026-05-13 09:30:00-04:00,97665.56902770996,97665.56902770996,0.0,0.0,0.0,False,margin,0.0,0.0,0.0,0,0,,,[],0.0,0.0,0.0,0.0,0.0,0.0,0.0,97665.56902770989
2026-05-13 09:30:00-04:00,97665.56902770996,97665.56902770996,0.0,0.0,0.0,False,margin,0.0,0.0,0.0,0,0,,,[],0.0,0.0,0.0,0.0,0.0,0.0,0.0,97665.56902770989
2026-05-13 16:00:00-04:00,97665.56902770996,97665.56902770996,0.0,0.0,0.0,False,margin,0.0,0.0,0.0,0,0,,,[],0.0,0.0,0.0,0.0,0.0,0.0,0.0,97665.56902770989
2026-05-14 08:30:00-04:00,97665.56902770996,97665.56902770996,0.0,0.0,0.0,False,margin,0.0,0.0,0.0,0,0,,,[],0.0,0.0,0.0,0.0,0.0,0.0,0.0,97665.56902770989
2026-05-14 09:30:00-04:00,97665.56902770996,97665.56902770996,0.0,0.0,0.0,False,margin,0.0,0.0,0.0,0,0,,,[],0.0,0.0,0.0,0.0,0.0,0.0,0.0,97665.56902770989
2026-05-14 09:30:00-04:00,97665.56902770996,97665.56902770996,0.0,0.0,0.0,False,margin,0.0,0.0,0.0,0,0,,,[],0.0,0.0,0.0,0.0,0.0,0.0,0.0,97665.56902770989
2026-05-14 16:00:00-04:00,97665.56902770996,97665.56902770996,0.0,0.0,0.0,False,margin,0.0,0.0,0.0,0,0,,,[],0.0,0.0,0.0,0.0,0.0,0.0,0.0,97665.56902770989
2026-05-15 08:30:00-04:00,97665.56902770996,97665.56902770996,0.0,0.0,0.0,False,margin,0.0,0.0,0.0,0,0,,,[],0.0,0.0,0.0,0.0,0.0,0.0,0.0,97665.56902770989
2026-05-15 09:30:00-04:00,97665.56902770996,97665.56902770996,0.0,0.0,0.0,False,margin,0.0,0.0,0.0,0,0,,,[],0.0,0.0,0.0,0.0,0.0,0.0,0.0,97665.56902770989
2026-05-15 09:30:00-04:00,97665.56902770996,97665.56902770996,0.0,0.0,0.0,False,margin,0.0,0.0,0.0,0,0,,,[],0.0,0.0,0.0,0.0,0.0,0.0,0.0,97665.56902770989
2026-05-15 16:00:00-04:00,97665.56902770996,97665.56902770996,0.0,0.0,0.0,False,margin,0.0,0.0,0.0,0,0,,,[],0.0,0.0,0.0,0.0,0.0,0.0,0.0,97665.56902770989
2026-05-18 08:30:00-04:00,97665.56902770996,97665.56902770996,0.0,0.0,0.0,False,margin,0.0,0.0,0.0,0,0,,,[],0.0,0.0,0.0,0.0,0.0,0.0,0.0,97665.56902770989
2026-05-18 09:30:00-04:00,97665.56902770996,97665.56902770996,0.0,0.0,0.0,False,margin,0.0,0.0,0.0,0,0,,,[],0.0,0.0,0.0,0.0,0.0,0.0,0.0,97665.56902770989
2026-05-18 09:30:00-04:00,97665.56902770996,97665.56902770996,0.0,0.0,0.0,False,margin,0.0,0.0,0.0,0,0,,,[],0.0,0.0,0.0,0.0,0.0,0.0,0.0,97665.56902770989
2026-05-18 16:00:00-04:00,97665.56902770996,97665.56902770996,0.0,0.0,0.0,False,margin,0.0,0.0,0.0,0,0,,,[],0.0,0.0,0.0,0.0,0.0,0.0,0.0,97665.56902770989
2026-05-19 08:30:00-04:00,97665.56902770996,97665.56902770996,0.0,0.0,0.0,False,margin,0.0,0.0,0.0,0,0,,,[],0.0,0.0,0.0,0.0,0.0,0.0,0.0,97665.56902770989
2026-05-19 09:30:00-04:00,97665.56902770996,97665.56902770996,0.0,0.0,0.0,False,margin,0.0,0.0,0.0,0,0,,,[],0.0,0.0,0.0,0.0,0.0,0.0,0.0,97665.56902770989
2026-05-19 09:30:00-04:00,97665.56902770996,97665.56902770996,0.0,0.0,0.0,False,margin,0.0,0.0,0.0,0,0,,,[],0.0,0.0,0.0,0.0,0.0,0.0,0.0,97665.56902770989
2026-05-19 16:00:00-04:00,97665.56902770996,97665.56902770996,0.0,0.0,0.0,False,margin,0.0,0.0,0.0,0,0,,,[],0.0,0.0,0.0,0.0,0.0,0.0,0.0,97665.56902770989
2026-05-20 08:30:00-04:00,97665.56902770996,97665.56902770996,0.0,0.0,0.0,False,margin,0.0,0.0,0.0,0,0,,,[],0.0,0.0,0.0,0.0,0.0,0.0,0.0,97665.56902770989
2026-05-20 09:30:00-04:00,97665.56902770996,97665.56902770996,0.0,0.0,0.0,False,margin,0.0,0.0,0.0,0,0,,,[],0.0,0.0,0.0,0.0,0.0,0.0,0.0,97665.56902770989
2026-05-20 09:30:00-04:00,97665.56902770996,97665.56902770996,0.0,0.0,0.0,False,margin,0.0,0.0,0.0,0,0,,,[],0.0,0.0,0.0,0.0,0.0,0.0,0.0,97665.56902770989
2026-05-20 16:00:00-04:00,97665.56902770996,97665.56902770996,0.0,0.0,0.0,False,margin,0.0,0.0,0.0,0,0,,,[],0.0,0.0,0.0,0.0,0.0,0.0,0.0,97665.56902770989
2026-05-21 08:30:00-04:00,97665.56902770996,97665.56902770996,0.0,0.0,0.0,False,margin,0.0,0.0,0.0,0,0,,,[],0.0,0.0,0.0,0.0,0.0,0.0,0.0,97665.56902770989
2026-05-21 09:30:00-04:00,97665.56902770996,97665.56902770996,0.0,0.0,0.0,False,margin,0.0,0.0,0.0,0,0,,,[],0.0,0.0,0.0,0.0,0.0,0.0,0.0,97665.56902770989
2026-05-21 09:30:00-04:00,97665.56902770996,97665.56902770996,0.0,0.0,0.0,False,margin,0.0,0.0,0.0,0,0,,,[],0.0,0.0,0.0,0.0,0.0,0.0,0.0,97665.56902770989
2026-05-21 16:00:00-04:00,97665.56902770996,97665.56902770996,0.0,0.0,0.0,False,margin,0.0,0.0,0.0,0,0,,,[],0.0,0.0,0.0,0.0,0.0,0.0,0.0,97665.56902770989
2026-05-22 08:30:00-04:00,97665.56902770996,97665.56902770996,0.0,0.0,0.0,False,margin,0.0,0.0,0.0,0,0,,,[],0.0,0.0,0.0,0.0,0.0,0.0,0.0,97665.56902770989
2026-05-22 09:30:00-04:00,97665.56902770996,97665.56902770996,0.0,0.0,0.0,False,margin,0.0,0.0,0.0,0,0,,,[],0.0,0.0,0.0,0.0,0.0,0.0,0.0,97665.56902770989
2026-05-22 09:30:00-04:00,97665.56902770996,97665.56902770996,0.0,0.0,0.0,False,margin,0.0,0.0,0.0,0,0,,,[],0.0,0.0,0.0,0.0,0.0,0.0,0.0,97665.56902770989
2026-05-22 16:00:00-04:00,97665.56902770996,97665.56902770996,0.0,0.0,0.0,False,margin,0.0,0.0,0.0,0,0,,,[],0.0,0.0,0.0,0.0,0.0,0.0,0.0,97665.56902770989
2026-05-26 08:30:00-04:00,97665.56902770996,97665.56902770996,0.0,0.0,0.0,False,margin,0.0,0.0,0.0,0,0,,,[],0.0,0.0,0.0,0.0,0.0,0.0,0.0,97665.56902770989
2026-05-26 09:30:00-04:00,97665.56902770996,97665.56902770996,0.0,0.0,0.0,False,margin,0.0,0.0,0.0,0,0,,,[],0.0,0.0,0.0,0.0,0.0,0.0,0.0,97665.56902770989
2026-05-26 09:30:00-04:00,97665.56902770996,97665.56902770996,0.0,0.0,0.0,False,margin,0.0,0.0,0.0,0,0,,,[],0.0,0.0,0.0,0.0,0.0,0.0,0.0,97665.56902770989
2026-05-26 16:00:00-04:00,97665.56902770996,97665.56902770996,0.0,0.0,0.0,False,margin,0.0,0.0,0.0,0,0,,,[],0.0,0.0,0.0,0.0,0.0,0.0,0.0,97665.56902770989
2026-05-27 08:30:00-04:00,97665.56902770996,97665.56902770996,0.0,0.0,0.0,False,margin,0.0,0.0,0.0,0,0,,,[],0.0,0.0,0.0,0.0,0.0,0.0,0.0,97665.56902770989
2026-05-27 09:30:00-04:00,97665.56902770996,97665.56902770996,0.0,0.0,0.0,False,margin,0.0,0.0,0.0,0,0,,,[],0.0,0.0,0.0,0.0,0.0,0.0,0.0,97665.56902770989
2026-05-27 09:30:00-04:00,97665.56902770996,97665.56902770996,0.0,0.0,0.0,False,margin,0.0,0.0,0.0,0,0,,,[],0.0,0.0,0.0,0.0,0.0,0.0,0.0,97665.56902770989
2026-05-27 16:00:00-04:00,97665.56902770996,97665.56902770996,0.0,0.0,0.0,False,margin,0.0,0.0,0.0,0,0,,,[],0.0,0.0,0.0,0.0,0.0,0.0,0.0,97665.56902770989
2026-05-28 08:30:00-04:00,97665.56902770996,97665.56902770996,0.0,0.0,0.0,False,margin,0.0,0.0,0.0,0,0,,,[],0.0,0.0,0.0,0.0,0.0,0.0,0.0,97665.56902770989
2026-05-28 09:30:00-04:00,97665.56902770996,97665.56902770996,0.0,0.0,0.0,False,margin,0.0,0.0,0.0,0,0,,,[],0.0,0.0,0.0,0.0,0.0,0.0,0.0,97665.56902770989
2026-05-28 09:30:00-04:00,97665.56902770996,97665.56902770996,0.0,0.0,0.0,False,margin,0.0,0.0,0.0,0,0,,,[],0.0,0.0,0.0,0.0,0.0,0.0,0.0,97665.56902770989
2026-05-28 16:00:00-04:00,97665.56902770996,97665.56902770996,0.0,0.0,0.0,False,margin,0.0,0.0,0.0,0,0,,,[],0.0,0.0,0.0,0.0,0.0,0.0,0.0,97665.56902770989
2026-05-29 08:30:00-04:00,97665.56902770996,97665.56902770996,0.0,0.0,0.0,False,margin,0.0,0.0,0.0,0,0,,,[],0.0,0.0,0.0,0.0,0.0,0.0,0.0,97665.56902770989
2026-05-29 09:30:00-04:00,97665.56902770996,97665.56902770996,0.0,0.0,0.0,False,margin,0.0,0.0,0.0,0,0,,,[],0.0,0.0,0.0,0.0,0.0,0.0,0.0,97665.56902770989
2026-05-29 09:30:00-04:00,97665.56902770996,97665.56902770996,0.0,0.0,0.0,False,margin,0.0,0.0,0.0,0,0,,,[],0.0,0.0,0.0,0.0,0.0,0.0,0.0,97665.56902770989
2026-05-29 16:00:00-04:00,97665.56902770996,97665.56902770996,0.0,0.0,0.0,False,margin,0.0,0.0,0.0,0,0,,,[],0.0,0.0,0.0,0.0,0.0,0.0,0.0,97665.56902770989
2026-06-01 08:30:00-04:00,97665.56902770996,97665.56902770996,0.0,0.0,0.0,False,margin,0.0,0.0,0.0,0,0,,,[],0.0,0.0,0.0,0.0,0.0,0.0,0.0,97665.56902770989
2026-06-01 09:30:00-04:00,97665.56902770996,97665.56902770996,0.0,0.0,0.0,False,margin,0.0,0.0,0.0,0,0,,,[],0.0,0.0,0.0,0.0,0.0,0.0,0.0,97665.56902770989
2026-06-01 09:30:00-04:00,97665.56902770996,97665.56902770996,0.0,0.0,0.0,False,margin,0.0,0.0,0.0,0,0,,,[],0.0,0.0,0.0,0.0,0.0,0.0,0.0,97665.56902770989
2026-06-01 16:00:00-04:00,97665.56902770996,97665.56902770996,0.0,0.0,0.0,False,margin,0.0,0.0,0.0,0,0,,,[],0.0,0.0,0.0,0.0,0.0,0.0,0.0,97665.56902770989
2026-06-02 08:30:00-04:00,97665.56902770996,97665.56902770996,0.0,0.0,0.0,False,margin,0.0,0.0,0.0,0,0,,,[],0.0,0.0,0.0,0.0,0.0,0.0,0.0,97665.56902770989
2026-06-02 09:30:00-04:00,97665.56902770996,97665.56902770996,0.0,0.0,0.0,False,margin,0.0,0.0,0.0,0,0,,,[],0.0,0.0,0.0,0.0,0.0,0.0,0.0,97665.56902770989
2026-06-02 09:30:00-04:00,97665.56902770996,97665.56902770996,0.0,0.0,0.0,False,margin,0.0,0.0,0.0,0,0,,,[],0.0,0.0,0.0,0.0,0.0,0.0,0.0,97665.56902770989
2026-06-02 16:00:00-04:00,97665.56902770996,97665.56902770996,0.0,0.0,0.0,False,margin,0.0,0.0,0.0,0,0,,,[],0.0,0.0,0.0,0.0,0.0,0.0,0.0,97665.56902770989
2026-06-03 08:30:00-04:00,97665.56902770996,97665.56902770996,0.0,0.0,0.0,False,margin,0.0,0.0,0.0,0,0,,,[],0.0,0.0,0.0,0.0,0.0,0.0,0.0,97665.56902770989
2026-06-03 09:30:00-04:00,97665.56902770996,97665.56902770996,0.0,0.0,0.0,False,margin,0.0,0.0,0.0,0,0,,,[],0.0,0.0,0.0,0.0,0.0,0.0,0.0,97665.56902770989
2026-06-03 09:30:00-04:00,97665.56902770996,97665.56902770996,0.0,0.0,0.0,False,margin,0.0,0.0,0.0,0,0,,,[],0.0,0.0,0.0,0.0,0.0,0.0,0.0,97665.56902770989
2026-06-03 16:00:00-04:00,97665.56902770996,97665.56902770996,0.0,0.0,0.0,False,margin,0.0,0.0,0.0,0,0,,,[],0.0,0.0,0.0,0.0,0.0,0.0,0.0,97665.56902770989
2026-06-04 08:30:00-04:00,97665.56902770996,97665.56902770996,0.0,0.0,0.0,False,margin,0.0,0.0,0.0,0,0,,,[],0.0,0.0,0.0,0.0,0.0,0.0,0.0,97665.56902770989
2026-06-04 09:30:00-04:00,97665.56902770996,97665.56902770996,0.0,0.0,0.0,False,margin,0.0,0.0,0.0,0,0,,,[],0.0,0.0,0.0,0.0,0.0,0.0,0.0,97665.56902770989
2026-06-04 09:30:00-04:00,97665.56902770996,97665.56902770996,0.0,0.0,0.0,False,margin,0.0,0.0,0.0,0,0,,,[],0.0,0.0,0.0,0.0,0.0,0.0,0.0,97665.56902770989
2026-06-04 16:00:00-04:00,97665.56902770996,97665.56902770996,0.0,0.0,0.0,False,margin,0.0,0.0,0.0,0,0,,,[],0.0,0.0,0.0,0.0,0.0,0.0,0.0,97665.56902770989
2026-06-05 08:30:00-04:00,97665.56902770996,97665.56902770996,0.0,0.0,0.0,False,margin,0.0,0.0,0.0,0,0,,,[],0.0,0.0,0.0,0.0,0.0,0.0,0.0,97665.56902770989
2026-06-05 09:30:00-04:00,97665.56902770996,97665.56902770996,0.0,0.0,0.0,False,margin,0.0,0.0,0.0,0,0,,,[],0.0,0.0,0.0,0.0,0.0,0.0,0.0,97665.56902770989
2026-06-05 09:30:00-04:00,97665.56902770996,97665.56902770996,0.0,0.0,0.0,False,margin,0.0,0.0,0.0,0,0,,,[],0.0,0.0,0.0,0.0,0.0,0.0,0.0,97665.56902770989
2026-06-05 16:00:00-04:00,97665.56902770996,97665.56902770996,0.0,0.0,0.0,False,margin,0.0,0.0,0.0,0,0,,,[],0.0,0.0,0.0,0.0,0.0,0.0,0.0,97665.56902770989
2026-06-08 08:30:00-04:00,97665.56902770996,97665.56902770996,0.0,0.0,0.0,False,margin,0.0,0.0,0.0,0,0,,,[],0.0,0.0,0.0,0.0,0.0,0.0,0.0,97665.56902770989
2026-06-08 09:30:00-04:00,97665.56902770996,97665.56902770996,0.0,0.0,0.0,False,margin,0.0,0.0,0.0,0,0,,,[],0.0,0.0,0.0,0.0,0.0,0.0,0.0,97665.56902770989
2026-06-08 09:30:00-04:00,97665.56902770996,97665.56902770996,0.0,0.0,0.0,False,margin,0.0,0.0,0.0,0,0,,,[],0.0,0.0,0.0,0.0,0.0,0.0,0.0,97665.56902770989
2026-06-08 16:00:00-04:00,97665.56902770996,97665.56902770996,0.0,0.0,0.0,False,margin,0.0,0.0,0.0,0,0,,,[],0.0,0.0,0.0,0.0,0.0,0.0,0.0,97665.56902770989
2026-06-09 08:30:00-04:00,97665.56902770996,97665.56902770996,0.0,0.0,0.0,False,margin,0.0,0.0,0.0,0,0,,,[],0.0,0.0,0.0,0.0,0.0,0.0,0.0,97665.56902770989
2026-06-09 09:30:00-04:00,97665.56902770996,97665.56902770996,0.0,0.0,0.0,False,margin,0.0,0.0,0.0,0,0,,,[],0.0,0.0,0.0,0.0,0.0,0.0,0.0,97665.56902770989
2026-06-09 09:30:00-04:00,97665.56902770996,97665.56902770996,0.0,0.0,0.0,False,margin,0.0,0.0,0.0,0,0,,,[],0.0,0.0,0.0,0.0,0.0,0.0,0.0,97665.56902770989
2026-06-09 16:00:00-04:00,97665.56902770996,97665.56902770996,0.0,0.0,0.0,False,margin,0.0,0.0,0.0,0,0,,,[],0.0,0.0,0.0,0.0,0.0,0.0,0.0,97665.56902770989
2026-06-10 08:30:00-04:00,97665.56902770996,97665.56902770996,0.0,0.0,0.0,False,margin,0.0,0.0,0.0,0,0,,,[],0.0,0.0,0.0,0.0,0.0,0.0,0.0,97665.56902770989
2026-06-10 09:30:00-04:00,97665.56902770996,97665.56902770996,0.0,0.0,0.0,False,margin,0.0,0.0,0.0,0,0,,,[],0.0,0.0,0.0,0.0,0.0,0.0,0.0,97665.56902770989
2026-06-10 09:30:00-04:00,97665.56902770996,97665.56902770996,0.0,0.0,0.0,False,margin,0.0,0.0,0.0,0,0,,,[],0.0,0.0,0.0,0.0,0.0,0.0,0.0,97665.56902770989
2026-06-10 16:00:00-04:00,97665.56902770996,97665.56902770996,0.0,0.0,0.0,False,margin,0.0,0.0,0.0,0,0,,,[],0.0,0.0,0.0,0.0,0.0,0.0,0.0,97665.56902770989
2026-06-11 08:30:00-04:00,97665.56902770996,97665.56902770996,0.0,0.0,0.0,False,margin,0.0,0.0,0.0,0,0,,,[],0.0,0.0,0.0,0.0,0.0,0.0,0.0,97665.56902770989
2026-06-11 09:30:00-04:00,97665.56902770996,97665.56902770996,0.0,0.0,0.0,False,margin,0.0,0.0,0.0,0,0,,,[],0.0,0.0,0.0,0.0,0.0,0.0,0.0,97665.56902770989
2026-06-11 09:30:00-04:00,97665.56902770996,97665.56902770996,0.0,0.0,0.0,False,margin,0.0,0.0,0.0,0,0,,,[],0.0,0.0,0.0,0.0,0.0,0.0,0.0,97665.56902770989
2026-06-11 16:00:00-04:00,97665.56902770996,97665.56902770996,0.0,0.0,0.0,False,margin,0.0,0.0,0.0,0,0,,,[],0.0,0.0,0.0,0.0,0.0,0.0,0.0,97665.56902770989
2026-06-12 08:30:00-04:00,97665.56902770996,97665.56902770996,0.0,0.0,0.0,False,margin,0.0,0.0,0.0,0,0,,,[],0.0,0.0,0.0,0.0,0.0,0.0,0.0,97665.56902770989
2026-06-12 09:30:00-04:00,97665.56902770996,97665.56902770996,0.0,0.0,0.0,False,margin,0.0,0.0,0.0,0,0,,,[],0.0,0.0,0.0,0.0,0.0,0.0,0.0,97665.56902770989
2026-06-12 09:30:00-04:00,97665.56902770996,97665.56902770996,0.0,0.0,0.0,False,margin,0.0,0.0,0.0,0,0,,,[],0.0,0.0,0.0,0.0,0.0,0.0,0.0,97665.56902770989
2026-06-12 16:00:00-04:00,97665.56902770996,97665.56902770996,0.0,0.0,0.0,False,margin,0.0,0.0,0.0,0,0,,,[],0.0,0.0,0.0,0.0,0.0,0.0,0.0,97665.56902770989
2026-06-15 08:30:00-04:00,97665.56902770996,97665.56902770996,0.0,0.0,0.0,False,margin,0.0,0.0,0.0,0,0,,,[],0.0,0.0,0.0,0.0,0.0,0.0,0.0,97665.56902770989
2026-06-15 09:30:00-04:00,97665.56902770996,97665.56902770996,0.0,0.0,0.0,False,margin,0.0,0.0,0.0,0,0,,,[],0.0,0.0,0.0,0.0,0.0,0.0,0.0,97665.56902770989
2026-06-15 09:30:00-04:00,97665.56902770996,97665.56902770996,0.0,0.0,0.0,False,margin,0.0,0.0,0.0,0,0,,,[],0.0,0.0,0.0,0.0,0.0,0.0,0.0,97665.56902770989
2026-06-15 16:00:00-04:00,97665.56902770996,97665.56902770996,0.0,0.0,0.0,False,margin,0.0,0.0,0.0,0,0,,,[],0.0,0.0,0.0,0.0,0.0,0.0,0.0,97665.56902770989
2026-06-16 08:30:00-04:00,97665.56902770996,97665.56902770996,0.0,0.0,0.0,False,margin,0.0,0.0,0.0,0,0,,,[],0.0,0.0,0.0,0.0,0.0,0.0,0.0,97665.56902770989
2026-06-16 09:30:00-04:00,97665.56902770996,97665.56902770996,0.0,0.0,0.0,False,margin,0.0,0.0,0.0,0,0,,,[],0.0,0.0,0.0,0.0,0.0,0.0,0.0,97665.56902770989
2026-06-16 09:30:00-04:00,97665.56902770996,97665.56902770996,0.0,0.0,0.0,False,margin,0.0,0.0,0.0,0,0,,,[],0.0,0.0,0.0,0.0,0.0,0.0,0.0,97665.56902770989
2026-06-16 16:00:00-04:00,97665.56902770996,97665.56902770996,0.0,0.0,0.0,False,margin,0.0,0.0,0.0,0,0,,,[],0.0,0.0,0.0,0.0,0.0,0.0,0.0,97665.56902770989
2026-06-17 08:30:00-04:00,97665.56902770996,97665.56902770996,0.0,0.0,0.0,False,margin,0.0,0.0,0.0,0,0,,,[],0.0,0.0,0.0,0.0,0.0,0.0,0.0,97665.56902770989
2026-06-17 09:30:00-04:00,97665.56902770996,97665.56902770996,0.0,0.0,0.0,False,margin,0.0,0.0,0.0,0,0,,,[],0.0,0.0,0.0,0.0,0.0,0.0,0.0,97665.56902770989
2026-06-17 09:30:00-04:00,97665.56902770996,97665.56902770996,0.0,0.0,0.0,False,margin,0.0,0.0,0.0,0,0,,,[],0.0,0.0,0.0,0.0,0.0,0.0,0.0,97665.56902770989
2026-06-17 16:00:00-04:00,97665.56902770996,97665.56902770996,0.0,0.0,0.0,False,margin,0.0,0.0,0.0,0,0,,,[],0.0,0.0,0.0,0.0,0.0,0.0,0.0,97665.56902770989
2026-06-18 08:30:00-04:00,97665.56902770996,97665.56902770996,0.0,0.0,0.0,False,margin,0.0,0.0,0.0,0,0,,,[],0.0,0.0,0.0,0.0,0.0,0.0,0.0,97665.56902770989
2026-06-18 09:30:00-04:00,97665.56902770996,97665.56902770996,0.0,0.0,0.0,False,margin,0.0,0.0,0.0,0,0,,,[],0.0,0.0,0.0,0.0,0.0,0.0,0.0,97665.56902770989
2026-06-18 09:30:00-04:00,97665.56902770996,97665.56902770996,0.0,0.0,0.0,False,margin,0.0,0.0,0.0,0,0,,,[],0.0,0.0,0.0,0.0,0.0,0.0,0.0,97665.56902770989
2026-06-18 16:00:00-04:00,97665.56902770996,97665.56902770996,0.0,0.0,0.0,False,margin,0.0,0.0,0.0,0,0,,,[],0.0,0.0,0.0,0.0,0.0,0.0,0.0,97665.56902770989
2026-06-22 08:30:00-04:00,97665.56902770996,97665.56902770996,0.0,0.0,0.0,False,margin,0.0,0.0,0.0,0,0,,,[],0.0,0.0,0.0,0.0,0.0,0.0,0.0,97665.56902770989
2026-06-22 09:30:00-04:00,97665.56902770996,97665.56902770996,0.0,0.0,0.0,False,margin,0.0,0.0,0.0,0,0,,,[],0.0,0.0,0.0,0.0,0.0,0.0,0.0,97665.56902770989
2026-06-22 09:30:00-04:00,97665.56902770996,97665.56902770996,0.0,0.0,0.0,False,margin,0.0,0.0,0.0,0,0,,,[],0.0,0.0,0.0,0.0,0.0,0.0,0.0,97665.56902770989
2026-06-22 16:00:00-04:00,97665.56902770996,97665.56902770996,0.0,0.0,0.0,False,margin,0.0,0.0,0.0,0,0,,,[],0.0,0.0,0.0,0.0,0.0,0.0,0.0,97665.56902770989
2026-06-23 08:30:00-04:00,97665.56902770996,97665.56902770996,0.0,0.0,0.0,False,margin,0.0,0.0,0.0,0,0,,,[],0.0,0.0,0.0,0.0,0.0,0.0,0.0,97665.56902770989
2026-06-23 09:30:00-04:00,97665.56902770996,97665.56902770996,0.0,0.0,0.0,False,margin,0.0,0.0,0.0,0,0,,,[],0.0,0.0,0.0,0.0,0.0,0.0,0.0,97665.56902770989
2026-06-23 09:30:00-04:00,97665.56902770996,97665.56902770996,0.0,0.0,0.0,False,margin,0.0,0.0,0.0,0,0,,,[],0.0,0.0,0.0,0.0,0.0,0.0,0.0,97665.56902770989
2026-06-23 16:00:00-04:00,97665.56902770996,97665.56902770996,0.0,0.0,0.0,False,margin,0.0,0.0,0.0,0,0,,,[],0.0,0.0,0.0,0.0,0.0,0.0,0.0,97665.56902770989
2026-06-24 08:30:00-04:00,97665.56902770996,97665.56902770996,0.0,0.0,0.0,False,margin,0.0,0.0,0.0,0,0,,,[],0.0,0.0,0.0,0.0,0.0,0.0,0.0,97665.56902770989
2026-06-24 09:30:00-04:00,97665.56902770996,97665.56902770996,0.0,0.0,0.0,False,margin,0.0,0.0,0.0,0,0,,,[],0.0,0.0,0.0,0.0,0.0,0.0,0.0,97665.56902770989
2026-06-24 09:30:00-04:00,97665.56902770996,97665.56902770996,0.0,0.0,0.0,False,margin,0.0,0.0,0.0,0,0,,,[],0.0,0.0,0.0,0.0,0.0,0.0,0.0,97665.56902770989
2026-06-24 16:00:00-04:00,97665.56902770996,97665.56902770996,0.0,0.0,0.0,False,margin,0.0,0.0,0.0,0,0,,,[],0.0,0.0,0.0,0.0,0.0,0.0,0.0,97665.56902770989
2026-06-25 08:30:00-04:00,97665.56902770996,97665.56902770996,0.0,0.0,0.0,False,margin,0.0,0.0,0.0,0,0,,,[],0.0,0.0,0.0,0.0,0.0,0.0,0.0,97665.56902770989
2026-06-25 09:30:00-04:00,97665.56902770996,97665.56902770996,0.0,0.0,0.0,False,margin,0.0,0.0,0.0,0,0,,,[],0.0,0.0,0.0,0.0,0.0,0.0,0.0,97665.56902770989
2026-06-25 09:30:00-04:00,97665.56902770996,97665.56902770996,0.0,0.0,0.0,False,margin,0.0,0.0,0.0,0,0,,,[],0.0,0.0,0.0,0.0,0.0,0.0,0.0,97665.56902770989
2026-06-25 16:00:00-04:00,97665.56902770996,97665.56902770996,0.0,0.0,0.0,False,margin,0.0,0.0,0.0,0,0,,,[],0.0,0.0,0.0,0.0,0.0,0.0,0.0,97665.56902770989
2026-06-26 08:30:00-04:00,97665.56902770996,97665.56902770996,0.0,0.0,0.0,False,margin,0.0,0.0,0.0,0,0,,,[],0.0,0.0,0.0,0.0,0.0,0.0,0.0,97665.56902770989
2026-06-26 09:30:00-04:00,97665.56902770996,97665.56902770996,0.0,0.0,0.0,False,margin,0.0,0.0,0.0,0,0,,,[],0.0,0.0,0.0,0.0,0.0,0.0,0.0,97665.56902770989
2026-06-26 09:30:00-04:00,97665.56902770996,97665.56902770996,0.0,0.0,0.0,False,margin,0.0,0.0,0.0,0,0,,,[],0.0,0.0,0.0,0.0,0.0,0.0,0.0,97665.56902770989
2026-06-26 16:00:00-04:00,97665.56902770996,97665.56902770996,0.0,0.0,0.0,False,margin,0.0,0.0,0.0,0,0,,,[],0.0,0.0,0.0,0.0,0.0,0.0,0.0,97665.56902770989
2026-06-29 08:30:00-04:00,97665.56902770996,97665.56902770996,0.0,0.0,0.0,False,margin,0.0,0.0,0.0,0,0,,,[],0.0,0.0,0.0,0.0,0.0,0.0,0.0,97665.56902770989
2026-06-29 09:30:00-04:00,97665.56902770996,97665.56902770996,0.0,0.0,0.0,False,margin,0.0,0.0,0.0,0,0,,,[],0.0,0.0,0.0,0.0,0.0,0.0,0.0,97665.56902770989
2026-06-29 09:30:00-04:00,97665.56902770996,97665.56902770996,0.0,0.0,0.0,False,margin,0.0,0.0,0.0,0,0,,,[],0.0,0.0,0.0,0.0,0.0,0.0,0.0,97665.56902770989
2026-06-29 16:00:00-04:00,97665.56902770996,97665.56902770996,0.0,0.0,0.0,False,margin,0.0,0.0,0.0,0,0,,,[],0.0,0.0,0.0,0.0,0.0,0.0,0.0,97665.56902770989
2026-06-30 08:30:00-04:00,97665.56902770996,97665.56902770996,0.0,0.0,0.0,False,margin,0.0,0.0,0.0,0,0,,,[],0.0,0.0,0.0,0.0,0.0,0.0,0.0,97665.56902770989
2026-06-30 09:30:00-04:00,97665.56902770996,97665.56902770996,0.0,0.0,0.0,False,margin,0.0,0.0,0.0,0,0,,,[],0.0,0.0,0.0,0.0,0.0,0.0,0.0,97665.56902770989
2026-06-30 09:30:00-04:00,97665.56902770996,97665.56902770996,0.0,0.0,0.0,False,margin,0.0,0.0,0.0,0,0,,,[],0.0,0.0,0.0,0.0,0.0,0.0,0.0,97665.56902770989
2026-06-30 16:00:00-04:00,97665.56902770996,97665.56902770996,0.0,0.0,0.0,False,margin,0.0,0.0,0.0,0,0,,,[],0.0,0.0,0.0,0.0,0.0,0.0,0.0,97665.56902770989
2026-07-01 08:30:00-04:00,97665.56902770996,97665.56902770996,0.0,0.0,0.0,False,margin,0.0,0.0,0.0,0,0,,,[],0.0,0.0,0.0,0.0,0.0,0.0,0.0,97665.56902770989
2026-07-01 09:30:00-04:00,97665.56902770996,97665.56902770996,0.0,0.0,0.0,False,margin,0.0,0.0,0.0,0,0,,,[],0.0,0.0,0.0,0.0,0.0,0.0,0.0,97665.56902770989
2026-07-01 09:30:00-04:00,97665.56902770996,97665.56902770996,0.0,0.0,0.0,False,margin,0.0,0.0,0.0,0,0,,,[],0.0,0.0,0.0,0.0,0.0,0.0,0.0,97665.56902770989
2026-07-01 16:00:00-04:00,97665.56902770996,97665.56902770996,0.0,0.0,0.0,False,margin,0.0,0.0,0.0,0,0,,,[],0.0,0.0,0.0,0.0,0.0,0.0,0.0,97665.56902770989
2026-07-02 08:30:00-04:00,97665.56902770996,97665.56902770996,0.0,0.0,0.0,False,margin,0.0,0.0,0.0,0,0,,,[],0.0,0.0,0.0,0.0,0.0,0.0,0.0,97665.56902770989
2026-07-02 09:30:00-04:00,97665.56902770996,97665.56902770996,0.0,0.0,0.0,False,margin,0.0,0.0,0.0,0,0,,,[],0.0,0.0,0.0,0.0,0.0,0.0,0.0,97665.56902770989
2026-07-02 09:30:00-04:00,97665.56902770996,97665.56902770996,0.0,0.0,0.0,False,margin,0.0,0.0,0.0,0,0,,,[],0.0,0.0,0.0,0.0,0.0,0.0,0.0,97665.56902770989
2026-07-02 16:00:00-04:00,97665.56902770996,97665.56902770996,0.0,0.0,0.0,False,margin,0.0,0.0,0.0,0,0,,,[],0.0,0.0,0.0,0.0,0.0,0.0,0.0,97665.56902770989
2026-07-06 08:30:00-04:00,97665.56902770996,97665.56902770996,0.0,0.0,0.0,False,margin,0.0,0.0,0.0,0,0,,,[],0.0,0.0,0.0,0.0,0.0,0.0,0.0,97665.56902770989
2026-07-06 09:30:00-04:00,97665.56902770996,97665.56902770996,0.0,0.0,0.0,False,margin,0.0,0.0,0.0,0,0,,,[],0.0,0.0,0.0,0.0,0.0,0.0,0.0,97665.56902770989
2026-07-06 09:30:00-04:00,97665.56902770996,97665.56902770996,0.0,0.0,0.0,False,margin,0.0,0.0,0.0,0,0,,,[],0.0,0.0,0.0,0.0,0.0,0.0,0.0,97665.56902770989
2026-07-06 16:00:00-04:00,97665.56902770996,97665.56902770996,0.0,0.0,0.0,False,margin,0.0,0.0,0.0,0,0,,,[],0.0,0.0,0.0,0.0,0.0,0.0,0.0,97665.56902770989
2026-07-07 08:30:00-04:00,97665.56902770996,97665.56902770996,0.0,0.0,0.0,False,margin,0.0,0.0,0.0,0,0,,,[],0.0,0.0,0.0,0.0,0.0,0.0,0.0,97665.56902770989
2026-07-07 09:30:00-04:00,97665.56902770996,97665.56902770996,0.0,0.0,0.0,False,margin,0.0,0.0,0.0,0,0,,,[],0.0,0.0,0.0,0.0,0.0,0.0,0.0,97665.56902770989
2026-07-07 09:30:00-04:00,97665.56902770996,97665.56902770996,0.0,0.0,0.0,False,margin,0.0,0.0,0.0,0,0,,,[],0.0,0.0,0.0,0.0,0.0,0.0,0.0,97665.56902770989
2026-07-07 16:00:00-04:00,97665.56902770996,97665.56902770996,0.0,0.0,0.0,False,margin,0.0,0.0,0.0,0,0,,,[],0.0,0.0,0.0,0.0,0.0,0.0,0.0,97665.56902770989
2026-07-08 08:30:00-04:00,97665.56902770996,97665.56902770996,0.0,0.0,0.0,False,margin,0.0,0.0,0.0,0,0,,,[],0.0,0.0,0.0,0.0,0.0,0.0,0.0,97665.56902770989
2026-07-08 09:30:00-04:00,97665.56902770996,97665.56902770996,0.0,0.0,0.0,False,margin,0.0,0.0,0.0,0,0,,,[],0.0,0.0,0.0,0.0,0.0,0.0,0.0,97665.56902770989
2026-07-08 09:30:00-04:00,97665.56902770996,97665.56902770996,0.0,0.0,0.0,False,margin,0.0,0.0,0.0,0,0,,,[],0.0,0.0,0.0,0.0,0.0,0.0,0.0,97665.56902770989
2026-07-08 16:00:00-04:00,97665.56902770996,97665.56902770996,0.0,0.0,0.0,False,margin,0.0,0.0,0.0,0,0,,,[],0.0,0.0,0.0,0.0,0.0,0.0,0.0,97665.56902770989
2026-07-09 08:30:00-04:00,97665.56902770996,97665.56902770996,0.0,0.0,0.0,False,margin,0.0,0.0,0.0,0,0,,,[],0.0,0.0,0.0,0.0,0.0,0.0,0.0,97665.56902770989
2026-07-09 09:30:00-04:00,97665.56902770996,97665.56902770996,0.0,0.0,0.0,False,margin,0.0,0.0,0.0,0,0,,,[],0.0,0.0,0.0,0.0,0.0,0.0,0.0,97665.56902770989
2026-07-09 09:30:00-04:00,97665.56902770996,97665.56902770996,0.0,0.0,0.0,False,margin,0.0,0.0,0.0,0,0,,,[],0.0,0.0,0.0,0.0,0.0,0.0,0.0,97665.56902770989
2026-07-09 16:00:00-04:00,97665.56902770996,97665.56902770996,0.0,0.0,0.0,False,margin,0.0,0.0,0.0,0,0,,,[],0.0,0.0,0.0,0.0,0.0,0.0,0.0,97665.56902770989
2026-07-10 08:30:00-04:00,97665.56902770996,97665.56902770996,0.0,0.0,0.0,False,margin,0.0,0.0,0.0,0,0,,,[],0.0,0.0,0.0,0.0,0.0,0.0,0.0,97665.56902770989
2026-07-10 09:30:00-04:00,97665.56902770996,97665.56902770996,0.0,0.0,0.0,False,margin,0.0,0.0,0.0,0,0,,,[],0.0,0.0,0.0,0.0,0.0,0.0,0.0,97665.56902770989
2026-07-10 09:30:00-04:00,97665.56902770996,97665.56902770996,0.0,0.0,0.0,False,margin,0.0,0.0,0.0,0,0,,,[],0.0,0.0,0.0,0.0,0.0,0.0,0.0,97665.56902770989
2026-07-10 16:00:00-04:00,97665.56902770996,97665.56902770996,0.0,0.0,0.0,False,margin,0.0,0.0,0.0,0,0,,,[],0.0,0.0,0.0,0.0,0.0,0.0,0.0,97665.56902770989
2026-07-13 08:30:00-04:00,97665.56902770996,97665.56902770996,0.0,0.0,0.0,False,margin,0.0,0.0,0.0,0,0,,,[],0.0,0.0,0.0,0.0,0.0,0.0,0.0,97665.56902770989
2026-07-13 09:30:00-04:00,97665.56902770996,97665.56902770996,0.0,0.0,0.0,False,margin,0.0,0.0,0.0,0,0,,,[],0.0,0.0,0.0,0.0,0.0,0.0,0.0,97665.56902770989
2026-07-13 09:30:00-04:00,97665.56902770996,97665.56902770996,0.0,0.0,0.0,False,margin,0.0,0.0,0.0,0,0,,,[],0.0,0.0,0.0,0.0,0.0,0.0,0.0,97665.56902770989
2026-07-13 16:00:00-04:00,97665.56902770996,97665.56902770996,0.0,0.0,0.0,False,margin,0.0,0.0,0.0,0,0,,,[],0.0,0.0,0.0,0.0,0.0,0.0,0.0,97665.56902770989
2026-07-14 08:30:00-04:00,97665.56902770996,97665.56902770996,0.0,0.0,0.0,False,margin,0.0,0.0,0.0,0,0,,,[],0.0,0.0,0.0,0.0,0.0,0.0,0.0,97665.56902770989
2026-07-14 09:30:00-04:00,97665.56902770996,97665.56902770996,0.0,0.0,0.0,False,margin,0.0,0.0,0.0,0,0,,,[],0.0,0.0,0.0,0.0,0.0,0.0,0.0,97665.56902770989
2026-07-14 09:30:00-04:00,97665.56902770996,97665.56902770996,0.0,0.0,0.0,False,margin,0.0,0.0,0.0,0,0,,,[],0.0,0.0,0.0,0.0,0.0,0.0,0.0,97665.56902770989
2026-07-14 16:00:00-04:00,97665.56902770996,97665.56902770996,0.0,0.0,0.0,False,margin,0.0,0.0,0.0,0,0,,,[],0.0,0.0,0.0,0.0,0.0,0.0,0.0,97665.56902770989
2026-07-15 08:30:00-04:00,97665.56902770996,97665.56902770996,0.0,0.0,0.0,False,margin,0.0,0.0,0.0,0,0,,,[],0.0,0.0,0.0,0.0,0.0,0.0,0.0,97665.56902770989
2026-07-15 09:30:00-04:00,97665.56902770996,97665.56902770996,0.0,0.0,0.0,False,margin,0.0,0.0,0.0,0,0,,,[],0.0,0.0,0.0,0.0,0.0,0.0,0.0,97665.56902770989
2026-07-15 09:30:00-04:00,97665.56902770996,97665.56902770996,0.0,0.0,0.0,False,margin,0.0,0.0,0.0,0,0,,,[],0.0,0.0,0.0,0.0,0.0,0.0,0.0,97665.56902770989
2026-07-15 16:00:00-04:00,97665.56902770996,97665.56902770996,0.0,0.0,0.0,False,margin,0.0,0.0,0.0,0,0,,,[],0.0,0.0,0.0,0.0,0.0,0.0,0.0,97665.56902770989
2026-07-16 08:30:00-04:00,97665.56902770996,97665.56902770996,0.0,0.0,0.0,False,margin,0.0,0.0,0.0,0,0,,,[],0.0,0.0,0.0,0.0,0.0,0.0,0.0,97665.56902770989
2026-07-16 09:30:00-04:00,97665.56902770996,97665.56902770996,0.0,0.0,0.0,False,margin,0.0,0.0,0.0,0,0,,,[],0.0,0.0,0.0,0.0,0.0,0.0,0.0,97665.56902770989
2026-07-16 09:30:00-04:00,97665.56902770996,97665.56902770996,0.0,0.0,0.0,False,margin,0.0,0.0,0.0,0,0,,,[],0.0,0.0,0.0,0.0,0.0,0.0,0.0,97665.56902770989
2026-07-16 16:00:00-04:00,97665.56902770996,97665.56902770996,0.0,0.0,0.0,False,margin,0.0,0.0,0.0,0,0,,,[],0.0,0.0,0.0,0.0,0.0,0.0,0.0,97665.56902770989
2026-07-17 08:30:00-04:00,97665.56902770996,97665.56902770996,0.0,0.0,0.0,False,margin,0.0,0.0,0.0,0,0,,,[],0.0,0.0,0.0,0.0,0.0,0.0,0.0,97665.56902770989
2026-07-17 09:30:00-04:00,97665.56902770996,97665.56902770996,0.0,0.0,0.0,False,margin,0.0,0.0,0.0,0,0,,,[],0.0,0.0,0.0,0.0,0.0,0.0,0.0,97665.56902770989
2026-07-17 09:30:00-04:00,97665.56902770996,97665.56902770996,0.0,0.0,0.0,False,margin,0.0,0.0,0.0,0,0,,,[],0.0,0.0,0.0,0.0,0.0,0.0,0.0,97665.56902770989
2026-07-17 16:00:00-04:00,97665.56902770996,97665.56902770996,0.0,0.0,0.0,False,margin,0.0,0.0,0.0,0,0,,,[],0.0,0.0,0.0,0.0,0.0,0.0,0.0,97665.56902770989
2026-07-20 08:30:00-04:00,97665.56902770996,97665.56902770996,0.0,0.0,0.0,False,margin,0.0,0.0,0.0,0,0,,,[],0.0,0.0,0.0,0.0,0.0,0.0,0.0,97665.56902770989
2026-07-20 09:30:00-04:00,97665.56902770996,97665.56902770996,0.0,0.0,0.0,False,margin,0.0,0.0,0.0,0,0,,,[],0.0,0.0,0.0,0.0,0.0,0.0,0.0,97665.56902770989
2026-07-20 09:30:00-04:00,97665.56902770996,97665.56902770996,0.0,0.0,0.0,False,margin,0.0,0.0,0.0,0,0,,,[],0.0,0.0,0.0,0.0,0.0,0.0,0.0,97665.56902770989
2026-07-20 16:00:00-04:00,97665.56902770996,97665.56902770996,0.0,0.0,0.0,False,margin,0.0,0.0,0.0,0,0,,,[],0.0,0.0,0.0,0.0,0.0,0.0,0.0,97665.56902770989
2026-07-21 08:30:00-04:00,97665.56902770996,97665.56902770996,0.0,0.0,0.0,False,margin,0.0,0.0,0.0,0,0,,,[],0.0,0.0,0.0,0.0,0.0,0.0,0.0,97665.56902770989
2026-07-21 09:30:00-04:00,97665.56902770996,97665.56902770996,0.0,0.0,0.0,False,margin,0.0,0.0,0.0,0,0,,,[],0.0,0.0,0.0,0.0,0.0,0.0,0.0,97665.56902770989
2026-07-21 09:30:00-04:00,97665.56902770996,97665.56902770996,0.0,0.0,0.0,False,margin,0.0,0.0,0.0,0,0,,,[],0.0,0.0,0.0,0.0,0.0,0.0,0.0,97665.56902770989
2026-07-21 16:00:00-04:00,97665.56902770996,97665.56902770996,0.0,0.0,0.0,False,margin,0.0,0.0,0.0,0,0,,,[],0.0,0.0,0.0,0.0,0.0,0.0,0.0,97665.56902770989
2026-07-22 08:30:00-04:00,97665.56902770996,97665.56902770996,0.0,0.0,0.0,False,margin,0.0,0.0,0.0,0,0,,,[],0.0,0.0,0.0,0.0,0.0,0.0,0.0,97665.56902770989
2026-07-22 09:30:00-04:00,97665.56902770996,97665.56902770996,0.0,0.0,0.0,False,margin,0.0,0.0,0.0,0,0,,,[],0.0,0.0,0.0,0.0,0.0,0.0,0.0,97665.56902770989
2026-07-22 09:30:00-04:00,97665.56902770996,97665.56902770996,0.0,0.0,0.0,False,margin,0.0,0.0,0.0,0,0,,,[],0.0,0.0,0.0,0.0,0.0,0.0,0.0,97665.56902770989
2026-07-22 16:00:00-04:00,97665.56902770996,97665.56902770996,0.0,0.0,0.0,False,margin,0.0,0.0,0.0,0,0,,,[],0.0,0.0,0.0,0.0,0.0,0.0,0.0,97665.56902770989
2026-07-23 08:30:00-04:00,97665.56902770996,97665.56902770996,0.0,0.0,0.0,False,margin,0.0,0.0,0.0,0,0,,,[],0.0,0.0,0.0,0.0,0.0,0.0,0.0,97665.56902770989
2026-07-23 09:30:00-04:00,97665.56902770996,97665.56902770996,0.0,0.0,0.0,False,margin,0.0,0.0,0.0,0,0,,,[],0.0,0.0,0.0,0.0,0.0,0.0,0.0,97665.56902770989
2026-07-23 09:30:00-04:00,97665.56902770996,97665.56902770996,0.0,0.0,0.0,False,margin,0.0,0.0,0.0,0,0,,,[],0.0,0.0,0.0,0.0,0.0,0.0,0.0,97665.56902770989
2026-07-23 16:00:00-04:00,97665.56902770996,97665.56902770996,0.0,0.0,0.0,False,margin,0.0,0.0,0.0,0,0,,,[],0.0,0.0,0.0,0.0,0.0,0.0,0.0,97665.56902770989
2026-07-24 08:30:00-04:00,97665.56902770996,97665.56902770996,0.0,0.0,0.0,False,margin,0.0,0.0,0.0,0,0,,,[],0.0,0.0,0.0,0.0,0.0,0.0,0.0,97665.56902770989
2026-07-24 09:30:00-04:00,97665.56902770996,97665.56902770996,0.0,0.0,0.0,False,margin,0.0,0.0,0.0,0,0,,,[],0.0,0.0,0.0,0.0,0.0,0.0,0.0,97665.56902770989
2026-07-24 09:30:00-04:00,97665.56902770996,97665.56902770996,0.0,0.0,0.0,False,margin,0.0,0.0,0.0,0,0,,,[],0.0,0.0,0.0,0.0,0.0,0.0,0.0,97665.56902770989
2026-07-24 16:00:00-04:00,97665.56902770996,97665.56902770996,0.0,0.0,0.0,False,margin,0.0,0.0,0.0,0,0,,,[],0.0,0.0,0.0,0.0,0.0,0.0,0.0,97665.56902770989
2026-07-27 08:30:00-04:00,97665.56902770996,97665.56902770996,0.0,0.0,0.0,False,margin,0.0,0.0,0.0,0,0,,,[],0.0,0.0,0.0,0.0,0.0,0.0,0.0,97665.56902770989
2026-07-27 09:30:00-04:00,97665.56902770996,97665.56902770996,0.0,0.0,0.0,False,margin,0.0,0.0,0.0,0,0,,,[],0.0,0.0,0.0,0.0,0.0,0.0,0.0,97665.56902770989
2026-07-27 09:30:00-04:00,97665.56902770996,97665.56902770996,0.0,0.0,0.0,False,margin,0.0,0.0,0.0,0,0,,,[],0.0,0.0,0.0,0.0,0.0,0.0,0.0,97665.56902770989
2026-07-27 16:00:00-04:00,97665.56902770996,97665.56902770996,0.0,0.0,0.0,False,margin,0.0,0.0,0.0,0,0,,,[],0.0,0.0,0.0,0.0,0.0,0.0,0.0,97665.56902770989
2026-07-28 08:30:00-04:00,97665.56902770996,97665.56902770996,0.0,0.0,0.0,False,margin,0.0,0.0,0.0,0,0,,,[],0.0,0.0,0.0,0.0,0.0,0.0,0.0,97665.56902770989
2026-07-28 09:30:00-04:00,97665.56902770996,97665.56902770996,0.0,0.0,0.0,False,margin,0.0,0.0,0.0,0,0,,,[],0.0,0.0,0.0,0.0,0.0,0.0,0.0,97665.56902770989
2026-07-28 09:30:00-04:00,97665.56902770996,97665.56902770996,0.0,0.0,0.0,False,margin,0.0,0.0,0.0,0,0,,,[],0.0,0.0,0.0,0.0,0.0,0.0,0.0,97665.56902770989
2026-07-28 16:00:00-04:00,97665.56902770996,97665.56902770996,0.0,0.0,0.0,False,margin,0.0,0.0,0.0,0,0,,,[],0.0,0.0,0.0,0.0,0.0,0.0,0.0,97665.56902770989
2026-07-29 08:30:00-04:00,97665.56902770996,97665.56902770996,0.0,0.0,0.0,False,margin,0.0,0.0,0.0,0,0,,,[],0.0,0.0,0.0,0.0,0.0,0.0,0.0,97665.56902770989
2026-07-29 09:30:00-04:00,97665.56902770996,97665.56902770996,0.0,0.0,0.0,False,margin,0.0,0.0,0.0,0,0,,,[],0.0,0.0,0.0,0.0,0.0,0.0,0.0,97665.56902770989
2026-07-29 09:30:00-04:00,97665.56902770996,97665.56902770996,0.0,0.0,0.0,False,margin,0.0,0.0,0.0,0,0,,,[],0.0,0.0,0.0,0.0,0.0,0.0,0.0,97665.56902770989
2026-07-29 16:00:00-04:00,97665.56902770996,97665.56902770996,0.0,0.0,0.0,False,margin,0.0,0.0,0.0,0,0,,,[],0.0,0.0,0.0,0.0,0.0,0.0,0.0,97665.56902770989
2026-07-30 08:30:00-04:00,97665.56902770996,97665.56902770996,0.0,0.0,0.0,False,margin,0.0,0.0,0.0,0,0,,,[],0.0,0.0,0.0,0.0,0.0,0.0,0.0,97665.56902770989
2026-07-30 09:30:00-04:00,97665.56902770996,97665.56902770996,0.0,0.0,0.0,False,margin,0.0,0.0,0.0,0,0,,,[],0.0,0.0,0.0,0.0,0.0,0.0,0.0,97665.56902770989
2026-07-30 09:30:00-04:00,97665.56902770996,97665.56902770996,0.0,0.0,0.0,False,margin,0.0,0.0,0.0,0,0,,,[],0.0,0.0,0.0,0.0,0.0,0.0,0.0,97665.56902770989
2026-07-30 16:00:00-04:00,97665.56902770996,97665.56902770996,0.0,0.0,0.0,False,margin,0.0,0.0,0.0,0,0,,,[],0.0,0.0,0.0,0.0,0.0,0.0,0.0,97665.56902770989
2026-07-31 08:30:00-04:00,97665.56902770996,97665.56902770996,0.0,0.0,0.0,False,margin,0.0,0.0,0.0,0,0,,,[],0.0,0.0,0.0,0.0,0.0,0.0,0.0,97665.56902770989
2026-07-31 09:30:00-04:00,97665.56902770996,97665.56902770996,0.0,0.0,0.0,False,margin,0.0,0.0,0.0,0,0,,,[],0.0,0.0,0.0,0.0,0.0,0.0,0.0,97665.56902770989
2026-07-31 09:30:00-04:00,97665.56902770996,97665.56902770996,0.0,0.0,0.0,False,margin,0.0,0.0,0.0,0,0,,,[],0.0,0.0,0.0,0.0,0.0,0.0,0.0,97665.56902770989
2026-07-31 16:00:00-04:00,97665.56902770996,97665.56902770996,0.0,0.0,0.0,False,margin,0.0,0.0,0.0,0,0,,,[],0.0,0.0,0.0,0.0,0.0,0.0,0.0,97665.56902770989
2026-08-03 08:30:00-04:00,97665.56902770996,97665.56902770996,0.0,0.0,0.0,False,margin,0.0,0.0,0.0,0,0,,,[],0.0,0.0,0.0,0.0,0.0,0.0,0.0,97665.56902770989
2026-08-03 09:30:00-04:00,97665.56902770996,97665.56902770996,0.0,0.0,0.0,False,margin,0.0,0.0,0.0,0,0,,,[],0.0,0.0,0.0,0.0,0.0,0.0,0.0,97665.56902770989
2026-08-03 09:30:00-04:00,97665.56902770996,97665.56902770996,0.0,0.0,0.0,False,margin,0.0,0.0,0.0,0,0,,,[],0.0,0.0,0.0,0.0,0.0,0.0,0.0,97665.56902770989
2026-08-03 16:00:00-04:00,97665.56902770996,97665.56902770996,0.0,0.0,0.0,False,margin,0.0,0.0,0.0,0,0,,,[],0.0,0.0,0.0,0.0,0.0,0.0,0.0,97665.56902770989
2026-08-04 08:30:00-04:00,97665.56902770996,97665.56902770996,0.0,0.0,0.0,False,margin,0.0,0.0,0.0,0,0,,,[],0.0,0.0,0.0,0.0,0.0,0.0,0.0,97665.56902770989
2026-08-04 09:30:00-04:00,97665.56902770996,97665.56902770996,0.0,0.0,0.0,False,margin,0.0,0.0,0.0,0,0,,,[],0.0,0.0,0.0,0.0,0.0,0.0,0.0,97665.56902770989
2026-08-04 09:30:00-04:00,97665.56902770996,97665.56902770996,0.0,0.0,0.0,False,margin,0.0,0.0,0.0,0,0,,,[],0.0,0.0,0.0,0.0,0.0,0.0,0.0,97665.56902770989
2026-08-04 16:00:00-04:00,97665.56902770996,97665.56902770996,0.0,0.0,0.0,False,margin,0.0,0.0,0.0,0,0,,,[],0.0,0.0,0.0,0.0,0.0,0.0,0.0,97665.56902770989
2026-08-05 08:30:00-04:00,97665.56902770996,97665.56902770996,0.0,0.0,0.0,False,margin,0.0,0.0,0.0,0,0,,,[],0.0,0.0,0.0,0.0,0.0,0.0,0.0,97665.56902770989
2026-08-05 09:30:00-04:00,97665.56902770996,97665.56902770996,0.0,0.0,0.0,False,margin,0.0,0.0,0.0,0,0,,,[],0.0,0.0,0.0,0.0,0.0,0.0,0.0,97665.56902770989
2026-08-05 09:30:00-04:00,97665.56902770996,97665.56902770996,0.0,0.0,0.0,False,margin,0.0,0.0,0.0,0,0,,,[],0.0,0.0,0.0,0.0,0.0,0.0,0.0,97665.56902770989
2026-08-05 16:00:00-04:00,97665.56902770996,97665.56902770996,0.0,0.0,0.0,False,margin,0.0,0.0,0.0,0,0,,,[],0.0,0.0,0.0,0.0,0.0,0.0,0.0,97665.56902770989
2026-08-06 08:30:00-04:00,97665.56902770996,97665.56902770996,0.0,0.0,0.0,False,margin,0.0,0.0,0.0,0,0,,,[],0.0,0.0,0.0,0.0,0.0,0.0,0.0,97665.56902770989
2026-08-06 09:30:00-04:00,97665.56902770996,97665.56902770996,0.0,0.0,0.0,False,margin,0.0,0.0,0.0,0,0,,,[],0.0,0.0,0.0,0.0,0.0,0.0,0.0,97665.56902770989
2026-08-06 09:30:00-04:00,97665.56902770996,97665.56902770996,0.0,0.0,0.0,False,margin,0.0,0.0,0.0,0,0,,,[],0.0,0.0,0.0,0.0,0.0,0.0,0.0,97665.56902770989
2026-08-06 16:00:00-04:00,97665.56902770996,97665.56902770996,0.0,0.0,0.0,False,margin,0.0,0.0,0.0,0,0,,,[],0.0,0.0,0.0,0.0,0.0,0.0,0.0,97665.56902770989
2026-08-07 08:30:00-04:00,97665.56902770996,97665.56902770996,0.0,0.0,0.0,False,margin,0.0,0.0,0.0,0,0,,,[],0.0,0.0,0.0,0.0,0.0,0.0,0.0,97665.56902770989
2026-08-07 09:30:00-04:00,97665.56902770996,97665.56902770996,0.0,0.0,0.0,False,margin,0.0,0.0,0.0,0,0,,,[],0.0,0.0,0.0,0.0,0.0,0.0,0.0,97665.56902770989
2026-08-07 09:30:00-04:00,97665.56902770996,97665.56902770996,0.0,0.0,0.0,False,margin,0.0,0.0,0.0,0,0,,,[],0.0,0.0,0.0,0.0,0.0,0.0,0.0,97665.56902770989
2026-08-07 16:00:00-04:00,97665.56902770996,97665.56902770996,0.0,0.0,0.0,False,margin,0.0,0.0,0.0,0,0,,,[],0.0,0.0,0.0,0.0,0.0,0.0,0.0,97665.56902770989
2026-08-10 08:30:00-04:00,97665.56902770996,97665.56902770996,0.0,0.0,0.0,False,margin,0.0,0.0,0.0,0,0,,,[],0.0,0.0,0.0,0.0,0.0,0.0,0.0,97665.56902770989
2026-08-10 09:30:00-04:00,97665.56902770996,97665.56902770996,0.0,0.0,0.0,False,margin,0.0,0.0,0.0,0,0,,,[],0.0,0.0,0.0,0.0,0.0,0.0,0.0,97665.56902770989
2026-08-10 09:30:00-04:00,97665.56902770996,97665.56902770996,0.0,0.0,0.0,False,margin,0.0,0.0,0.0,0,0,,,[],0.0,0.0,0.0,0.0,0.0,0.0,0.0,97665.56902770989
2026-08-10 16:00:00-04:00,97665.56902770996,97665.56902770996,0.0,0.0,0.0,False,margin,0.0,0.0,0.0,0,0,,,[],0.0,0.0,0.0,0.0,0.0,0.0,0.0,97665.56902770989
2026-08-11 08:30:00-04:00,97665.56902770996,97665.56902770996,0.0,0.0,0.0,False,margin,0.0,0.0,0.0,0,0,,,[],0.0,0.0,0.0,0.0,0.0,0.0,0.0,97665.56902770989
2026-08-11 09:30:00-04:00,97665.56902770996,97665.56902770996,0.0,0.0,0.0,False,margin,0.0,0.0,0.0,0,0,,,[],0.0,0.0,0.0,0.0,0.0,0.0,0.0,97665.56902770989
2026-08-11 09:30:00-04:00,97665.56902770996,97665.56902770996,0.0,0.0,0.0,False,margin,0.0,0.0,0.0,0,0,,,[],0.0,0.0,0.0,0.0,0.0,0.0,0.0,97665.56902770989
2026-08-11 16:00:00-04:00,97665.56902770996,97665.56902770996,0.0,0.0,0.0,False,margin,0.0,0.0,0.0,0,0,,,[],0.0,0.0,0.0,0.0,0.0,0.0,0.0,97665.56902770989
2026-08-12 08:30:00-04:00,97665.56902770996,97665.56902770996,0.0,0.0,0.0,False,margin,0.0,0.0,0.0,0,0,,,[],0.0,0.0,0.0,0.0,0.0,0.0,0.0,97665.56902770989
2026-08-12 09:30:00-04:00,97665.56902770996,97665.56902770996,0.0,0.0,0.0,False,margin,0.0,0.0,0.0,0,0,,,[],0.0,0.0,0.0,0.0,0.0,0.0,0.0,97665.56902770989
2026-08-12 09:30:00-04:00,97665.56902770996,97665.56902770996,0.0,0.0,0.0,False,margin,0.0,0.0,0.0,0,0,,,[],0.0,0.0,0.0,0.0,0.0,0.0,0.0,97665.56902770989
2026-08-12 16:00:00-04:00,97665.56902770996,97665.56902770996,0.0,0.0,0.0,False,margin,0.0,0.0,0.0,0,0,,,[],0.0,0.0,0.0,0.0,0.0,0.0,0.0,97665.56902770989
2026-08-13 08:30:00-04:00,97665.56902770996,97665.56902770996,0.0,0.0,0.0,False,margin,0.0,0.0,0.0,0,0,,,[],0.0,0.0,0.0,0.0,0.0,0.0,0.0,97665.56902770989
2026-08-13 09:30:00-04:00,97665.56902770996,97665.56902770996,0.0,0.0,0.0,False,margin,0.0,0.0,0.0,0,0,,,[],0.0,0.0,0.0,0.0,0.0,0.0,0.0,97665.56902770989
2026-08-13 09:30:00-04:00,97665.56902770996,97665.56902770996,0.0,0.0,0.0,False,margin,0.0,0.0,0.0,0,0,,,[],0.0,0.0,0.0,0.0,0.0,0.0,0.0,97665.56902770989
2026-08-13 16:00:00-04:00,97665.56902770996,97665.56902770996,0.0,0.0,0.0,False,margin,0.0,0.0,0.0,0,0,,,[],0.0,0.0,0.0,0.0,0.0,0.0,0.0,97665.56902770989
2026-08-14 08:30:00-04:00,97665.56902770996,97665.56902770996,0.0,0.0,0.0,False,margin,0.0,0.0,0.0,0,0,,,[],0.0,0.0,0.0,0.0,0.0,0.0,0.0,97665.56902770989
2026-08-14 09:30:00-04:00,97665.56902770996,97665.56902770996,0.0,0.0,0.0,False,margin,0.0,0.0,0.0,0,0,,,[],0.0,0.0,0.0,0.0,0.0,0.0,0.0,97665.56902770989
2026-08-14 09:30:00-04:00,97665.56902770996,97665.56902770996,0.0,0.0,0.0,False,margin,0.0,0.0,0.0,0,0,,,[],0.0,0.0,0.0,0.0,0.0,0.0,0.0,97665.56902770989
2026-08-14 16:00:00-04:00,97665.56902770996,97665.56902770996,0.0,0.0,0.0,False,margin,0.0,0.0,0.0,0,0,,,[],0.0,0.0,0.0,0.0,0.0,0.0,0.0,97665.56902770989
2026-08-17 08:30:00-04:00,97665.56902770996,97665.56902770996,0.0,0.0,0.0,False,margin,0.0,0.0,0.0,0,0,,,[],0.0,0.0,0.0,0.0,0.0,0.0,0.0,97665.56902770989
2026-08-17 09:30:00-04:00,97665.56902770996,97665.56902770996,0.0,0.0,0.0,False,margin,0.0,0.0,0.0,0,0,,,[],0.0,0.0,0.0,0.0,0.0,0.0,0.0,97665.56902770989
2026-08-17 09:30:00-04:00,97665.56902770996,97665.56902770996,0.0,0.0,0.0,False,margin,0.0,0.0,0.0,0,0,,,[],0.0,0.0,0.0,0.0,0.0,0.0,0.0,97665.56902770989
2026-08-17 16:00:00-04:00,97665.56902770996,97665.56902770996,0.0,0.0,0.0,False,margin,0.0,0.0,0.0,0,0,,,[],0.0,0.0,0.0,0.0,0.0,0.0,0.0,97665.56902770989
2026-08-18 08:30:00-04:00,97665.56902770996,97665.56902770996,0.0,0.0,0.0,False,margin,0.0,0.0,0.0,0,0,,,[],0.0,0.0,0.0,0.0,0.0,0.0,0.0,97665.56902770989
2026-08-18 09:30:00-04:00,97665.56902770996,97665.56902770996,0.0,0.0,0.0,False,margin,0.0,0.0,0.0,0,0,,,[],0.0,0.0,0.0,0.0,0.0,0.0,0.0,97665.56902770989
2026-08-18 09:30:00-04:00,97665.56902770996,97665.56902770996,0.0,0.0,0.0,False,margin,0.0,0.0,0.0,0,0,,,[],0.0,0.0,0.0,0.0,0.0,0.0,0.0,97665.56902770989
2026-08-18 16:00:00-04:00,97665.56902770996,97665.56902770996,0.0,0.0,0.0,False,margin,0.0,0.0,0.0,0,0,,,[],0.0,0.0,0.0,0.0,0.0,0.0,0.0,97665.56902770989
2026-08-19 08:30:00-04:00,97665.56902770996,97665.56902770996,0.0,0.0,0.0,False,margin,0.0,0.0,0.0,0,0,,,[],0.0,0.0,0.0,0.0,0.0,0.0,0.0,97665.56902770989
2026-08-19 09:30:00-04:00,97665.56902770996,97665.56902770996,0.0,0.0,0.0,False,margin,0.0,0.0,0.0,0,0,,,[],0.0,0.0,0.0,0.0,0.0,0.0,0.0,97665.56902770989
2026-08-19 09:30:00-04:00,97665.56902770996,97665.56902770996,0.0,0.0,0.0,False,margin,0.0,0.0,0.0,0,0,,,[],0.0,0.0,0.0,0.0,0.0,0.0,0.0,97665.56902770989
2026-08-19 16:00:00-04:00,97665.56902770996,97665.56902770996,0.0,0.0,0.0,False,margin,0.0,0.0,0.0,0,0,,,[],0.0,0.0,0.0,0.0,0.0,0.0,0.0,97665.56902770989
2026-08-20 08:30:00-04:00,97665.56902770996,97665.56902770996,0.0,0.0,0.0,False,margin,0.0,0.0,0.0,0,0,,,[],0.0,0.0,0.0,0.0,0.0,0.0,0.0,97665.56902770989
2026-08-20 09:30:00-04:00,97665.56902770996,97665.56902770996,0.0,0.0,0.0,False,margin,0.0,0.0,0.0,0,0,,,[],0.0,0.0,0.0,0.0,0.0,0.0,0.0,97665.56902770989
2026-08-20 09:30:00-04:00,97665.56902770996,97665.56902770996,0.0,0.0,0.0,False,margin,0.0,0.0,0.0,0,0,,,[],0.0,0.0,0.0,0.0,0.0,0.0,0.0,97665.56902770989
2026-08-20 16:00:00-04:00,97665.56902770996,97665.56902770996,0.0,0.0,0.0,False,margin,0.0,0.0,0.0,0,0,,,[],0.0,0.0,0.0,0.0,0.0,0.0,0.0,97665.56902770989
2026-08-21 08:30:00-04:00,97665.56902770996,97665.56902770996,0.0,0.0,0.0,False,margin,0.0,0.0,0.0,0,0,,,[],0.0,0.0,0.0,0.0,0.0,0.0,0.0,97665.56902770989
2026-08-21 09:30:00-04:00,97665.56902770996,97665.56902770996,0.0,0.0,0.0,False,margin,0.0,0.0,0.0,0,0,,,[],0.0,0.0,0.0,0.0,0.0,0.0,0.0,97665.56902770989
2026-08-21 09:30:00-04:00,97665.56902770996,97665.56902770996,0.0,0.0,0.0,False,margin,0.0,0.0,0.0,0,0,,,[],0.0,0.0,0.0,0.0,0.0,0.0,0.0,97665.56902770989
2026-08-21 16:00:00-04:00,97665.56902770996,97665.56902770996,0.0,0.0,0.0,False,margin,0.0,0.0,0.0,0,0,,,[],0.0,0.0,0.0,0.0,0.0,0.0,0.0,97665.56902770989
2026-08-24 08:30:00-04:00,97665.56902770996,97665.56902770996,0.0,0.0,0.0,False,margin,0.0,0.0,0.0,0,0,,,[],0.0,0.0,0.0,0.0,0.0,0.0,0.0,97665.56902770989
2026-08-24 09:30:00-04:00,97665.56902770996,97665.56902770996,0.0,0.0,0.0,False,margin,0.0,0.0,0.0,0,0,,,[],0.0,0.0,0.0,0.0,0.0,0.0,0.0,97665.56902770989
2026-08-24 09:30:00-04:00,97665.56902770996,97665.56902770996,0.0,0.0,0.0,False,margin,0.0,0.0,0.0,0,0,,,[],0.0,0.0,0.0,0.0,0.0,0.0,0.0,97665.56902770989
2026-08-24 16:00:00-04:00,97665.56902770996,97665.56902770996,0.0,0.0,0.0,False,margin,0.0,0.0,0.0,0,0,,,[],0.0,0.0,0.0,0.0,0.0,0.0,0.0,97665.56902770989
2026-08-25 08:30:00-04:00,97665.56902770996,97665.56902770996,0.0,0.0,0.0,False,margin,0.0,0.0,0.0,0,0,,,[],0.0,0.0,0.0,0.0,0.0,0.0,0.0,97665.56902770989
2026-08-25 09:30:00-04:00,97665.56902770996,97665.56902770996,0.0,0.0,0.0,False,margin,0.0,0.0,0.0,0,0,,,[],0.0,0.0,0.0,0.0,0.0,0.0,0.0,97665.56902770989
2026-08-25 09:30:00-04:00,97665.56902770996,97665.56902770996,0.0,0.0,0.0,False,margin,0.0,0.0,0.0,0,0,,,[],0.0,0.0,0.0,0.0,0.0,0.0,0.0,97665.56902770989
2026-08-25 16:00:00-04:00,97665.56902770996,97665.56902770996,0.0,0.0,0.0,False,margin,0.0,0.0,0.0,0,0,,,[],0.0,0.0,0.0,0.0,0.0,0.0,0.0,97665.56902770989
2026-08-26 08:30:00-04:00,97665.56902770996,97665.56902770996,0.0,0.0,0.0,False,margin,0.0,0.0,0.0,0,0,,,[],0.0,0.0,0.0,0.0,0.0,0.0,0.0,97665.56902770989
2026-08-26 09:30:00-04:00,97665.56902770996,97665.56902770996,0.0,0.0,0.0,False,margin,0.0,0.0,0.0,0,0,,,[],0.0,0.0,0.0,0.0,0.0,0.0,0.0,97665.56902770989
2026-08-26 09:30:00-04:00,97665.56902770996,97665.56902770996,0.0,0.0,0.0,False,margin,0.0,0.0,0.0,0,0,,,[],0.0,0.0,0.0,0.0,0.0,0.0,0.0,97665.56902770989
2026-08-26 16:00:00-04:00,97665.56902770996,97665.56902770996,0.0,0.0,0.0,False,margin,0.0,0.0,0.0,0,0,,,[],0.0,0.0,0.0,0.0,0.0,0.0,0.0,97665.56902770989
2026-08-27 08:30:00-04:00,97665.56902770996,97665.56902770996,0.0,0.0,0.0,False,margin,0.0,0.0,0.0,0,0,,,[],0.0,0.0,0.0,0.0,0.0,0.0,0.0,97665.56902770989
2026-08-27 09:30:00-04:00,97665.56902770996,97665.56902770996,0.0,0.0,0.0,False,margin,0.0,0.0,0.0,0,0,,,[],0.0,0.0,0.0,0.0,0.0,0.0,0.0,97665.56902770989
2026-08-27 09:30:00-04:00,97665.56902770996,97665.56902770996,0.0,0.0,0.0,False,margin,0.0,0.0,0.0,0,0,,,[],0.0,0.0,0.0,0.0,0.0,0.0,0.0,97665.56902770989
2026-08-27 16:00:00-04:00,97665.56902770996,97665.56902770996,0.0,0.0,0.0,False,margin,0.0,0.0,0.0,0,0,,,[],0.0,0.0,0.0,0.0,0.0,0.0,0.0,97665.56902770989
2026-08-28 08:30:00-04:00,97665.56902770996,97665.56902770996,0.0,0.0,0.0,False,margin,0.0,0.0,0.0,0,0,,,[],0.0,0.0,0.0,0.0,0.0,0.0,0.0,97665.56902770989
2026-08-28 09:30:00-04:00,97665.56902770996,97665.56902770996,0.0,0.0,0.0,False,margin,0.0,0.0,0.0,0,0,,,[],0.0,0.0,0.0,0.0,0.0,0.0,0.0,97665.56902770989
2026-08-28 09:30:00-04:00,97665.56902770996,97665.56902770996,0.0,0.0,0.0,False,margin,0.0,0.0,0.0,0,0,,,[],0.0,0.0,0.0,0.0,0.0,0.0,0.0,97665.56902770989
2026-08-28 16:00:00-04:00,97665.56902770996,97665.56902770996,0.0,0.0,0.0,False,margin,0.0,0.0,0.0,0,0,,,[],0.0,0.0,0.0,0.0,0.0,0.0,0.0,97665.56902770989
2026-08-31 08:30:00-04:00,97665.56902770996,97665.56902770996,0.0,0.0,0.0,False,margin,0.0,0.0,0.0,0,0,,,[],0.0,0.0,0.0,0.0,0.0,0.0,0.0,97665.56902770989
2026-08-31 09:30:00-04:00,97665.56902770996,97665.56902770996,0.0,0.0,0.0,False,margin,0.0,0.0,0.0,0,0,,,[],0.0,0.0,0.0,0.0,0.0,0.0,0.0,97665.56902770989
2026-08-31 09:30:00-04:00,97665.56902770996,97665.56902770996,0.0,0.0,0.0,False,margin,0.0,0.0,0.0,0,0,,,[],0.0,0.0,0.0,0.0,0.0,0.0,0.0,97665.56902770989
2026-08-31 16:00:00-04:00,97665.56902770996,97665.56902770996,0.0,0.0,0.0,False,margin,0.0,0.0,0.0,0,0,,,[],0.0,0.0,0.0,0.0,0.0,0.0,0.0,97665.56902770989
2026-09-01 08:30:00-04:00,97665.56902770996,97665.56902770996,0.0,0.0,0.0,False,margin,0.0,0.0,0.0,0,0,,,[],0.0,0.0,0.0,0.0,0.0,0.0,0.0,97665.56902770989
2026-09-01 09:30:00-04:00,97665.56902770996,97665.56902770996,0.0,0.0,0.0,False,margin,0.0,0.0,0.0,0,0,,,[],0.0,0.0,0.0,0.0,0.0,0.0,0.0,97665.56902770989
2026-09-01 09:30:00-04:00,97665.56902770996,97665.56902770996,0.0,0.0,0.0,False,margin,0.0,0.0,0.0,0,0,,,[],0.0,0.0,0.0,0.0,0.0,0.0,0.0,97665.56902770989
2026-09-01 16:00:00-04:00,97665.56902770996,97665.56902770996,0.0,0.0,0.0,False,margin,0.0,0.0,0.0,0,0,,,[],0.0,0.0,0.0,0.0,0.0,0.0,0.0,97665.56902770989
2026-09-02 08:30:00-04:00,97665.56902770996,97665.56902770996,0.0,0.0,0.0,False,margin,0.0,0.0,0.0,0,0,,,[],0.0,0.0,0.0,0.0,0.0,0.0,0.0,97665.56902770989
2026-09-02 09:30:00-04:00,97665.56902770996,97665.56902770996,0.0,0.0,0.0,False,margin,0.0,0.0,0.0,0,0,,,[],0.0,0.0,0.0,0.0,0.0,0.0,0.0,97665.56902770989
2026-09-02 09:30:00-04:00,97665.56902770996,97665.56902770996,0.0,0.0,0.0,False,margin,0.0,0.0,0.0,0,0,,,[],0.0,0.0,0.0,0.0,0.0,0.0,0.0,97665.56902770989
2026-09-02 16:00:00-04:00,97665.56902770996,97665.56902770996,0.0,0.0,0.0,False,margin,0.0,0.0,0.0,0,0,,,[],0.0,0.0,0.0,0.0,0.0,0.0,0.0,97665.56902770989
2026-09-03 08:30:00-04:00,97665.56902770996,97665.56902770996,0.0,0.0,0.0,False,margin,0.0,0.0,0.0,0,0,,,[],0.0,0.0,0.0,0.0,0.0,0.0,0.0,97665.56902770989
2026-09-03 09:30:00-04:00,97665.56902770996,97665.56902770996,0.0,0.0,0.0,False,margin,0.0,0.0,0.0,0,0,,,[],0.0,0.0,0.0,0.0,0.0,0.0,0.0,97665.56902770989
2026-09-03 09:30:00-04:00,97665.56902770996,97665.56902770996,0.0,0.0,0.0,False,margin,0.0,0.0,0.0,0,0,,,[],0.0,0.0,0.0,0.0,0.0,0.0,0.0,97665.56902770989
2026-09-03 16:00:00-04:00,97665.56902770996,97665.56902770996,0.0,0.0,0.0,False,margin,0.0,0.0,0.0,0,0,,,[],0.0,0.0,0.0,0.0,0.0,0.0,0.0,97665.56902770989
2026-09-04 08:30:00-04:00,97665.56902770996,97665.56902770996,0.0,0.0,0.0,False,margin,0.0,0.0,0.0,0,0,,,[],0.0,0.0,0.0,0.0,0.0,0.0,0.0,97665.56902770989
2026-09-04 09:30:00-04:00,97665.56902770996,97665.56902770996,0.0,0.0,0.0,False,margin,0.0,0.0,0.0,0,0,,,[],0.0,0.0,0.0,0.0,0.0,0.0,0.0,97665.56902770989
2026-09-04 09:30:00-04:00,97665.56902770996,97665.56902770996,0.0,0.0,0.0,False,margin,0.0,0.0,0.0,0,0,,,[],0.0,0.0,0.0,0.0,0.0,0.0,0.0,97665.56902770989
2026-09-04 16:00:00-04:00,97665.56902770996,97665.56902770996,0.0,0.0,0.0,False,margin,0.0,0.0,0.0,0,0,,,[],0.0,0.0,0.0,0.0,0.0,0.0,0.0,97665.56902770989
2026-09-08 08:30:00-04:00,97665.56902770996,97665.56902770996,0.0,0.0,0.0,False,margin,0.0,0.0,0.0,0,0,,,[],0.0,0.0,0.0,0.0,0.0,0.0,0.0,97665.56902770989
2026-09-08 09:30:00-04:00,97665.56902770996,97665.56902770996,0.0,0.0,0.0,False,margin,0.0,0.0,0.0,0,0,,,[],0.0,0.0,0.0,0.0,0.0,0.0,0.0,97665.56902770989
2026-09-08 09:30:00-04:00,97665.56902770996,97665.56902770996,0.0,0.0,0.0,False,margin,0.0,0.0,0.0,0,0,,,[],0.0,0.0,0.0,0.0,0.0,0.0,0.0,97665.56902770989
2026-09-08 16:00:00-04:00,97665.56902770996,97665.56902770996,0.0,0.0,0.0,False,margin,0.0,0.0,0.0,0,0,,,[],0.0,0.0,0.0,0.0,0.0,0.0,0.0,97665.56902770989
2026-09-09 08:30:00-04:00,97665.56902770996,97665.56902770996,0.0,0.0,0.0,False,margin,0.0,0.0,0.0,0,0,,,[],0.0,0.0,0.0,0.0,0.0,0.0,0.0,97665.56902770989
2026-09-09 09:30:00-04:00,97665.56902770996,97665.56902770996,0.0,0.0,0.0,False,margin,0.0,0.0,0.0,0,0,,,[],0.0,0.0,0.0,0.0,0.0,0.0,0.0,97665.56902770989
2026-09-09 09:30:00-04:00,97665.56902770996,97665.56902770996,0.0,0.0,0.0,False,margin,0.0,0.0,0.0,0,0,,,[],0.0,0.0,0.0,0.0,0.0,0.0,0.0,97665.56902770989
2026-09-09 16:00:00-04:00,97665.56902770996,97665.56902770996,0.0,0.0,0.0,False,margin,0.0,0.0,0.0,0,0,,,[],0.0,0.0,0.0,0.0,0.0,0.0,0.0,97665.56902770989
2026-09-10 08:30:00-04:00,97665.56902770996,97665.56902770996,0.0,0.0,0.0,False,margin,0.0,0.0,0.0,0,0,,,[],0.0,0.0,0.0,0.0,0.0,0.0,0.0,97665.56902770989
2026-09-10 09:30:00-04:00,97665.56902770996,97665.56902770996,0.0,0.0,0.0,False,margin,0.0,0.0,0.0,0,0,,,[],0.0,0.0,0.0,0.0,0.0,0.0,0.0,97665.56902770989
2026-09-10 09:30:00-04:00,97665.56902770996,97665.56902770996,0.0,0.0,0.0,False,margin,0.0,0.0,0.0,0,0,,,[],0.0,0.0,0.0,0.0,0.0,0.0,0.0,97665.56902770989
2026-09-10 16:00:00-04:00,97665.56902770996,97665.56902770996,0.0,0.0,0.0,False,margin,0.0,0.0,0.0,0,0,,,[],0.0,0.0,0.0,0.0,0.0,0.0,0.0,97665.56902770989
2026-09-11 08:30:00-04:00,97665.56902770996,97665.56902770996,0.0,0.0,0.0,False,margin,0.0,0.0,0.0,0,0,,,[],0.0,0.0,0.0,0.0,0.0,0.0,0.0,97665.56902770989
2026-09-11 09:30:00-04:00,97665.56902770996,97665.56902770996,0.0,0.0,0.0,False,margin,0.0,0.0,0.0,0,0,,,[],0.0,0.0,0.0,0.0,0.0,0.0,0.0,97665.56902770989
2026-09-11 09:30:00-04:00,97665.56902770996,97665.56902770996,0.0,0.0,0.0,False,margin,0.0,0.0,0.0,0,0,,,[],0.0,0.0,0.0,0.0,0.0,0.0,0.0,97665.56902770989
2026-09-11 16:00:00-04:00,97665.56902770996,97665.56902770996,0.0,0.0,0.0,False,margin,0.0,0.0,0.0,0,0,,,[],0.0,0.0,0.0,0.0,0.0,0.0,0.0,97665.56902770989
2026-09-14 08:30:00-04:00,97665.56902770996,97665.56902770996,0.0,0.0,0.0,False,margin,0.0,0.0,0.0,0,0,,,[],0.0,0.0,0.0,0.0,0.0,0.0,0.0,97665.56902770989
2026-09-14 09:30:00-04:00,97665.56902770996,97665.56902770996,0.0,0.0,0.0,False,margin,0.0,0.0,0.0,0,0,,,[],0.0,0.0,0.0,0.0,0.0,0.0,0.0,97665.56902770989
2026-09-14 09:30:00-04:00,97665.56902770996,97665.56902770996,0.0,0.0,0.0,False,margin,0.0,0.0,0.0,0,0,,,[],0.0,0.0,0.0,0.0,0.0,0.0,0.0,97665.56902770989
2026-09-14 16:00:00-04:00,97665.56902770996,97665.56902770996,0.0,0.0,0.0,False,margin,0.0,0.0,0.0,0,0,,,[],0.0,0.0,0.0,0.0,0.0,0.0,0.0,97665.56902770989
