datetime,portfolio_value,cash,cash_deposits_total,cash_withdrawals_total,cash_adjustments_net_total,cash_financing_enabled,cash_financing_account_mode,cash_financing_credit_total,cash_financing_debit_total,cash_financing_net_total,cash_financing_days_accrued,cash_financing_events,cash_financing_last_credit_rate_used,cash_financing_last_debit_rate_used,positions,cash_deposits_period,cash_withdrawals_period,cash_adjustments_net_period,cash_financing_credit_period,cash_financing_debit_period,cash_financing_net_period,return,cash_adjusted_portfolio_value
2025-12-15 08:30:00-05:00,100000.0,100000.0,0.0,0.0,0.0,False,margin,0.0,0.0,0.0,0,0,,,[],0.0,0.0,0.0,0.0,0.0,0.0,,100000.0
2025-12-15 09:30:00-05:00,100000.0,100000.0,0.0,0.0,0.0,False,margin,0.0,0.0,0.0,0,0,,,[],0.0,0.0,0.0,0.0,0.0,0.0,0.0,100000.0
2025-12-15 09:30:00-05:00,100000.0,100000.0,0.0,0.0,0.0,False,margin,0.0,0.0,0.0,0,0,,,[],0.0,0.0,0.0,0.0,0.0,0.0,0.0,100000.0
2025-12-15 16:00:00-05:00,100000.0,100000.0,0.0,0.0,0.0,False,margin,0.0,0.0,0.0,0,0,,,[],0.0,0.0,0.0,0.0,0.0,0.0,0.0,100000.0
2025-12-16 08:30:00-05:00,100000.0,100000.0,0.0,0.0,0.0,False,margin,0.0,0.0,0.0,0,0,,,[],0.0,0.0,0.0,0.0,0.0,0.0,0.0,100000.0
2025-12-16 09:30:00-05:00,100000.0,100000.0,0.0,0.0,0.0,False,margin,0.0,0.0,0.0,0,0,,,[],0.0,0.0,0.0,0.0,0.0,0.0,0.0,100000.0
2025-12-16 09:30:00-05:00,100000.0,100000.0,0.0,0.0,0.0,False,margin,0.0,0.0,0.0,0,0,,,[],0.0,0.0,0.0,0.0,0.0,0.0,0.0,100000.0
2025-12-16 16:00:00-05:00,100000.0,100000.0,0.0,0.0,0.0,False,margin,0.0,0.0,0.0,0,0,,,[],0.0,0.0,0.0,0.0,0.0,0.0,0.0,100000.0
2025-12-17 08:30:00-05:00,100000.0,100000.0,0.0,0.0,0.0,False,margin,0.0,0.0,0.0,0,0,,,[],0.0,0.0,0.0,0.0,0.0,0.0,0.0,100000.0
2025-12-17 09:30:00-05:00,100000.0,100000.0,0.0,0.0,0.0,False,margin,0.0,0.0,0.0,0,0,,,[],0.0,0.0,0.0,0.0,0.0,0.0,0.0,100000.0
2025-12-17 09:30:00-05:00,100000.0,100000.0,0.0,0.0,0.0,False,margin,0.0,0.0,0.0,0,0,,,[],0.0,0.0,0.0,0.0,0.0,0.0,0.0,100000.0
2025-12-17 16:00:00-05:00,100000.0,100000.0,0.0,0.0,0.0,False,margin,0.0,0.0,0.0,0,0,,,[],0.0,0.0,0.0,0.0,0.0,0.0,0.0,100000.0
2025-12-18 08:30:00-05:00,100000.0,100000.0,0.0,0.0,0.0,False,margin,0.0,0.0,0.0,0,0,,,[],0.0,0.0,0.0,0.0,0.0,0.0,0.0,100000.0
2025-12-18 09:30:00-05:00,100000.0,100000.0,0.0,0.0,0.0,False,margin,0.0,0.0,0.0,0,0,,,[],0.0,0.0,0.0,0.0,0.0,0.0,0.0,100000.0
2025-12-18 09:30:00-05:00,100000.0,100000.0,0.0,0.0,0.0,False,margin,0.0,0.0,0.0,0,0,,,[],0.0,0.0,0.0,0.0,0.0,0.0,0.0,100000.0
2025-12-18 16:00:00-05:00,100000.0,100000.0,0.0,0.0,0.0,False,margin,0.0,0.0,0.0,0,0,,,[],0.0,0.0,0.0,0.0,0.0,0.0,0.0,100000.0
2025-12-19 08:30:00-05:00,100000.0,100000.0,0.0,0.0,0.0,False,margin,0.0,0.0,0.0,0,0,,,[],0.0,0.0,0.0,0.0,0.0,0.0,0.0,100000.0
2025-12-19 09:30:00-05:00,100000.0,100000.0,0.0,0.0,0.0,False,margin,0.0,0.0,0.0,0,0,,,[],0.0,0.0,0.0,0.0,0.0,0.0,0.0,100000.0
2025-12-19 09:30:00-05:00,100000.0,100000.0,0.0,0.0,0.0,False,margin,0.0,0.0,0.0,0,0,,,[],0.0,0.0,0.0,0.0,0.0,0.0,0.0,100000.0
2025-12-19 16:00:00-05:00,100000.0,100000.0,0.0,0.0,0.0,False,margin,0.0,0.0,0.0,0,0,,,[],0.0,0.0,0.0,0.0,0.0,0.0,0.0,100000.0
2025-12-22 08:30:00-05:00,100000.0,100000.0,0.0,0.0,0.0,False,margin,0.0,0.0,0.0,0,0,,,[],0.0,0.0,0.0,0.0,0.0,0.0,0.0,100000.0
2025-12-22 09:30:00-05:00,100000.0,100000.0,0.0,0.0,0.0,False,margin,0.0,0.0,0.0,0,0,,,[],0.0,0.0,0.0,0.0,0.0,0.0,0.0,100000.0
2025-12-22 09:30:00-05:00,100000.0,100000.0,0.0,0.0,0.0,False,margin,0.0,0.0,0.0,0,0,,,[],0.0,0.0,0.0,0.0,0.0,0.0,0.0,100000.0
2025-12-22 16:00:00-05:00,100000.0,100000.0,0.0,0.0,0.0,False,margin,0.0,0.0,0.0,0,0,,,[],0.0,0.0,0.0,0.0,0.0,0.0,0.0,100000.0
2025-12-23 08:30:00-05:00,100000.0,100000.0,0.0,0.0,0.0,False,margin,0.0,0.0,0.0,0,0,,,[],0.0,0.0,0.0,0.0,0.0,0.0,0.0,100000.0
2025-12-23 09:30:00-05:00,100000.0,100000.0,0.0,0.0,0.0,False,margin,0.0,0.0,0.0,0,0,,,[],0.0,0.0,0.0,0.0,0.0,0.0,0.0,100000.0
2025-12-23 09:30:00-05:00,100000.0,100000.0,0.0,0.0,0.0,False,margin,0.0,0.0,0.0,0,0,,,[],0.0,0.0,0.0,0.0,0.0,0.0,0.0,100000.0
2025-12-23 16:00:00-05:00,100000.0,100000.0,0.0,0.0,0.0,False,margin,0.0,0.0,0.0,0,0,,,[],0.0,0.0,0.0,0.0,0.0,0.0,0.0,100000.0
2025-12-24 08:30:00-05:00,100000.0,100000.0,0.0,0.0,0.0,False,margin,0.0,0.0,0.0,0,0,,,[],0.0,0.0,0.0,0.0,0.0,0.0,0.0,100000.0
2025-12-24 09:30:00-05:00,100000.0,100000.0,0.0,0.0,0.0,False,margin,0.0,0.0,0.0,0,0,,,[],0.0,0.0,0.0,0.0,0.0,0.0,0.0,100000.0
2025-12-24 09:30:00-05:00,100000.0,100000.0,0.0,0.0,0.0,False,margin,0.0,0.0,0.0,0,0,,,[],0.0,0.0,0.0,0.0,0.0,0.0,0.0,100000.0
2025-12-24 13:00:00-05:00,100000.0,100000.0,0.0,0.0,0.0,False,margin,0.0,0.0,0.0,0,0,,,[],0.0,0.0,0.0,0.0,0.0,0.0,0.0,100000.0
2025-12-26 08:30:00-05:00,100000.0,100000.0,0.0,0.0,0.0,False,margin,0.0,0.0,0.0,0,0,,,[],0.0,0.0,0.0,0.0,0.0,0.0,0.0,100000.0
2025-12-26 09:30:00-05:00,100000.0,100000.0,0.0,0.0,0.0,False,margin,0.0,0.0,0.0,0,0,,,[],0.0,0.0,0.0,0.0,0.0,0.0,0.0,100000.0
2025-12-26 09:30:00-05:00,100000.0,100000.0,0.0,0.0,0.0,False,margin,0.0,0.0,0.0,0,0,,,[],0.0,0.0,0.0,0.0,0.0,0.0,0.0,100000.0
2025-12-26 16:00:00-05:00,100000.0,100000.0,0.0,0.0,0.0,False,margin,0.0,0.0,0.0,0,0,,,[],0.0,0.0,0.0,0.0,0.0,0.0,0.0,100000.0
2025-12-29 08:30:00-05:00,100000.0,100000.0,0.0,0.0,0.0,False,margin,0.0,0.0,0.0,0,0,,,[],0.0,0.0,0.0,0.0,0.0,0.0,0.0,100000.0
2025-12-29 09:30:00-05:00,100000.0,100000.0,0.0,0.0,0.0,False,margin,0.0,0.0,0.0,0,0,,,[],0.0,0.0,0.0,0.0,0.0,0.0,0.0,100000.0
2025-12-29 09:30:00-05:00,100000.0,100000.0,0.0,0.0,0.0,False,margin,0.0,0.0,0.0,0,0,,,[],0.0,0.0,0.0,0.0,0.0,0.0,0.0,100000.0
2025-12-29 16:00:00-05:00,100000.0,100000.0,0.0,0.0,0.0,False,margin,0.0,0.0,0.0,0,0,,,[],0.0,0.0,0.0,0.0,0.0,0.0,0.0,100000.0
2025-12-30 08:30:00-05:00,100000.0,100000.0,0.0,0.0,0.0,False,margin,0.0,0.0,0.0,0,0,,,[],0.0,0.0,0.0,0.0,0.0,0.0,0.0,100000.0
2025-12-30 09:30:00-05:00,100000.0,100000.0,0.0,0.0,0.0,False,margin,0.0,0.0,0.0,0,0,,,[],0.0,0.0,0.0,0.0,0.0,0.0,0.0,100000.0
2025-12-30 09:30:00-05:00,100000.0,100000.0,0.0,0.0,0.0,False,margin,0.0,0.0,0.0,0,0,,,[],0.0,0.0,0.0,0.0,0.0,0.0,0.0,100000.0
2025-12-30 16:00:00-05:00,100000.0,100000.0,0.0,0.0,0.0,False,margin,0.0,0.0,0.0,0,0,,,[],0.0,0.0,0.0,0.0,0.0,0.0,0.0,100000.0
2025-12-31 08:30:00-05:00,100000.0,100000.0,0.0,0.0,0.0,False,margin,0.0,0.0,0.0,0,0,,,[],0.0,0.0,0.0,0.0,0.0,0.0,0.0,100000.0
2025-12-31 09:30:00-05:00,100000.0,100000.0,0.0,0.0,0.0,False,margin,0.0,0.0,0.0,0,0,,,[],0.0,0.0,0.0,0.0,0.0,0.0,0.0,100000.0
2025-12-31 09:30:00-05:00,100000.0,100000.0,0.0,0.0,0.0,False,margin,0.0,0.0,0.0,0,0,,,[],0.0,0.0,0.0,0.0,0.0,0.0,0.0,100000.0
2025-12-31 16:00:00-05:00,100000.0,100000.0,0.0,0.0,0.0,False,margin,0.0,0.0,0.0,0,0,,,[],0.0,0.0,0.0,0.0,0.0,0.0,0.0,100000.0
2026-01-02 08:30:00-05:00,100000.0,100000.0,0.0,0.0,0.0,False,margin,0.0,0.0,0.0,0,0,,,[],0.0,0.0,0.0,0.0,0.0,0.0,0.0,100000.0
2026-01-02 09:30:00-05:00,100000.0,100000.0,0.0,0.0,0.0,False,margin,0.0,0.0,0.0,0,0,,,[],0.0,0.0,0.0,0.0,0.0,0.0,0.0,100000.0
2026-01-02 09:30:00-05:00,100000.0,100000.0,0.0,0.0,0.0,False,margin,0.0,0.0,0.0,0,0,,,[],0.0,0.0,0.0,0.0,0.0,0.0,0.0,100000.0
2026-01-02 16:00:00-05:00,100000.0,100000.0,0.0,0.0,0.0,False,margin,0.0,0.0,0.0,0,0,,,[],0.0,0.0,0.0,0.0,0.0,0.0,0.0,100000.0
2026-01-05 08:30:00-05:00,100000.0,100000.0,0.0,0.0,0.0,False,margin,0.0,0.0,0.0,0,0,,,[],0.0,0.0,0.0,0.0,0.0,0.0,0.0,100000.0
2026-01-05 09:30:00-05:00,100000.0,100000.0,0.0,0.0,0.0,False,margin,0.0,0.0,0.0,0,0,,,[],0.0,0.0,0.0,0.0,0.0,0.0,0.0,100000.0
2026-01-05 09:30:00-05:00,100000.0,100000.0,0.0,0.0,0.0,False,margin,0.0,0.0,0.0,0,0,,,[],0.0,0.0,0.0,0.0,0.0,0.0,0.0,100000.0
2026-01-05 16:00:00-05:00,100000.0,100000.0,0.0,0.0,0.0,False,margin,0.0,0.0,0.0,0,0,,,[],0.0,0.0,0.0,0.0,0.0,0.0,0.0,100000.0
2026-01-06 08:30:00-05:00,100000.0,100000.0,0.0,0.0,0.0,False,margin,0.0,0.0,0.0,0,0,,,[],0.0,0.0,0.0,0.0,0.0,0.0,0.0,100000.0
2026-01-06 09:30:00-05:00,100000.0,100000.0,0.0,0.0,0.0,False,margin,0.0,0.0,0.0,0,0,,,[],0.0,0.0,0.0,0.0,0.0,0.0,0.0,100000.0
2026-01-06 09:30:00-05:00,100000.0,100000.0,0.0,0.0,0.0,False,margin,0.0,0.0,0.0,0,0,,,[],0.0,0.0,0.0,0.0,0.0,0.0,0.0,100000.0
2026-01-06 16:00:00-05:00,100000.0,100000.0,0.0,0.0,0.0,False,margin,0.0,0.0,0.0,0,0,,,[],0.0,0.0,0.0,0.0,0.0,0.0,0.0,100000.0
2026-01-07 08:30:00-05:00,100000.0,100000.0,0.0,0.0,0.0,False,margin,0.0,0.0,0.0,0,0,,,[],0.0,0.0,0.0,0.0,0.0,0.0,0.0,100000.0
2026-01-07 09:30:00-05:00,100000.0,100000.0,0.0,0.0,0.0,False,margin,0.0,0.0,0.0,0,0,,,[],0.0,0.0,0.0,0.0,0.0,0.0,0.0,100000.0
2026-01-07 09:30:00-05:00,100000.0,100000.0,0.0,0.0,0.0,False,margin,0.0,0.0,0.0,0,0,,,[],0.0,0.0,0.0,0.0,0.0,0.0,0.0,100000.0
2026-01-07 16:00:00-05:00,100000.0,100000.0,0.0,0.0,0.0,False,margin,0.0,0.0,0.0,0,0,,,[],0.0,0.0,0.0,0.0,0.0,0.0,0.0,100000.0
2026-01-08 08:30:00-05:00,100000.0,100000.0,0.0,0.0,0.0,False,margin,0.0,0.0,0.0,0,0,,,[],0.0,0.0,0.0,0.0,0.0,0.0,0.0,100000.0
2026-01-08 09:30:00-05:00,100000.0,100000.0,0.0,0.0,0.0,False,margin,0.0,0.0,0.0,0,0,,,[],0.0,0.0,0.0,0.0,0.0,0.0,0.0,100000.0
2026-01-08 09:30:00-05:00,100000.0,100000.0,0.0,0.0,0.0,False,margin,0.0,0.0,0.0,0,0,,,[],0.0,0.0,0.0,0.0,0.0,0.0,0.0,100000.0
2026-01-08 16:00:00-05:00,100000.0,100000.0,0.0,0.0,0.0,False,margin,0.0,0.0,0.0,0,0,,,[],0.0,0.0,0.0,0.0,0.0,0.0,0.0,100000.0
2026-01-09 08:30:00-05:00,100000.0,100000.0,0.0,0.0,0.0,False,margin,0.0,0.0,0.0,0,0,,,[],0.0,0.0,0.0,0.0,0.0,0.0,0.0,100000.0
2026-01-09 09:30:00-05:00,100000.0,100000.0,0.0,0.0,0.0,False,margin,0.0,0.0,0.0,0,0,,,[],0.0,0.0,0.0,0.0,0.0,0.0,0.0,100000.0
2026-01-09 09:30:00-05:00,100000.0,100000.0,0.0,0.0,0.0,False,margin,0.0,0.0,0.0,0,0,,,[],0.0,0.0,0.0,0.0,0.0,0.0,0.0,100000.0
2026-01-09 16:00:00-05:00,100000.0,100000.0,0.0,0.0,0.0,False,margin,0.0,0.0,0.0,0,0,,,[],0.0,0.0,0.0,0.0,0.0,0.0,0.0,100000.0
2026-01-12 08:30:00-05:00,100000.0,100000.0,0.0,0.0,0.0,False,margin,0.0,0.0,0.0,0,0,,,[],0.0,0.0,0.0,0.0,0.0,0.0,0.0,100000.0
2026-01-12 09:30:00-05:00,100000.0,100000.0,0.0,0.0,0.0,False,margin,0.0,0.0,0.0,0,0,,,[],0.0,0.0,0.0,0.0,0.0,0.0,0.0,100000.0
2026-01-12 09:30:00-05:00,100000.0,100000.0,0.0,0.0,0.0,False,margin,0.0,0.0,0.0,0,0,,,[],0.0,0.0,0.0,0.0,0.0,0.0,0.0,100000.0
2026-01-12 16:00:00-05:00,100000.0,100000.0,0.0,0.0,0.0,False,margin,0.0,0.0,0.0,0,0,,,[],0.0,0.0,0.0,0.0,0.0,0.0,0.0,100000.0
2026-01-13 08:30:00-05:00,100000.0,100000.0,0.0,0.0,0.0,False,margin,0.0,0.0,0.0,0,0,,,[],0.0,0.0,0.0,0.0,0.0,0.0,0.0,100000.0
2026-01-13 09:30:00-05:00,100000.0,100000.0,0.0,0.0,0.0,False,margin,0.0,0.0,0.0,0,0,,,[],0.0,0.0,0.0,0.0,0.0,0.0,0.0,100000.0
2026-01-13 09:30:00-05:00,100000.0,100000.0,0.0,0.0,0.0,False,margin,0.0,0.0,0.0,0,0,,,[],0.0,0.0,0.0,0.0,0.0,0.0,0.0,100000.0
2026-01-13 16:00:00-05:00,100000.0,100000.0,0.0,0.0,0.0,False,margin,0.0,0.0,0.0,0,0,,,[],0.0,0.0,0.0,0.0,0.0,0.0,0.0,100000.0
2026-01-14 08:30:00-05:00,100000.0,100000.0,0.0,0.0,0.0,False,margin,0.0,0.0,0.0,0,0,,,[],0.0,0.0,0.0,0.0,0.0,0.0,0.0,100000.0
2026-01-14 09:30:00-05:00,100000.0,100000.0,0.0,0.0,0.0,False,margin,0.0,0.0,0.0,0,0,,,[],0.0,0.0,0.0,0.0,0.0,0.0,0.0,100000.0
2026-01-14 09:30:00-05:00,100000.0,100000.0,0.0,0.0,0.0,False,margin,0.0,0.0,0.0,0,0,,,[],0.0,0.0,0.0,0.0,0.0,0.0,0.0,100000.0
2026-01-14 16:00:00-05:00,100000.0,100000.0,0.0,0.0,0.0,False,margin,0.0,0.0,0.0,0,0,,,[],0.0,0.0,0.0,0.0,0.0,0.0,0.0,100000.0
2026-01-15 08:30:00-05:00,100000.0,100000.0,0.0,0.0,0.0,False,margin,0.0,0.0,0.0,0,0,,,[],0.0,0.0,0.0,0.0,0.0,0.0,0.0,100000.0
2026-01-15 09:30:00-05:00,100000.0,100000.0,0.0,0.0,0.0,False,margin,0.0,0.0,0.0,0,0,,,[],0.0,0.0,0.0,0.0,0.0,0.0,0.0,100000.0
2026-01-15 09:30:00-05:00,100000.0,100000.0,0.0,0.0,0.0,False,margin,0.0,0.0,0.0,0,0,,,[],0.0,0.0,0.0,0.0,0.0,0.0,0.0,100000.0
2026-01-15 16:00:00-05:00,100000.0,100000.0,0.0,0.0,0.0,False,margin,0.0,0.0,0.0,0,0,,,[],0.0,0.0,0.0,0.0,0.0,0.0,0.0,100000.0
2026-01-16 08:30:00-05:00,100000.0,100000.0,0.0,0.0,0.0,False,margin,0.0,0.0,0.0,0,0,,,[],0.0,0.0,0.0,0.0,0.0,0.0,0.0,100000.0
2026-01-16 09:30:00-05:00,100000.0,100000.0,0.0,0.0,0.0,False,margin,0.0,0.0,0.0,0,0,,,[],0.0,0.0,0.0,0.0,0.0,0.0,0.0,100000.0
2026-01-16 09:30:00-05:00,100000.0,100000.0,0.0,0.0,0.0,False,margin,0.0,0.0,0.0,0,0,,,[],0.0,0.0,0.0,0.0,0.0,0.0,0.0,100000.0
2026-01-16 16:00:00-05:00,100000.0,100000.0,0.0,0.0,0.0,False,margin,0.0,0.0,0.0,0,0,,,[],0.0,0.0,0.0,0.0,0.0,0.0,0.0,100000.0
2026-01-20 08:30:00-05:00,100000.0,100000.0,0.0,0.0,0.0,False,margin,0.0,0.0,0.0,0,0,,,[],0.0,0.0,0.0,0.0,0.0,0.0,0.0,100000.0
2026-01-20 09:30:00-05:00,100000.0,100000.0,0.0,0.0,0.0,False,margin,0.0,0.0,0.0,0,0,,,[],0.0,0.0,0.0,0.0,0.0,0.0,0.0,100000.0
2026-01-20 09:30:00-05:00,100000.0,100000.0,0.0,0.0,0.0,False,margin,0.0,0.0,0.0,0,0,,,[],0.0,0.0,0.0,0.0,0.0,0.0,0.0,100000.0
2026-01-20 16:00:00-05:00,100000.0,100000.0,0.0,0.0,0.0,False,margin,0.0,0.0,0.0,0,0,,,[],0.0,0.0,0.0,0.0,0.0,0.0,0.0,100000.0
2026-01-21 08:30:00-05:00,100000.0,100000.0,0.0,0.0,0.0,False,margin,0.0,0.0,0.0,0,0,,,[],0.0,0.0,0.0,0.0,0.0,0.0,0.0,100000.0
2026-01-21 09:30:00-05:00,100000.0,100000.0,0.0,0.0,0.0,False,margin,0.0,0.0,0.0,0,0,,,[],0.0,0.0,0.0,0.0,0.0,0.0,0.0,100000.0
2026-01-21 09:30:00-05:00,100000.0,100000.0,0.0,0.0,0.0,False,margin,0.0,0.0,0.0,0,0,,,[],0.0,0.0,0.0,0.0,0.0,0.0,0.0,100000.0
2026-01-21 16:00:00-05:00,100000.0,100000.0,0.0,0.0,0.0,False,margin,0.0,0.0,0.0,0,0,,,[],0.0,0.0,0.0,0.0,0.0,0.0,0.0,100000.0
2026-01-22 08:30:00-05:00,100000.0,100000.0,0.0,0.0,0.0,False,margin,0.0,0.0,0.0,0,0,,,[],0.0,0.0,0.0,0.0,0.0,0.0,0.0,100000.0
2026-01-22 09:30:00-05:00,100000.0,100000.0,0.0,0.0,0.0,False,margin,0.0,0.0,0.0,0,0,,,[],0.0,0.0,0.0,0.0,0.0,0.0,0.0,100000.0
2026-01-22 09:30:00-05:00,100000.0,100000.0,0.0,0.0,0.0,False,margin,0.0,0.0,0.0,0,0,,,[],0.0,0.0,0.0,0.0,0.0,0.0,0.0,100000.0
2026-01-22 16:00:00-05:00,100000.0,100000.0,0.0,0.0,0.0,False,margin,0.0,0.0,0.0,0,0,,,[],0.0,0.0,0.0,0.0,0.0,0.0,0.0,100000.0
2026-01-23 08:30:00-05:00,100000.0,100000.0,0.0,0.0,0.0,False,margin,0.0,0.0,0.0,0,0,,,[],0.0,0.0,0.0,0.0,0.0,0.0,0.0,100000.0
2026-01-23 09:30:00-05:00,100000.0,100000.0,0.0,0.0,0.0,False,margin,0.0,0.0,0.0,0,0,,,[],0.0,0.0,0.0,0.0,0.0,0.0,0.0,100000.0
2026-01-23 09:30:00-05:00,100000.0,100000.0,0.0,0.0,0.0,False,margin,0.0,0.0,0.0,0,0,,,[],0.0,0.0,0.0,0.0,0.0,0.0,0.0,100000.0
2026-01-23 16:00:00-05:00,99877.603515625,149546.8017578125,0.0,0.0,0.0,False,margin,0.0,0.0,0.0,0,0,,,"[{'asset': {'symbol': 'SPY', 'type': 'stock'}, 'quantity': -72.0}]",0.0,0.0,0.0,0.0,0.0,0.0,-0.00122396484375,99877.603515625
2026-01-26 08:30:00-05:00,100000.0,149546.8017578125,0.0,0.0,0.0,False,margin,0.0,0.0,0.0,0,0,,,"[{'asset': {'symbol': 'SPY', 'type': 'stock'}, 'quantity': -72.0}]",0.0,0.0,0.0,0.0,0.0,0.0,0.0012254647695451775,100000.0
2026-01-26 09:30:00-05:00,100000.0,149546.8017578125,0.0,0.0,0.0,False,margin,0.0,0.0,0.0,0,0,,,"[{'asset': {'symbol': 'SPY', 'type': 'stock'}, 'quantity': -72.0}]",0.0,0.0,0.0,0.0,0.0,0.0,0.0,100000.0
2026-01-26 09:30:00-05:00,100000.0,149546.8017578125,0.0,0.0,0.0,False,margin,0.0,0.0,0.0,0,0,,,"[{'asset': {'symbol': 'SPY', 'type': 'stock'}, 'quantity': -72.0}]",0.0,0.0,0.0,0.0,0.0,0.0,0.0,100000.0
2026-01-26 16:00:00-05:00,100000.0,149546.8017578125,0.0,0.0,0.0,False,margin,0.0,0.0,0.0,0,0,,,"[{'asset': {'symbol': 'SPY', 'type': 'stock'}, 'quantity': -72.0}]",0.0,0.0,0.0,0.0,0.0,0.0,0.0,100000.0
2026-01-27 08:30:00-05:00,99831.5224609375,149546.8017578125,0.0,0.0,0.0,False,margin,0.0,0.0,0.0,0,0,,,"[{'asset': {'symbol': 'SPY', 'type': 'stock'}, 'quantity': -72.0}]",0.0,0.0,0.0,0.0,0.0,0.0,-0.001684775390625,99831.5224609375
2026-01-27 09:30:00-05:00,99831.5224609375,149546.8017578125,0.0,0.0,0.0,False,margin,0.0,0.0,0.0,0,0,,,"[{'asset': {'symbol': 'SPY', 'type': 'stock'}, 'quantity': -72.0}]",0.0,0.0,0.0,0.0,0.0,0.0,0.0,99831.5224609375
2026-01-27 09:30:00-05:00,99831.5224609375,149546.8017578125,0.0,0.0,0.0,False,margin,0.0,0.0,0.0,0,0,,,"[{'asset': {'symbol': 'SPY', 'type': 'stock'}, 'quantity': -72.0}]",0.0,0.0,0.0,0.0,0.0,0.0,0.0,99831.5224609375
2026-01-27 16:00:00-05:00,99831.5224609375,149546.8017578125,0.0,0.0,0.0,False,margin,0.0,0.0,0.0,0,0,,,"[{'asset': {'symbol': 'SPY', 'type': 'stock'}, 'quantity': -72.0}]",0.0,0.0,0.0,0.0,0.0,0.0,0.0,99831.5224609375
2026-01-28 08:30:00-05:00,99565.84228515625,149546.8017578125,0.0,0.0,0.0,False,margin,0.0,0.0,0.0,0,0,,,"[{'asset': {'symbol': 'SPY', 'type': 'stock'}, 'quantity': -72.0}]",0.0,0.0,0.0,0.0,0.0,0.0,-0.0026612854260056633,99565.84228515626
2026-01-28 09:30:00-05:00,99565.84228515625,149546.8017578125,0.0,0.0,0.0,False,margin,0.0,0.0,0.0,0,0,,,"[{'asset': {'symbol': 'SPY', 'type': 'stock'}, 'quantity': -72.0}]",0.0,0.0,0.0,0.0,0.0,0.0,0.0,99565.84228515626
2026-01-28 09:30:00-05:00,99565.84228515625,149546.8017578125,0.0,0.0,0.0,False,margin,0.0,0.0,0.0,0,0,,,"[{'asset': {'symbol': 'SPY', 'type': 'stock'}, 'quantity': -72.0}]",0.0,0.0,0.0,0.0,0.0,0.0,0.0,99565.84228515626
2026-01-28 16:00:00-05:00,99565.84228515625,149546.8017578125,0.0,0.0,0.0,False,margin,0.0,0.0,0.0,0,0,,,"[{'asset': {'symbol': 'SPY', 'type': 'stock'}, 'quantity': -72.0}]",0.0,0.0,0.0,0.0,0.0,0.0,0.0,99565.84228515626
2026-01-29 08:30:00-05:00,99359.20263671875,149546.8017578125,0.0,0.0,0.0,False,margin,0.0,0.0,0.0,0,0,,,"[{'asset': {'symbol': 'SPY', 'type': 'stock'}, 'quantity': -72.0}]",0.0,0.0,0.0,0.0,0.0,0.0,-0.002075407024084472,99359.20263671876
2026-01-29 09:30:00-05:00,99359.20263671875,149546.8017578125,0.0,0.0,0.0,False,margin,0.0,0.0,0.0,0,0,,,"[{'asset': {'symbol': 'SPY', 'type': 'stock'}, 'quantity': -72.0}]",0.0,0.0,0.0,0.0,0.0,0.0,0.0,99359.20263671876
2026-01-29 09:30:00-05:00,99359.20263671875,149546.8017578125,0.0,0.0,0.0,False,margin,0.0,0.0,0.0,0,0,,,"[{'asset': {'symbol': 'SPY', 'type': 'stock'}, 'quantity': -72.0}]",0.0,0.0,0.0,0.0,0.0,0.0,0.0,99359.20263671876
2026-01-29 16:00:00-05:00,99359.20263671875,149546.8017578125,0.0,0.0,0.0,False,margin,0.0,0.0,0.0,0,0,,,"[{'asset': {'symbol': 'SPY', 'type': 'stock'}, 'quantity': -72.0}]",0.0,0.0,0.0,0.0,0.0,0.0,0.0,99359.20263671876
2026-01-30 08:30:00-05:00,99406.720703125,149546.8017578125,0.0,0.0,0.0,False,margin,0.0,0.0,0.0,0,0,,,"[{'asset': {'symbol': 'SPY', 'type': 'stock'}, 'quantity': -72.0}]",0.0,0.0,0.0,0.0,0.0,0.0,0.00047824524699526357,99406.72070312501
2026-01-30 09:30:00-05:00,99406.720703125,149546.8017578125,0.0,0.0,0.0,False,margin,0.0,0.0,0.0,0,0,,,"[{'asset': {'symbol': 'SPY', 'type': 'stock'}, 'quantity': -72.0}]",0.0,0.0,0.0,0.0,0.0,0.0,0.0,99406.72070312501
2026-01-30 09:30:00-05:00,99406.720703125,149546.8017578125,0.0,0.0,0.0,False,margin,0.0,0.0,0.0,0,0,,,"[{'asset': {'symbol': 'SPY', 'type': 'stock'}, 'quantity': -72.0}]",0.0,0.0,0.0,0.0,0.0,0.0,0.0,99406.72070312501
2026-01-30 16:00:00-05:00,99406.720703125,149546.8017578125,0.0,0.0,0.0,False,margin,0.0,0.0,0.0,0,0,,,"[{'asset': {'symbol': 'SPY', 'type': 'stock'}, 'quantity': -72.0}]",0.0,0.0,0.0,0.0,0.0,0.0,0.0,99406.72070312501
2026-02-02 08:30:00-05:00,99737.92333984375,149546.8017578125,0.0,0.0,0.0,False,margin,0.0,0.0,0.0,0,0,,,"[{'asset': {'symbol': 'SPY', 'type': 'stock'}, 'quantity': -72.0}]",0.0,0.0,0.0,0.0,0.0,0.0,0.0033317932064963304,99737.92333984376
2026-02-02 09:30:00-05:00,99737.92333984375,149546.8017578125,0.0,0.0,0.0,False,margin,0.0,0.0,0.0,0,0,,,"[{'asset': {'symbol': 'SPY', 'type': 'stock'}, 'quantity': -72.0}]",0.0,0.0,0.0,0.0,0.0,0.0,0.0,99737.92333984376
2026-02-02 09:30:00-05:00,99737.92333984375,149546.8017578125,0.0,0.0,0.0,False,margin,0.0,0.0,0.0,0,0,,,"[{'asset': {'symbol': 'SPY', 'type': 'stock'}, 'quantity': -72.0}]",0.0,0.0,0.0,0.0,0.0,0.0,0.0,99737.92333984376
2026-02-02 16:00:00-05:00,99737.92333984375,149546.8017578125,0.0,0.0,0.0,False,margin,0.0,0.0,0.0,0,0,,,"[{'asset': {'symbol': 'SPY', 'type': 'stock'}, 'quantity': -72.0}]",0.0,0.0,0.0,0.0,0.0,0.0,0.0,99737.92333984376
2026-02-03 08:30:00-05:00,99897.04052734375,149546.8017578125,0.0,0.0,0.0,False,margin,0.0,0.0,0.0,0,0,,,"[{'asset': {'symbol': 'SPY', 'type': 'stock'}, 'quantity': -72.0}]",0.0,0.0,0.0,0.0,0.0,0.0,0.0015953529226574057,99897.04052734375
2026-02-03 09:30:00-05:00,99897.04052734375,149546.8017578125,0.0,0.0,0.0,False,margin,0.0,0.0,0.0,0,0,,,"[{'asset': {'symbol': 'SPY', 'type': 'stock'}, 'quantity': -72.0}]",0.0,0.0,0.0,0.0,0.0,0.0,0.0,99897.04052734375
2026-02-03 09:30:00-05:00,99897.04052734375,149546.8017578125,0.0,0.0,0.0,False,margin,0.0,0.0,0.0,0,0,,,"[{'asset': {'symbol': 'SPY', 'type': 'stock'}, 'quantity': -72.0}]",0.0,0.0,0.0,0.0,0.0,0.0,0.0,99897.04052734375
2026-02-03 16:00:00-05:00,99897.04052734375,149546.8017578125,0.0,0.0,0.0,False,margin,0.0,0.0,0.0,0,0,,,"[{'asset': {'symbol': 'SPY', 'type': 'stock'}, 'quantity': -72.0}]",0.0,0.0,0.0,0.0,0.0,0.0,0.0,99897.04052734375
2026-02-04 08:30:00-05:00,99419.68017578125,149546.8017578125,0.0,0.0,0.0,False,margin,0.0,0.0,0.0,0,0,,,"[{'asset': {'symbol': 'SPY', 'type': 'stock'}, 'quantity': -72.0}]",0.0,0.0,0.0,0.0,0.0,0.0,-0.0047785234581782954,99419.68017578125
2026-02-04 09:30:00-05:00,99419.68017578125,149546.8017578125,0.0,0.0,0.0,False,margin,0.0,0.0,0.0,0,0,,,"[{'asset': {'symbol': 'SPY', 'type': 'stock'}, 'quantity': -72.0}]",0.0,0.0,0.0,0.0,0.0,0.0,0.0,99419.68017578125
2026-02-04 09:30:00-05:00,99419.68017578125,149546.8017578125,0.0,0.0,0.0,False,margin,0.0,0.0,0.0,0,0,,,"[{'asset': {'symbol': 'SPY', 'type': 'stock'}, 'quantity': -72.0}]",0.0,0.0,0.0,0.0,0.0,0.0,0.0,99419.68017578125
2026-02-04 16:00:00-05:00,99419.68017578125,149546.8017578125,0.0,0.0,0.0,False,margin,0.0,0.0,0.0,0,0,,,"[{'asset': {'symbol': 'SPY', 'type': 'stock'}, 'quantity': -72.0}]",0.0,0.0,0.0,0.0,0.0,0.0,0.0,99419.68017578125
2026-02-05 08:30:00-05:00,99841.603515625,149546.8017578125,0.0,0.0,0.0,False,margin,0.0,0.0,0.0,0,0,,,"[{'asset': {'symbol': 'SPY', 'type': 'stock'}, 'quantity': -72.0}]",0.0,0.0,0.0,0.0,0.0,0.0,0.004243861367264095,99841.603515625
2026-02-05 09:30:00-05:00,99841.603515625,149546.8017578125,0.0,0.0,0.0,False,margin,0.0,0.0,0.0,0,0,,,"[{'asset': {'symbol': 'SPY', 'type': 'stock'}, 'quantity': -72.0}]",0.0,0.0,0.0,0.0,0.0,0.0,0.0,99841.603515625
2026-02-05 09:30:00-05:00,99841.603515625,149546.8017578125,0.0,0.0,0.0,False,margin,0.0,0.0,0.0,0,0,,,"[{'asset': {'symbol': 'SPY', 'type': 'stock'}, 'quantity': -72.0}]",0.0,0.0,0.0,0.0,0.0,0.0,0.0,99841.603515625
2026-02-05 16:00:00-05:00,99841.603515625,149546.8017578125,0.0,0.0,0.0,False,margin,0.0,0.0,0.0,0,0,,,"[{'asset': {'symbol': 'SPY', 'type': 'stock'}, 'quantity': -72.0}]",0.0,0.0,0.0,0.0,0.0,0.0,0.0,99841.603515625
2026-02-06 08:30:00-05:00,100519.12158203125,149546.8017578125,0.0,0.0,0.0,False,margin,0.0,0.0,0.0,0,0,,,"[{'asset': {'symbol': 'SPY', 'type': 'stock'}, 'quantity': -72.0}]",0.0,0.0,0.0,0.0,0.0,0.0,0.006785929337565375,100519.12158203125
2026-02-06 09:30:00-05:00,100519.12158203125,149546.8017578125,0.0,0.0,0.0,False,margin,0.0,0.0,0.0,0,0,,,"[{'asset': {'symbol': 'SPY', 'type': 'stock'}, 'quantity': -72.0}]",0.0,0.0,0.0,0.0,0.0,0.0,0.0,100519.12158203125
2026-02-06 09:30:00-05:00,100519.12158203125,149546.8017578125,0.0,0.0,0.0,False,margin,0.0,0.0,0.0,0,0,,,"[{'asset': {'symbol': 'SPY', 'type': 'stock'}, 'quantity': -72.0}]",0.0,0.0,0.0,0.0,0.0,0.0,0.0,100519.12158203125
2026-02-06 16:00:00-05:00,100519.12158203125,149546.8017578125,0.0,0.0,0.0,False,margin,0.0,0.0,0.0,0,0,,,"[{'asset': {'symbol': 'SPY', 'type': 'stock'}, 'quantity': -72.0}]",0.0,0.0,0.0,0.0,0.0,0.0,0.0,100519.12158203125
2026-02-09 08:30:00-05:00,100481.68017578125,149546.8017578125,0.0,0.0,0.0,False,margin,0.0,0.0,0.0,0,0,,,"[{'asset': {'symbol': 'SPY', 'type': 'stock'}, 'quantity': -72.0}]",0.0,0.0,0.0,0.0,0.0,0.0,-0.0003724804361670129,100481.68017578125
2026-02-09 09:30:00-05:00,100481.68017578125,149546.8017578125,0.0,0.0,0.0,False,margin,0.0,0.0,0.0,0,0,,,"[{'asset': {'symbol': 'SPY', 'type': 'stock'}, 'quantity': -72.0}]",0.0,0.0,0.0,0.0,0.0,0.0,0.0,100481.68017578125
2026-02-09 09:30:00-05:00,100481.68017578125,149546.8017578125,0.0,0.0,0.0,False,margin,0.0,0.0,0.0,0,0,,,"[{'asset': {'symbol': 'SPY', 'type': 'stock'}, 'quantity': -72.0}]",0.0,0.0,0.0,0.0,0.0,0.0,0.0,100481.68017578125
2026-02-09 16:00:00-05:00,100481.68017578125,149546.8017578125,0.0,0.0,0.0,False,margin,0.0,0.0,0.0,0,0,,,"[{'asset': {'symbol': 'SPY', 'type': 'stock'}, 'quantity': -72.0}]",0.0,0.0,0.0,0.0,0.0,0.0,0.0,100481.68017578125
2026-02-10 08:30:00-05:00,99908.56298828125,149546.8017578125,0.0,0.0,0.0,False,margin,0.0,0.0,0.0,0,0,,,"[{'asset': {'symbol': 'SPY', 'type': 'stock'}, 'quantity': -72.0}]",0.0,0.0,0.0,0.0,0.0,0.0,-0.005703698291045659,99908.56298828125
2026-02-10 09:30:00-05:00,99908.56298828125,149546.8017578125,0.0,0.0,0.0,False,margin,0.0,0.0,0.0,0,0,,,"[{'asset': {'symbol': 'SPY', 'type': 'stock'}, 'quantity': -72.0}]",0.0,0.0,0.0,0.0,0.0,0.0,0.0,99908.56298828125
2026-02-10 09:30:00-05:00,99908.56298828125,149546.8017578125,0.0,0.0,0.0,False,margin,0.0,0.0,0.0,0,0,,,"[{'asset': {'symbol': 'SPY', 'type': 'stock'}, 'quantity': -72.0}]",0.0,0.0,0.0,0.0,0.0,0.0,0.0,99908.56298828125
2026-02-10 16:00:00-05:00,99908.56298828125,149546.8017578125,0.0,0.0,0.0,False,margin,0.0,0.0,0.0,0,0,,,"[{'asset': {'symbol': 'SPY', 'type': 'stock'}, 'quantity': -72.0}]",0.0,0.0,0.0,0.0,0.0,0.0,0.0,99908.56298828125
2026-02-11 08:30:00-05:00,99510.40087890625,149546.8017578125,0.0,0.0,0.0,False,margin,0.0,0.0,0.0,0,0,,,"[{'asset': {'symbol': 'SPY', 'type': 'stock'}, 'quantity': -72.0}]",0.0,0.0,0.0,0.0,0.0,0.0,-0.003985265101067486,99510.40087890625
2026-02-11 09:30:00-05:00,99510.40087890625,149546.8017578125,0.0,0.0,0.0,False,margin,0.0,0.0,0.0,0,0,,,"[{'asset': {'symbol': 'SPY', 'type': 'stock'}, 'quantity': -72.0}]",0.0,0.0,0.0,0.0,0.0,0.0,0.0,99510.40087890625
2026-02-11 09:30:00-05:00,99510.40087890625,149546.8017578125,0.0,0.0,0.0,False,margin,0.0,0.0,0.0,0,0,,,"[{'asset': {'symbol': 'SPY', 'type': 'stock'}, 'quantity': -72.0}]",0.0,0.0,0.0,0.0,0.0,0.0,0.0,99510.40087890625
2026-02-11 16:00:00-05:00,99510.40087890625,149546.8017578125,0.0,0.0,0.0,False,margin,0.0,0.0,0.0,0,0,,,"[{'asset': {'symbol': 'SPY', 'type': 'stock'}, 'quantity': -72.0}]",0.0,0.0,0.0,0.0,0.0,0.0,0.0,99510.40087890625
2026-02-12 08:30:00-05:00,99406.720703125,149546.8017578125,0.0,0.0,0.0,False,margin,0.0,0.0,0.0,0,0,,,"[{'asset': {'symbol': 'SPY', 'type': 'stock'}, 'quantity': -72.0}]",0.0,0.0,0.0,0.0,0.0,0.0,-0.0010419029052793983,99406.720703125
2026-02-12 09:30:00-05:00,99406.720703125,149546.8017578125,0.0,0.0,0.0,False,margin,0.0,0.0,0.0,0,0,,,"[{'asset': {'symbol': 'SPY', 'type': 'stock'}, 'quantity': -72.0}]",0.0,0.0,0.0,0.0,0.0,0.0,0.0,99406.720703125
2026-02-12 09:30:00-05:00,99406.720703125,149546.8017578125,0.0,0.0,0.0,False,margin,0.0,0.0,0.0,0,0,,,"[{'asset': {'symbol': 'SPY', 'type': 'stock'}, 'quantity': -72.0}]",0.0,0.0,0.0,0.0,0.0,0.0,0.0,99406.720703125
2026-02-12 16:00:00-05:00,99406.720703125,149546.8017578125,0.0,0.0,0.0,False,margin,0.0,0.0,0.0,0,0,,,"[{'asset': {'symbol': 'SPY', 'type': 'stock'}, 'quantity': -72.0}]",0.0,0.0,0.0,0.0,0.0,0.0,0.0,99406.720703125
2026-02-13 08:30:00-05:00,99561.5224609375,149546.8017578125,0.0,0.0,0.0,False,margin,0.0,0.0,0.0,0,0,,,"[{'asset': {'symbol': 'SPY', 'type': 'stock'}, 'quantity': -72.0}]",0.0,0.0,0.0,0.0,0.0,0.0,0.0015572564582912911,99561.5224609375
2026-02-13 09:30:00-05:00,99561.5224609375,149546.8017578125,0.0,0.0,0.0,False,margin,0.0,0.0,0.0,0,0,,,"[{'asset': {'symbol': 'SPY', 'type': 'stock'}, 'quantity': -72.0}]",0.0,0.0,0.0,0.0,0.0,0.0,0.0,99561.5224609375
2026-02-13 09:30:00-05:00,99561.5224609375,149546.8017578125,0.0,0.0,0.0,False,margin,0.0,0.0,0.0,0,0,,,"[{'asset': {'symbol': 'SPY', 'type': 'stock'}, 'quantity': -72.0}]",0.0,0.0,0.0,0.0,0.0,0.0,0.0,99561.5224609375
2026-02-13 16:00:00-05:00,99561.5224609375,149546.8017578125,0.0,0.0,0.0,False,margin,0.0,0.0,0.0,0,0,,,"[{'asset': {'symbol': 'SPY', 'type': 'stock'}, 'quantity': -72.0}]",0.0,0.0,0.0,0.0,0.0,0.0,0.0,99561.5224609375
2026-02-17 08:30:00-05:00,100465.12158203125,149546.8017578125,0.0,0.0,0.0,False,margin,0.0,0.0,0.0,0,0,,,"[{'asset': {'symbol': 'SPY', 'type': 'stock'}, 'quantity': -72.0}]",0.0,0.0,0.0,0.0,0.0,0.0,0.009075786496216678,100465.12158203126
2026-02-17 09:30:00-05:00,100465.12158203125,149546.8017578125,0.0,0.0,0.0,False,margin,0.0,0.0,0.0,0,0,,,"[{'asset': {'symbol': 'SPY', 'type': 'stock'}, 'quantity': -72.0}]",0.0,0.0,0.0,0.0,0.0,0.0,0.0,100465.12158203126
2026-02-17 09:30:00-05:00,100465.12158203125,149546.8017578125,0.0,0.0,0.0,False,margin,0.0,0.0,0.0,0,0,,,"[{'asset': {'symbol': 'SPY', 'type': 'stock'}, 'quantity': -72.0}]",0.0,0.0,0.0,0.0,0.0,0.0,0.0,100465.12158203126
2026-02-17 16:00:00-05:00,100465.12158203125,149546.8017578125,0.0,0.0,0.0,False,margin,0.0,0.0,0.0,0,0,,,"[{'asset': {'symbol': 'SPY', 'type': 'stock'}, 'quantity': -72.0}]",0.0,0.0,0.0,0.0,0.0,0.0,0.0,100465.12158203126
2026-02-18 08:30:00-05:00,100576.720703125,149546.8017578125,0.0,0.0,0.0,False,margin,0.0,0.0,0.0,0,0,,,"[{'asset': {'symbol': 'SPY', 'type': 'stock'}, 'quantity': -72.0}]",0.0,0.0,0.0,0.0,0.0,0.0,0.0011108245263270564,100576.72070312503
2026-02-18 09:30:00-05:00,100576.720703125,149546.8017578125,0.0,0.0,0.0,False,margin,0.0,0.0,0.0,0,0,,,"[{'asset': {'symbol': 'SPY', 'type': 'stock'}, 'quantity': -72.0}]",0.0,0.0,0.0,0.0,0.0,0.0,0.0,100576.72070312503
2026-02-18 09:30:00-05:00,100576.720703125,149546.8017578125,0.0,0.0,0.0,False,margin,0.0,0.0,0.0,0,0,,,"[{'asset': {'symbol': 'SPY', 'type': 'stock'}, 'quantity': -72.0}]",0.0,0.0,0.0,0.0,0.0,0.0,0.0,100576.72070312503
2026-02-18 16:00:00-05:00,100576.720703125,149546.8017578125,0.0,0.0,0.0,False,margin,0.0,0.0,0.0,0,0,,,"[{'asset': {'symbol': 'SPY', 'type': 'stock'}, 'quantity': -72.0}]",0.0,0.0,0.0,0.0,0.0,0.0,0.0,100576.72070312503
2026-02-19 08:30:00-05:00,100297.3603515625,149546.8017578125,0.0,0.0,0.0,False,margin,0.0,0.0,0.0,0,0,,,"[{'asset': {'symbol': 'SPY', 'type': 'stock'}, 'quantity': -72.0}]",0.0,0.0,0.0,0.0,0.0,0.0,-0.0027775846101315573,100297.36035156251
2026-02-19 09:30:00-05:00,100297.3603515625,149546.8017578125,0.0,0.0,0.0,False,margin,0.0,0.0,0.0,0,0,,,"[{'asset': {'symbol': 'SPY', 'type': 'stock'}, 'quantity': -72.0}]",0.0,0.0,0.0,0.0,0.0,0.0,0.0,100297.36035156251
2026-02-19 09:30:00-05:00,100297.3603515625,149546.8017578125,0.0,0.0,0.0,False,margin,0.0,0.0,0.0,0,0,,,"[{'asset': {'symbol': 'SPY', 'type': 'stock'}, 'quantity': -72.0}]",0.0,0.0,0.0,0.0,0.0,0.0,0.0,100297.36035156251
2026-02-19 16:00:00-05:00,100297.3603515625,149546.8017578125,0.0,0.0,0.0,False,margin,0.0,0.0,0.0,0,0,,,"[{'asset': {'symbol': 'SPY', 'type': 'stock'}, 'quantity': -72.0}]",0.0,0.0,0.0,0.0,0.0,0.0,0.0,100297.36035156251
2026-02-20 08:30:00-05:00,100310.31982421875,149546.8017578125,0.0,0.0,0.0,False,margin,0.0,0.0,0.0,0,0,,,"[{'asset': {'symbol': 'SPY', 'type': 'stock'}, 'quantity': -72.0}]",0.0,0.0,0.0,0.0,0.0,0.0,0.000129210505748351,100310.31982421876
2026-02-20 09:30:00-05:00,100310.31982421875,149546.8017578125,0.0,0.0,0.0,False,margin,0.0,0.0,0.0,0,0,,,"[{'asset': {'symbol': 'SPY', 'type': 'stock'}, 'quantity': -72.0}]",0.0,0.0,0.0,0.0,0.0,0.0,0.0,100310.31982421876
2026-02-20 09:30:00-05:00,100310.31982421875,149546.8017578125,0.0,0.0,0.0,False,margin,0.0,0.0,0.0,0,0,,,"[{'asset': {'symbol': 'SPY', 'type': 'stock'}, 'quantity': -72.0}]",0.0,0.0,0.0,0.0,0.0,0.0,0.0,100310.31982421876
2026-02-20 16:00:00-05:00,100310.31982421875,149546.8017578125,0.0,0.0,0.0,False,margin,0.0,0.0,0.0,0,0,,,"[{'asset': {'symbol': 'SPY', 'type': 'stock'}, 'quantity': -72.0}]",0.0,0.0,0.0,0.0,0.0,0.0,0.0,100310.31982421876
2026-02-23 08:30:00-05:00,100419.76123046875,149546.8017578125,0.0,0.0,0.0,False,margin,0.0,0.0,0.0,0,0,,,"[{'asset': {'symbol': 'SPY', 'type': 'stock'}, 'quantity': -72.0}]",0.0,0.0,0.0,0.0,0.0,0.0,0.0010910283851330784,100419.76123046876
2026-02-23 09:30:00-05:00,100419.76123046875,149546.8017578125,0.0,0.0,0.0,False,margin,0.0,0.0,0.0,0,0,,,"[{'asset': {'symbol': 'SPY', 'type': 'stock'}, 'quantity': -72.0}]",0.0,0.0,0.0,0.0,0.0,0.0,0.0,100419.76123046876
2026-02-23 09:30:00-05:00,100419.76123046875,149546.8017578125,0.0,0.0,0.0,False,margin,0.0,0.0,0.0,0,0,,,"[{'asset': {'symbol': 'SPY', 'type': 'stock'}, 'quantity': -72.0}]",0.0,0.0,0.0,0.0,0.0,0.0,0.0,100419.76123046876
2026-02-23 16:00:00-05:00,100419.76123046875,149546.8017578125,0.0,0.0,0.0,False,margin,0.0,0.0,0.0,0,0,,,"[{'asset': {'symbol': 'SPY', 'type': 'stock'}, 'quantity': -72.0}]",0.0,0.0,0.0,0.0,0.0,0.0,0.0,100419.76123046876
2026-02-24 08:30:00-05:00,100023.04052734375,149546.8017578125,0.0,0.0,0.0,False,margin,0.0,0.0,0.0,0,0,,,"[{'asset': {'symbol': 'SPY', 'type': 'stock'}, 'quantity': -72.0}]",0.0,0.0,0.0,0.0,0.0,0.0,-0.00395062384399127,100023.04052734376
2026-02-24 09:30:00-05:00,100023.04052734375,149546.8017578125,0.0,0.0,0.0,False,margin,0.0,0.0,0.0,0,0,,,"[{'asset': {'symbol': 'SPY', 'type': 'stock'}, 'quantity': -72.0}]",0.0,0.0,0.0,0.0,0.0,0.0,0.0,100023.04052734376
2026-02-24 09:30:00-05:00,100023.04052734375,149546.8017578125,0.0,0.0,0.0,False,margin,0.0,0.0,0.0,0,0,,,"[{'asset': {'symbol': 'SPY', 'type': 'stock'}, 'quantity': -72.0}]",0.0,0.0,0.0,0.0,0.0,0.0,0.0,100023.04052734376
2026-02-24 16:00:00-05:00,100023.04052734375,149546.8017578125,0.0,0.0,0.0,False,margin,0.0,0.0,0.0,0,0,,,"[{'asset': {'symbol': 'SPY', 'type': 'stock'}, 'quantity': -72.0}]",0.0,0.0,0.0,0.0,0.0,0.0,0.0,100023.04052734376
2026-02-25 08:30:00-05:00,100450.0,149546.8017578125,0.0,0.0,0.0,False,margin,0.0,0.0,0.0,0,0,,,"[{'asset': {'symbol': 'SPY', 'type': 'stock'}, 'quantity': -72.0}]",0.0,0.0,0.0,0.0,0.0,0.0,0.0042686112160280724,100450.00000000001
2026-02-25 09:30:00-05:00,100450.0,149546.8017578125,0.0,0.0,0.0,False,margin,0.0,0.0,0.0,0,0,,,"[{'asset': {'symbol': 'SPY', 'type': 'stock'}, 'quantity': -72.0}]",0.0,0.0,0.0,0.0,0.0,0.0,0.0,100450.00000000001
2026-02-25 09:30:00-05:00,100450.0,149546.8017578125,0.0,0.0,0.0,False,margin,0.0,0.0,0.0,0,0,,,"[{'asset': {'symbol': 'SPY', 'type': 'stock'}, 'quantity': -72.0}]",0.0,0.0,0.0,0.0,0.0,0.0,0.0,100450.00000000001
2026-02-25 16:00:00-05:00,100450.0,149546.8017578125,0.0,0.0,0.0,False,margin,0.0,0.0,0.0,0,0,,,"[{'asset': {'symbol': 'SPY', 'type': 'stock'}, 'quantity': -72.0}]",0.0,0.0,0.0,0.0,0.0,0.0,0.0,100450.00000000001
2026-02-26 08:30:00-05:00,99853.84228515625,149546.8017578125,0.0,0.0,0.0,False,margin,0.0,0.0,0.0,0,0,,,"[{'asset': {'symbol': 'SPY', 'type': 'stock'}, 'quantity': -72.0}]",0.0,0.0,0.0,0.0,0.0,0.0,-0.005934870232391737,99853.84228515626
2026-02-26 09:30:00-05:00,99853.84228515625,149546.8017578125,0.0,0.0,0.0,False,margin,0.0,0.0,0.0,0,0,,,"[{'asset': {'symbol': 'SPY', 'type': 'stock'}, 'quantity': -72.0}]",0.0,0.0,0.0,0.0,0.0,0.0,0.0,99853.84228515626
2026-02-26 09:30:00-05:00,99853.84228515625,149546.8017578125,0.0,0.0,0.0,False,margin,0.0,0.0,0.0,0,0,,,"[{'asset': {'symbol': 'SPY', 'type': 'stock'}, 'quantity': -72.0}]",0.0,0.0,0.0,0.0,0.0,0.0,0.0,99853.84228515626
2026-02-26 16:00:00-05:00,99853.84228515625,149546.8017578125,0.0,0.0,0.0,False,margin,0.0,0.0,0.0,0,0,,,"[{'asset': {'symbol': 'SPY', 'type': 'stock'}, 'quantity': -72.0}]",0.0,0.0,0.0,0.0,0.0,0.0,0.0,99853.84228515626
2026-02-27 08:30:00-05:00,99630.6396484375,149546.8017578125,0.0,0.0,0.0,False,margin,0.0,0.0,0.0,0,0,,,"[{'asset': {'symbol': 'SPY', 'type': 'stock'}, 'quantity': -72.0}]",0.0,0.0,0.0,0.0,0.0,0.0,-0.002235293420971645,99630.63964843753
2026-02-27 09:30:00-05:00,99630.6396484375,149546.8017578125,0.0,0.0,0.0,False,margin,0.0,0.0,0.0,0,0,,,"[{'asset': {'symbol': 'SPY', 'type': 'stock'}, 'quantity': -72.0}]",0.0,0.0,0.0,0.0,0.0,0.0,0.0,99630.63964843753
2026-02-27 09:30:00-05:00,99630.6396484375,149546.8017578125,0.0,0.0,0.0,False,margin,0.0,0.0,0.0,0,0,,,"[{'asset': {'symbol': 'SPY', 'type': 'stock'}, 'quantity': -72.0}]",0.0,0.0,0.0,0.0,0.0,0.0,0.0,99630.63964843753
2026-02-27 16:00:00-05:00,99630.6396484375,149546.8017578125,0.0,0.0,0.0,False,margin,0.0,0.0,0.0,0,0,,,"[{'asset': {'symbol': 'SPY', 'type': 'stock'}, 'quantity': -72.0}]",0.0,0.0,0.0,0.0,0.0,0.0,0.0,99630.63964843753
2026-03-02 08:30:00-05:00,100364.31982421875,149546.8017578125,0.0,0.0,0.0,False,margin,0.0,0.0,0.0,0,0,,,"[{'asset': {'symbol': 'SPY', 'type': 'stock'}, 'quantity': -72.0}]",0.0,0.0,0.0,0.0,0.0,0.0,0.007364001459492349,100364.31982421878
2026-03-02 09:30:00-05:00,100364.31982421875,149546.8017578125,0.0,0.0,0.0,False,margin,0.0,0.0,0.0,0,0,,,"[{'asset': {'symbol': 'SPY', 'type': 'stock'}, 'quantity': -72.0}]",0.0,0.0,0.0,0.0,0.0,0.0,0.0,100364.31982421878
2026-03-02 09:30:00-05:00,100364.31982421875,149546.8017578125,0.0,0.0,0.0,False,margin,0.0,0.0,0.0,0,0,,,"[{'asset': {'symbol': 'SPY', 'type': 'stock'}, 'quantity': -72.0}]",0.0,0.0,0.0,0.0,0.0,0.0,0.0,100364.31982421878
2026-03-02 16:00:00-05:00,100364.31982421875,149546.8017578125,0.0,0.0,0.0,False,margin,0.0,0.0,0.0,0,0,,,"[{'asset': {'symbol': 'SPY', 'type': 'stock'}, 'quantity': -72.0}]",0.0,0.0,0.0,0.0,0.0,0.0,0.0,100364.31982421878
2026-03-03 08:30:00-05:00,100680.40087890625,149546.8017578125,0.0,0.0,0.0,False,margin,0.0,0.0,0.0,0,0,,,"[{'asset': {'symbol': 'SPY', 'type': 'stock'}, 'quantity': -72.0}]",0.0,0.0,0.0,0.0,0.0,0.0,0.0031493368882596364,100680.40087890628
2026-03-03 09:30:00-05:00,100680.40087890625,149546.8017578125,0.0,0.0,0.0,False,margin,0.0,0.0,0.0,0,0,,,"[{'asset': {'symbol': 'SPY', 'type': 'stock'}, 'quantity': -72.0}]",0.0,0.0,0.0,0.0,0.0,0.0,0.0,100680.40087890628
2026-03-03 09:30:00-05:00,100680.40087890625,149546.8017578125,0.0,0.0,0.0,False,margin,0.0,0.0,0.0,0,0,,,"[{'asset': {'symbol': 'SPY', 'type': 'stock'}, 'quantity': -72.0}]",0.0,0.0,0.0,0.0,0.0,0.0,0.0,100680.40087890628
2026-03-03 16:00:00-05:00,100680.40087890625,149546.8017578125,0.0,0.0,0.0,False,margin,0.0,0.0,0.0,0,0,,,"[{'asset': {'symbol': 'SPY', 'type': 'stock'}, 'quantity': -72.0}]",0.0,0.0,0.0,0.0,0.0,0.0,0.0,100680.40087890628
2026-03-04 08:30:00-05:00,100942.48193359375,149546.8017578125,0.0,0.0,0.0,False,margin,0.0,0.0,0.0,0,0,,,"[{'asset': {'symbol': 'SPY', 'type': 'stock'}, 'quantity': -72.0}]",0.0,0.0,0.0,0.0,0.0,0.0,0.0026030990381406905,100942.48193359378
2026-03-04 09:30:00-05:00,100942.48193359375,149546.8017578125,0.0,0.0,0.0,False,margin,0.0,0.0,0.0,0,0,,,"[{'asset': {'symbol': 'SPY', 'type': 'stock'}, 'quantity': -72.0}]",0.0,0.0,0.0,0.0,0.0,0.0,0.0,100942.48193359378
2026-03-04 09:30:00-05:00,100942.48193359375,149546.8017578125,0.0,0.0,0.0,False,margin,0.0,0.0,0.0,0,0,,,"[{'asset': {'symbol': 'SPY', 'type': 'stock'}, 'quantity': -72.0}]",0.0,0.0,0.0,0.0,0.0,0.0,0.0,100942.48193359378
2026-03-04 16:00:00-05:00,100942.48193359375,149546.8017578125,0.0,0.0,0.0,False,margin,0.0,0.0,0.0,0,0,,,"[{'asset': {'symbol': 'SPY', 'type': 'stock'}, 'quantity': -72.0}]",0.0,0.0,0.0,0.0,0.0,0.0,0.0,100942.48193359378
2026-03-05 08:30:00-05:00,100469.44140625,149546.8017578125,0.0,0.0,0.0,False,margin,0.0,0.0,0.0,0,0,,,"[{'asset': {'symbol': 'SPY', 'type': 'stock'}, 'quantity': -72.0}]",0.0,0.0,0.0,0.0,0.0,0.0,-0.004686238323869879,100469.44140625004
2026-03-05 09:30:00-05:00,100469.44140625,149546.8017578125,0.0,0.0,0.0,False,margin,0.0,0.0,0.0,0,0,,,"[{'asset': {'symbol': 'SPY', 'type': 'stock'}, 'quantity': -72.0}]",0.0,0.0,0.0,0.0,0.0,0.0,0.0,100469.44140625004
2026-03-05 09:30:00-05:00,100469.44140625,149546.8017578125,0.0,0.0,0.0,False,margin,0.0,0.0,0.0,0,0,,,"[{'asset': {'symbol': 'SPY', 'type': 'stock'}, 'quantity': -72.0}]",0.0,0.0,0.0,0.0,0.0,0.0,0.0,100469.44140625004
2026-03-05 16:00:00-05:00,100469.44140625,149546.8017578125,0.0,0.0,0.0,False,margin,0.0,0.0,0.0,0,0,,,"[{'asset': {'symbol': 'SPY', 'type': 'stock'}, 'quantity': -72.0}]",0.0,0.0,0.0,0.0,0.0,0.0,0.0,100469.44140625004
2026-03-06 08:30:00-05:00,100437.04052734375,149546.8017578125,0.0,0.0,0.0,False,margin,0.0,0.0,0.0,0,0,,,"[{'asset': {'symbol': 'SPY', 'type': 'stock'}, 'quantity': -72.0}]",0.0,0.0,0.0,0.0,0.0,0.0,-0.000322494864634874,100437.0405273438
2026-03-06 09:30:00-05:00,100437.04052734375,149546.8017578125,0.0,0.0,0.0,False,margin,0.0,0.0,0.0,0,0,,,"[{'asset': {'symbol': 'SPY', 'type': 'stock'}, 'quantity': -72.0}]",0.0,0.0,0.0,0.0,0.0,0.0,0.0,100437.0405273438
2026-03-06 09:30:00-05:00,100437.04052734375,149546.8017578125,0.0,0.0,0.0,False,margin,0.0,0.0,0.0,0,0,,,"[{'asset': {'symbol': 'SPY', 'type': 'stock'}, 'quantity': -72.0}]",0.0,0.0,0.0,0.0,0.0,0.0,0.0,100437.0405273438
2026-03-06 16:00:00-05:00,100437.04052734375,149546.8017578125,0.0,0.0,0.0,False,margin,0.0,0.0,0.0,0,0,,,"[{'asset': {'symbol': 'SPY', 'type': 'stock'}, 'quantity': -72.0}]",0.0,0.0,0.0,0.0,0.0,0.0,0.0,100437.0405273438
2026-03-09 08:30:00-04:00,101061.28369140625,149546.8017578125,0.0,0.0,0.0,False,margin,0.0,0.0,0.0,0,0,,,"[{'asset': {'symbol': 'SPY', 'type': 'stock'}, 'quantity': -72.0}]",0.0,0.0,0.0,0.0,0.0,0.0,0.006215268398838885,101061.28369140628
2026-03-09 09:30:00-04:00,101061.28369140625,149546.8017578125,0.0,0.0,0.0,False,margin,0.0,0.0,0.0,0,0,,,"[{'asset': {'symbol': 'SPY', 'type': 'stock'}, 'quantity': -72.0}]",0.0,0.0,0.0,0.0,0.0,0.0,0.0,101061.28369140628
2026-03-09 09:30:00-04:00,101061.28369140625,149546.8017578125,0.0,0.0,0.0,False,margin,0.0,0.0,0.0,0,0,,,"[{'asset': {'symbol': 'SPY', 'type': 'stock'}, 'quantity': -72.0}]",0.0,0.0,0.0,0.0,0.0,0.0,0.0,101061.28369140628
2026-03-09 16:00:00-04:00,101061.28369140625,149546.8017578125,0.0,0.0,0.0,False,margin,0.0,0.0,0.0,0,0,,,"[{'asset': {'symbol': 'SPY', 'type': 'stock'}, 'quantity': -72.0}]",0.0,0.0,0.0,0.0,0.0,0.0,0.0,101061.28369140628
2026-03-10 08:30:00-04:00,101566.720703125,149546.8017578125,0.0,0.0,0.0,False,margin,0.0,0.0,0.0,0,0,,,"[{'asset': {'symbol': 'SPY', 'type': 'stock'}, 'quantity': -72.0}]",0.0,0.0,0.0,0.0,0.0,0.0,0.005001292218512853,101566.72070312503
2026-03-10 09:30:00-04:00,101566.720703125,149546.8017578125,0.0,0.0,0.0,False,margin,0.0,0.0,0.0,0,0,,,"[{'asset': {'symbol': 'SPY', 'type': 'stock'}, 'quantity': -72.0}]",0.0,0.0,0.0,0.0,0.0,0.0,0.0,101566.72070312503
2026-03-10 09:30:00-04:00,101566.720703125,149546.8017578125,0.0,0.0,0.0,False,margin,0.0,0.0,0.0,0,0,,,"[{'asset': {'symbol': 'SPY', 'type': 'stock'}, 'quantity': -72.0}]",0.0,0.0,0.0,0.0,0.0,0.0,0.0,101566.72070312503
2026-03-10 16:00:00-04:00,101566.720703125,149546.8017578125,0.0,0.0,0.0,False,margin,0.0,0.0,0.0,0,0,,,"[{'asset': {'symbol': 'SPY', 'type': 'stock'}, 'quantity': -72.0}]",0.0,0.0,0.0,0.0,0.0,0.0,0.0,101566.72070312503
2026-03-11 08:30:00-04:00,100750.9638671875,149546.8017578125,0.0,0.0,0.0,False,margin,0.0,0.0,0.0,0,0,,,"[{'asset': {'symbol': 'SPY', 'type': 'stock'}, 'quantity': -72.0}]",0.0,0.0,0.0,0.0,0.0,0.0,-0.00803173352738168,100750.96386718754
2026-03-11 09:30:00-04:00,100750.9638671875,149546.8017578125,0.0,0.0,0.0,False,margin,0.0,0.0,0.0,0,0,,,"[{'asset': {'symbol': 'SPY', 'type': 'stock'}, 'quantity': -72.0}]",0.0,0.0,0.0,0.0,0.0,0.0,0.0,100750.96386718754
2026-03-11 09:30:00-04:00,100750.9638671875,149546.8017578125,0.0,0.0,0.0,False,margin,0.0,0.0,0.0,0,0,,,"[{'asset': {'symbol': 'SPY', 'type': 'stock'}, 'quantity': -72.0}]",0.0,0.0,0.0,0.0,0.0,0.0,0.0,100750.96386718754
2026-03-11 16:00:00-04:00,100750.9638671875,149546.8017578125,0.0,0.0,0.0,False,margin,0.0,0.0,0.0,0,0,,,"[{'asset': {'symbol': 'SPY', 'type': 'stock'}, 'quantity': -72.0}]",0.0,0.0,0.0,0.0,0.0,0.0,0.0,100750.96386718754
2026-03-12 08:30:00-04:00,100761.04052734375,149546.8017578125,0.0,0.0,0.0,False,margin,0.0,0.0,0.0,0,0,,,"[{'asset': {'symbol': 'SPY', 'type': 'stock'}, 'quantity': -72.0}]",0.0,0.0,0.0,0.0,0.0,0.0,0.0001000155211371805,100761.04052734381
2026-03-12 09:30:00-04:00,100761.04052734375,149546.8017578125,0.0,0.0,0.0,False,margin,0.0,0.0,0.0,0,0,,,"[{'asset': {'symbol': 'SPY', 'type': 'stock'}, 'quantity': -72.0}]",0.0,0.0,0.0,0.0,0.0,0.0,0.0,100761.04052734381
2026-03-12 09:30:00-04:00,100761.04052734375,149546.8017578125,0.0,0.0,0.0,False,margin,0.0,0.0,0.0,0,0,,,"[{'asset': {'symbol': 'SPY', 'type': 'stock'}, 'quantity': -72.0}]",0.0,0.0,0.0,0.0,0.0,0.0,0.0,100761.04052734381
2026-03-12 16:00:00-04:00,100761.04052734375,149546.8017578125,0.0,0.0,0.0,False,margin,0.0,0.0,0.0,0,0,,,"[{'asset': {'symbol': 'SPY', 'type': 'stock'}, 'quantity': -72.0}]",0.0,0.0,0.0,0.0,0.0,0.0,0.0,100761.04052734381
2026-03-13 08:30:00-04:00,101223.28369140625,149546.8017578125,0.0,0.0,0.0,False,margin,0.0,0.0,0.0,0,0,,,"[{'asset': {'symbol': 'SPY', 'type': 'stock'}, 'quantity': -72.0}]",0.0,0.0,0.0,0.0,0.0,0.0,0.004587518763634245,101223.2836914063
2026-03-13 09:30:00-04:00,101223.28369140625,149546.8017578125,0.0,0.0,0.0,False,margin,0.0,0.0,0.0,0,0,,,"[{'asset': {'symbol': 'SPY', 'type': 'stock'}, 'quantity': -72.0}]",0.0,0.0,0.0,0.0,0.0,0.0,0.0,101223.2836914063
2026-03-13 09:30:00-04:00,101223.28369140625,149546.8017578125,0.0,0.0,0.0,False,margin,0.0,0.0,0.0,0,0,,,"[{'asset': {'symbol': 'SPY', 'type': 'stock'}, 'quantity': -72.0}]",0.0,0.0,0.0,0.0,0.0,0.0,0.0,101223.2836914063
2026-03-13 16:00:00-04:00,101223.28369140625,149546.8017578125,0.0,0.0,0.0,False,margin,0.0,0.0,0.0,0,0,,,"[{'asset': {'symbol': 'SPY', 'type': 'stock'}, 'quantity': -72.0}]",0.0,0.0,0.0,0.0,0.0,0.0,0.0,101223.2836914063
2026-03-16 08:30:00-04:00,101359.3603515625,149546.8017578125,0.0,0.0,0.0,False,margin,0.0,0.0,0.0,0,0,,,"[{'asset': {'symbol': 'SPY', 'type': 'stock'}, 'quantity': -72.0}]",0.0,0.0,0.0,0.0,0.0,0.0,0.0013443217330421653,101359.36035156254
2026-03-16 09:30:00-04:00,101359.3603515625,149546.8017578125,0.0,0.0,0.0,False,margin,0.0,0.0,0.0,0,0,,,"[{'asset': {'symbol': 'SPY', 'type': 'stock'}, 'quantity': -72.0}]",0.0,0.0,0.0,0.0,0.0,0.0,0.0,101359.36035156254
2026-03-16 09:30:00-04:00,101359.3603515625,149546.8017578125,0.0,0.0,0.0,False,margin,0.0,0.0,0.0,0,0,,,"[{'asset': {'symbol': 'SPY', 'type': 'stock'}, 'quantity': -72.0}]",0.0,0.0,0.0,0.0,0.0,0.0,0.0,101359.36035156254
2026-03-16 16:00:00-04:00,101359.3603515625,149546.8017578125,0.0,0.0,0.0,False,margin,0.0,0.0,0.0,0,0,,,"[{'asset': {'symbol': 'SPY', 'type': 'stock'}, 'quantity': -72.0}]",0.0,0.0,0.0,0.0,0.0,0.0,0.0,101359.36035156254
2026-03-17 08:30:00-04:00,101423.44140625,149546.8017578125,0.0,0.0,0.0,False,margin,0.0,0.0,0.0,0,0,,,"[{'asset': {'symbol': 'SPY', 'type': 'stock'}, 'quantity': -72.0}]",0.0,0.0,0.0,0.0,0.0,0.0,0.0006322164471563002,101423.44140625006
2026-03-17 09:30:00-04:00,101423.44140625,149546.8017578125,0.0,0.0,0.0,False,margin,0.0,0.0,0.0,0,0,,,"[{'asset': {'symbol': 'SPY', 'type': 'stock'}, 'quantity': -72.0}]",0.0,0.0,0.0,0.0,0.0,0.0,0.0,101423.44140625006
2026-03-17 09:30:00-04:00,101423.44140625,149546.8017578125,0.0,0.0,0.0,False,margin,0.0,0.0,0.0,0,0,,,"[{'asset': {'symbol': 'SPY', 'type': 'stock'}, 'quantity': -72.0}]",0.0,0.0,0.0,0.0,0.0,0.0,0.0,101423.44140625006
2026-03-17 16:00:00-04:00,101423.44140625,149546.8017578125,0.0,0.0,0.0,False,margin,0.0,0.0,0.0,0,0,,,"[{'asset': {'symbol': 'SPY', 'type': 'stock'}, 'quantity': -72.0}]",0.0,0.0,0.0,0.0,0.0,0.0,0.0,101423.44140625006
2026-03-18 08:30:00-04:00,101134.720703125,149546.8017578125,0.0,0.0,0.0,False,margin,0.0,0.0,0.0,0,0,,,"[{'asset': {'symbol': 'SPY', 'type': 'stock'}, 'quantity': -72.0}]",0.0,0.0,0.0,0.0,0.0,0.0,-0.002846686122279501,101134.72070312506
2026-03-18 09:30:00-04:00,101134.720703125,149546.8017578125,0.0,0.0,0.0,False,margin,0.0,0.0,0.0,0,0,,,"[{'asset': {'symbol': 'SPY', 'type': 'stock'}, 'quantity': -72.0}]",0.0,0.0,0.0,0.0,0.0,0.0,0.0,101134.72070312506
2026-03-18 09:30:00-04:00,101134.720703125,149546.8017578125,0.0,0.0,0.0,False,margin,0.0,0.0,0.0,0,0,,,"[{'asset': {'symbol': 'SPY', 'type': 'stock'}, 'quantity': -72.0}]",0.0,0.0,0.0,0.0,0.0,0.0,0.0,101134.72070312506
2026-03-18 16:00:00-04:00,101134.720703125,149546.8017578125,0.0,0.0,0.0,False,margin,0.0,0.0,0.0,0,0,,,"[{'asset': {'symbol': 'SPY', 'type': 'stock'}, 'quantity': -72.0}]",0.0,0.0,0.0,0.0,0.0,0.0,0.0,101134.72070312506
2026-03-19 08:30:00-04:00,101424.8828125,149546.8017578125,0.0,0.0,0.0,False,margin,0.0,0.0,0.0,0,0,,,"[{'asset': {'symbol': 'SPY', 'type': 'stock'}, 'quantity': -72.0}]",0.0,0.0,0.0,0.0,0.0,0.0,0.0028690652167493867,101424.88281250006
2026-03-19 09:30:00-04:00,101424.8828125,149546.8017578125,0.0,0.0,0.0,False,margin,0.0,0.0,0.0,0,0,,,"[{'asset': {'symbol': 'SPY', 'type': 'stock'}, 'quantity': -72.0}]",0.0,0.0,0.0,0.0,0.0,0.0,0.0,101424.88281250006
2026-03-19 09:30:00-04:00,101424.8828125,149546.8017578125,0.0,0.0,0.0,False,margin,0.0,0.0,0.0,0,0,,,"[{'asset': {'symbol': 'SPY', 'type': 'stock'}, 'quantity': -72.0}]",0.0,0.0,0.0,0.0,0.0,0.0,0.0,101424.88281250006
2026-03-19 16:00:00-04:00,101424.8828125,149546.8017578125,0.0,0.0,0.0,False,margin,0.0,0.0,0.0,0,0,,,"[{'asset': {'symbol': 'SPY', 'type': 'stock'}, 'quantity': -72.0}]",0.0,0.0,0.0,0.0,0.0,0.0,0.0,101424.88281250006
2026-03-20 08:30:00-04:00,102244.9638671875,149546.8017578125,0.0,0.0,0.0,False,margin,0.0,0.0,0.0,0,0,,,"[{'asset': {'symbol': 'SPY', 'type': 'stock'}, 'quantity': -72.0}]",0.0,0.0,0.0,0.0,0.0,0.0,0.008085600219066066,102244.96386718757
2026-03-20 09:30:00-04:00,102244.9638671875,149546.8017578125,0.0,0.0,0.0,False,margin,0.0,0.0,0.0,0,0,,,"[{'asset': {'symbol': 'SPY', 'type': 'stock'}, 'quantity': -72.0}]",0.0,0.0,0.0,0.0,0.0,0.0,0.0,102244.96386718757
2026-03-20 09:30:00-04:00,102244.9638671875,149546.8017578125,0.0,0.0,0.0,False,margin,0.0,0.0,0.0,0,0,,,"[{'asset': {'symbol': 'SPY', 'type': 'stock'}, 'quantity': -72.0}]",0.0,0.0,0.0,0.0,0.0,0.0,0.0,102244.96386718757
2026-03-20 16:00:00-04:00,102244.9638671875,149546.8017578125,0.0,0.0,0.0,False,margin,0.0,0.0,0.0,0,0,,,"[{'asset': {'symbol': 'SPY', 'type': 'stock'}, 'quantity': -72.0}]",0.0,0.0,0.0,0.0,0.0,0.0,0.0,102244.96386718757
2026-03-23 08:30:00-04:00,102278.0810546875,149546.8017578125,0.0,0.0,0.0,False,margin,0.0,0.0,0.0,0,0,,,"[{'asset': {'symbol': 'SPY', 'type': 'stock'}, 'quantity': -72.0}]",0.0,0.0,0.0,0.0,0.0,0.0,0.0003239004274383433,102278.08105468756
2026-03-23 09:30:00-04:00,102278.0810546875,149546.8017578125,0.0,0.0,0.0,False,margin,0.0,0.0,0.0,0,0,,,"[{'asset': {'symbol': 'SPY', 'type': 'stock'}, 'quantity': -72.0}]",0.0,0.0,0.0,0.0,0.0,0.0,0.0,102278.08105468756
2026-03-23 09:30:00-04:00,102278.0810546875,149546.8017578125,0.0,0.0,0.0,False,margin,0.0,0.0,0.0,0,0,,,"[{'asset': {'symbol': 'SPY', 'type': 'stock'}, 'quantity': -72.0}]",0.0,0.0,0.0,0.0,0.0,0.0,0.0,102278.08105468756
2026-03-23 16:00:00-04:00,102278.0810546875,149546.8017578125,0.0,0.0,0.0,False,margin,0.0,0.0,0.0,0,0,,,"[{'asset': {'symbol': 'SPY', 'type': 'stock'}, 'quantity': -72.0}]",0.0,0.0,0.0,0.0,0.0,0.0,0.0,102278.08105468756
2026-03-24 08:30:00-04:00,102165.76123046875,149546.8017578125,0.0,0.0,0.0,False,margin,0.0,0.0,0.0,0,0,,,"[{'asset': {'symbol': 'SPY', 'type': 'stock'}, 'quantity': -72.0}]",0.0,0.0,0.0,0.0,0.0,0.0,-0.0010981807935826762,102165.76123046881
2026-03-24 09:30:00-04:00,102165.76123046875,149546.8017578125,0.0,0.0,0.0,False,margin,0.0,0.0,0.0,0,0,,,"[{'asset': {'symbol': 'SPY', 'type': 'stock'}, 'quantity': -72.0}]",0.0,0.0,0.0,0.0,0.0,0.0,0.0,102165.76123046881
2026-03-24 09:30:00-04:00,102165.76123046875,149546.8017578125,0.0,0.0,0.0,False,margin,0.0,0.0,0.0,0,0,,,"[{'asset': {'symbol': 'SPY', 'type': 'stock'}, 'quantity': -72.0}]",0.0,0.0,0.0,0.0,0.0,0.0,0.0,102165.76123046881
2026-03-24 16:00:00-04:00,102165.76123046875,149546.8017578125,0.0,0.0,0.0,False,margin,0.0,0.0,0.0,0,0,,,"[{'asset': {'symbol': 'SPY', 'type': 'stock'}, 'quantity': -72.0}]",0.0,0.0,0.0,0.0,0.0,0.0,0.0,102165.76123046881
2026-03-25 08:30:00-04:00,102651.76123046875,149546.8017578125,0.0,0.0,0.0,False,margin,0.0,0.0,0.0,0,0,,,"[{'asset': {'symbol': 'SPY', 'type': 'stock'}, 'quantity': -72.0}]",0.0,0.0,0.0,0.0,0.0,0.0,0.0047569752737775415,102651.7612304688
2026-03-25 09:30:00-04:00,102651.76123046875,149546.8017578125,0.0,0.0,0.0,False,margin,0.0,0.0,0.0,0,0,,,"[{'asset': {'symbol': 'SPY', 'type': 'stock'}, 'quantity': -72.0}]",0.0,0.0,0.0,0.0,0.0,0.0,0.0,102651.7612304688
2026-03-25 09:30:00-04:00,102651.76123046875,149546.8017578125,0.0,0.0,0.0,False,margin,0.0,0.0,0.0,0,0,,,"[{'asset': {'symbol': 'SPY', 'type': 'stock'}, 'quantity': -72.0}]",0.0,0.0,0.0,0.0,0.0,0.0,0.0,102651.7612304688
2026-03-25 16:00:00-04:00,102651.76123046875,149546.8017578125,0.0,0.0,0.0,False,margin,0.0,0.0,0.0,0,0,,,"[{'asset': {'symbol': 'SPY', 'type': 'stock'}, 'quantity': -72.0}]",0.0,0.0,0.0,0.0,0.0,0.0,0.0,102651.7612304688
2026-03-26 08:30:00-04:00,102122.56298828125,149546.8017578125,0.0,0.0,0.0,False,margin,0.0,0.0,0.0,0,0,,,"[{'asset': {'symbol': 'SPY', 'type': 'stock'}, 'quantity': -72.0}]",0.0,0.0,0.0,0.0,0.0,0.0,-0.0051552767906180375,102122.56298828131
2026-03-26 09:30:00-04:00,102122.56298828125,149546.8017578125,0.0,0.0,0.0,False,margin,0.0,0.0,0.0,0,0,,,"[{'asset': {'symbol': 'SPY', 'type': 'stock'}, 'quantity': -72.0}]",0.0,0.0,0.0,0.0,0.0,0.0,0.0,102122.56298828131
2026-03-26 09:30:00-04:00,102122.56298828125,149546.8017578125,0.0,0.0,0.0,False,margin,0.0,0.0,0.0,0,0,,,"[{'asset': {'symbol': 'SPY', 'type': 'stock'}, 'quantity': -72.0}]",0.0,0.0,0.0,0.0,0.0,0.0,0.0,102122.56298828131
2026-03-26 16:00:00-04:00,102122.56298828125,149546.8017578125,0.0,0.0,0.0,False,margin,0.0,0.0,0.0,0,0,,,"[{'asset': {'symbol': 'SPY', 'type': 'stock'}, 'quantity': -72.0}]",0.0,0.0,0.0,0.0,0.0,0.0,0.0,102122.56298828131
2026-03-27 08:30:00-04:00,102598.48193359375,149546.8017578125,0.0,0.0,0.0,False,margin,0.0,0.0,0.0,0,0,,,"[{'asset': {'symbol': 'SPY', 'type': 'stock'}, 'quantity': -72.0}]",0.0,0.0,0.0,0.0,0.0,0.0,0.004660272239417968,102598.48193359382
2026-03-27 09:30:00-04:00,102598.48193359375,149546.8017578125,0.0,0.0,0.0,False,margin,0.0,0.0,0.0,0,0,,,"[{'asset': {'symbol': 'SPY', 'type': 'stock'}, 'quantity': -72.0}]",0.0,0.0,0.0,0.0,0.0,0.0,0.0,102598.48193359382
2026-03-27 09:30:00-04:00,102598.48193359375,149546.8017578125,0.0,0.0,0.0,False,margin,0.0,0.0,0.0,0,0,,,"[{'asset': {'symbol': 'SPY', 'type': 'stock'}, 'quantity': -72.0}]",0.0,0.0,0.0,0.0,0.0,0.0,0.0,102598.48193359382
2026-03-27 16:00:00-04:00,102598.48193359375,149546.8017578125,0.0,0.0,0.0,False,margin,0.0,0.0,0.0,0,0,,,"[{'asset': {'symbol': 'SPY', 'type': 'stock'}, 'quantity': -72.0}]",0.0,0.0,0.0,0.0,0.0,0.0,0.0,102598.48193359382
2026-03-30 08:30:00-04:00,103286.8017578125,149546.8017578125,0.0,0.0,0.0,False,margin,0.0,0.0,0.0,0,0,,,"[{'asset': {'symbol': 'SPY', 'type': 'stock'}, 'quantity': -72.0}]",0.0,0.0,0.0,0.0,0.0,0.0,0.00670886948078102,103286.80175781257
2026-03-30 09:30:00-04:00,103286.8017578125,149546.8017578125,0.0,0.0,0.0,False,margin,0.0,0.0,0.0,0,0,,,"[{'asset': {'symbol': 'SPY', 'type': 'stock'}, 'quantity': -72.0}]",0.0,0.0,0.0,0.0,0.0,0.0,0.0,103286.80175781257
2026-03-30 09:30:00-04:00,103286.8017578125,149546.8017578125,0.0,0.0,0.0,False,margin,0.0,0.0,0.0,0,0,,,"[{'asset': {'symbol': 'SPY', 'type': 'stock'}, 'quantity': -72.0}]",0.0,0.0,0.0,0.0,0.0,0.0,0.0,103286.80175781257
2026-03-30 16:00:00-04:00,103286.8017578125,149546.8017578125,0.0,0.0,0.0,False,margin,0.0,0.0,0.0,0,0,,,"[{'asset': {'symbol': 'SPY', 'type': 'stock'}, 'quantity': -72.0}]",0.0,0.0,0.0,0.0,0.0,0.0,0.0,103286.80175781257
2026-03-31 08:30:00-04:00,103458.8828125,149546.8017578125,0.0,0.0,0.0,False,margin,0.0,0.0,0.0,0,0,,,"[{'asset': {'symbol': 'SPY', 'type': 'stock'}, 'quantity': -72.0}]",0.0,0.0,0.0,0.0,0.0,0.0,0.00166605076117079,103458.88281250006
2026-03-31 09:30:00-04:00,103458.8828125,149546.8017578125,0.0,0.0,0.0,False,margin,0.0,0.0,0.0,0,0,,,"[{'asset': {'symbol': 'SPY', 'type': 'stock'}, 'quantity': -72.0}]",0.0,0.0,0.0,0.0,0.0,0.0,0.0,103458.88281250006
2026-03-31 09:30:00-04:00,103458.8828125,149546.8017578125,0.0,0.0,0.0,False,margin,0.0,0.0,0.0,0,0,,,"[{'asset': {'symbol': 'SPY', 'type': 'stock'}, 'quantity': -72.0}]",0.0,0.0,0.0,0.0,0.0,0.0,0.0,103458.88281250006
2026-03-31 16:00:00-04:00,103458.8828125,149546.8017578125,0.0,0.0,0.0,False,margin,0.0,0.0,0.0,0,0,,,"[{'asset': {'symbol': 'SPY', 'type': 'stock'}, 'quantity': -72.0}]",0.0,0.0,0.0,0.0,0.0,0.0,0.0,103458.88281250006
2026-04-01 08:30:00-04:00,103543.12158203125,149546.8017578125,0.0,0.0,0.0,False,margin,0.0,0.0,0.0,0,0,,,"[{'asset': {'symbol': 'SPY', 'type': 'stock'}, 'quantity': -72.0}]",0.0,0.0,0.0,0.0,0.0,0.0,0.0008142246198803162,103543.12158203132
2026-04-01 09:30:00-04:00,103543.12158203125,149546.8017578125,0.0,0.0,0.0,False,margin,0.0,0.0,0.0,0,0,,,"[{'asset': {'symbol': 'SPY', 'type': 'stock'}, 'quantity': -72.0}]",0.0,0.0,0.0,0.0,0.0,0.0,0.0,103543.12158203132
2026-04-01 09:30:00-04:00,103543.12158203125,149546.8017578125,0.0,0.0,0.0,False,margin,0.0,0.0,0.0,0,0,,,"[{'asset': {'symbol': 'SPY', 'type': 'stock'}, 'quantity': -72.0}]",0.0,0.0,0.0,0.0,0.0,0.0,0.0,103543.12158203132
2026-04-01 16:00:00-04:00,103543.12158203125,149546.8017578125,0.0,0.0,0.0,False,margin,0.0,0.0,0.0,0,0,,,"[{'asset': {'symbol': 'SPY', 'type': 'stock'}, 'quantity': -72.0}]",0.0,0.0,0.0,0.0,0.0,0.0,0.0,103543.12158203132
2026-04-02 08:30:00-04:00,102466.0,149546.8017578125,0.0,0.0,0.0,False,margin,0.0,0.0,0.0,0,0,,,"[{'asset': {'symbol': 'SPY', 'type': 'stock'}, 'quantity': -72.0}]",0.0,0.0,0.0,0.0,0.0,0.0,-0.010402637718217802,102466.00000000006
2026-04-02 09:30:00-04:00,102466.0,149546.8017578125,0.0,0.0,0.0,False,margin,0.0,0.0,0.0,0,0,,,"[{'asset': {'symbol': 'SPY', 'type': 'stock'}, 'quantity': -72.0}]",0.0,0.0,0.0,0.0,0.0,0.0,0.0,102466.00000000006
2026-04-02 09:30:00-04:00,102466.0,149546.8017578125,0.0,0.0,0.0,False,margin,0.0,0.0,0.0,0,0,,,"[{'asset': {'symbol': 'SPY', 'type': 'stock'}, 'quantity': -72.0}]",0.0,0.0,0.0,0.0,0.0,0.0,0.0,102466.00000000006
2026-04-02 16:00:00-04:00,102466.0,149546.8017578125,0.0,0.0,0.0,False,margin,0.0,0.0,0.0,0,0,,,"[{'asset': {'symbol': 'SPY', 'type': 'stock'}, 'quantity': -72.0}]",0.0,0.0,0.0,0.0,0.0,0.0,0.0,102466.00000000006
2026-04-06 08:30:00-04:00,103004.56298828125,149546.8017578125,0.0,0.0,0.0,False,margin,0.0,0.0,0.0,0,0,,,"[{'asset': {'symbol': 'SPY', 'type': 'stock'}, 'quantity': -72.0}]",0.0,0.0,0.0,0.0,0.0,0.0,0.005256016515539301,103004.56298828131
2026-04-06 09:30:00-04:00,103004.56298828125,149546.8017578125,0.0,0.0,0.0,False,margin,0.0,0.0,0.0,0,0,,,"[{'asset': {'symbol': 'SPY', 'type': 'stock'}, 'quantity': -72.0}]",0.0,0.0,0.0,0.0,0.0,0.0,0.0,103004.56298828131
2026-04-06 09:30:00-04:00,103004.56298828125,149546.8017578125,0.0,0.0,0.0,False,margin,0.0,0.0,0.0,0,0,,,"[{'asset': {'symbol': 'SPY', 'type': 'stock'}, 'quantity': -72.0}]",0.0,0.0,0.0,0.0,0.0,0.0,0.0,103004.56298828131
2026-04-06 16:00:00-04:00,103004.56298828125,149546.8017578125,0.0,0.0,0.0,False,margin,0.0,0.0,0.0,0,0,,,"[{'asset': {'symbol': 'SPY', 'type': 'stock'}, 'quantity': -72.0}]",0.0,0.0,0.0,0.0,0.0,0.0,0.0,103004.56298828131
2026-04-07 08:30:00-04:00,102324.8828125,149546.8017578125,0.0,0.0,0.0,False,margin,0.0,0.0,0.0,0,0,,,"[{'asset': {'symbol': 'SPY', 'type': 'stock'}, 'quantity': -72.0}]",0.0,0.0,0.0,0.0,0.0,0.0,-0.0065985443369006545,102324.88281250004
2026-04-07 09:30:00-04:00,102324.8828125,149546.8017578125,0.0,0.0,0.0,False,margin,0.0,0.0,0.0,0,0,,,"[{'asset': {'symbol': 'SPY', 'type': 'stock'}, 'quantity': -72.0}]",0.0,0.0,0.0,0.0,0.0,0.0,0.0,102324.88281250004
2026-04-07 09:30:00-04:00,102324.8828125,149546.8017578125,0.0,0.0,0.0,False,margin,0.0,0.0,0.0,0,0,,,"[{'asset': {'symbol': 'SPY', 'type': 'stock'}, 'quantity': -72.0}]",0.0,0.0,0.0,0.0,0.0,0.0,0.0,102324.88281250004
2026-04-07 16:00:00-04:00,102324.8828125,149546.8017578125,0.0,0.0,0.0,False,margin,0.0,0.0,0.0,0,0,,,"[{'asset': {'symbol': 'SPY', 'type': 'stock'}, 'quantity': -72.0}]",0.0,0.0,0.0,0.0,0.0,0.0,0.0,102324.88281250004
2026-04-08 08:30:00-04:00,102268.0,149546.8017578125,0.0,0.0,0.0,False,margin,0.0,0.0,0.0,0,0,,,"[{'asset': {'symbol': 'SPY', 'type': 'stock'}, 'quantity': -72.0}]",0.0,0.0,0.0,0.0,0.0,0.0,-0.0005559040082580109,102268.00000000004
2026-04-08 09:30:00-04:00,102268.0,149546.8017578125,0.0,0.0,0.0,False,margin,0.0,0.0,0.0,0,0,,,"[{'asset': {'symbol': 'SPY', 'type': 'stock'}, 'quantity': -72.0}]",0.0,0.0,0.0,0.0,0.0,0.0,0.0,102268.00000000004
2026-04-08 09:30:00-04:00,102268.0,149546.8017578125,0.0,0.0,0.0,False,margin,0.0,0.0,0.0,0,0,,,"[{'asset': {'symbol': 'SPY', 'type': 'stock'}, 'quantity': -72.0}]",0.0,0.0,0.0,0.0,0.0,0.0,0.0,102268.00000000004
2026-04-08 16:00:00-04:00,102268.0,149546.8017578125,0.0,0.0,0.0,False,margin,0.0,0.0,0.0,0,0,,,"[{'asset': {'symbol': 'SPY', 'type': 'stock'}, 'quantity': -72.0}]",0.0,0.0,0.0,0.0,0.0,0.0,0.0,102268.00000000004
2026-04-09 08:30:00-04:00,100846.720703125,149546.8017578125,0.0,0.0,0.0,False,margin,0.0,0.0,0.0,0,0,,,"[{'asset': {'symbol': 'SPY', 'type': 'stock'}, 'quantity': -72.0}]",0.0,0.0,0.0,0.0,0.0,0.0,-0.013897595502747682,100846.72070312504
2026-04-09 09:30:00-04:00,100846.720703125,149546.8017578125,0.0,0.0,0.0,False,margin,0.0,0.0,0.0,0,0,,,"[{'asset': {'symbol': 'SPY', 'type': 'stock'}, 'quantity': -72.0}]",0.0,0.0,0.0,0.0,0.0,0.0,0.0,100846.72070312504
2026-04-09 09:30:00-04:00,100846.720703125,149546.8017578125,0.0,0.0,0.0,False,margin,0.0,0.0,0.0,0,0,,,"[{'asset': {'symbol': 'SPY', 'type': 'stock'}, 'quantity': -72.0}]",0.0,0.0,0.0,0.0,0.0,0.0,0.0,100846.72070312504
2026-04-09 16:00:00-04:00,100846.720703125,149546.8017578125,0.0,0.0,0.0,False,margin,0.0,0.0,0.0,0,0,,,"[{'asset': {'symbol': 'SPY', 'type': 'stock'}, 'quantity': -72.0}]",0.0,0.0,0.0,0.0,0.0,0.0,0.0,100846.72070312504
2026-04-10 08:30:00-04:00,100958.31982421875,149546.8017578125,0.0,0.0,0.0,False,margin,0.0,0.0,0.0,0,0,,,"[{'asset': {'symbol': 'SPY', 'type': 'stock'}, 'quantity': -72.0}]",0.0,0.0,0.0,0.0,0.0,0.0,0.0011066212199628996,100958.3198242188
2026-04-10 09:30:00-04:00,100958.31982421875,149546.8017578125,0.0,0.0,0.0,False,margin,0.0,0.0,0.0,0,0,,,"[{'asset': {'symbol': 'SPY', 'type': 'stock'}, 'quantity': -72.0}]",0.0,0.0,0.0,0.0,0.0,0.0,0.0,100958.3198242188
2026-04-10 09:30:00-04:00,100958.31982421875,149546.8017578125,0.0,0.0,0.0,False,margin,0.0,0.0,0.0,0,0,,,"[{'asset': {'symbol': 'SPY', 'type': 'stock'}, 'quantity': -72.0}]",0.0,0.0,0.0,0.0,0.0,0.0,0.0,100958.3198242188
2026-04-10 16:00:00-04:00,100958.31982421875,149546.8017578125,0.0,0.0,0.0,False,margin,0.0,0.0,0.0,0,0,,,"[{'asset': {'symbol': 'SPY', 'type': 'stock'}, 'quantity': -72.0}]",0.0,0.0,0.0,0.0,0.0,0.0,0.0,100958.3198242188
2026-04-13 08:30:00-04:00,100491.76123046875,149546.8017578125,0.0,0.0,0.0,False,margin,0.0,0.0,0.0,0,0,,,"[{'asset': {'symbol': 'SPY', 'type': 'stock'}, 'quantity': -72.0}]",0.0,0.0,0.0,0.0,0.0,0.0,-0.004621299111973513,100491.7612304688
2026-04-13 09:30:00-04:00,100491.76123046875,149546.8017578125,0.0,0.0,0.0,False,margin,0.0,0.0,0.0,0,0,,,"[{'asset': {'symbol': 'SPY', 'type': 'stock'}, 'quantity': -72.0}]",0.0,0.0,0.0,0.0,0.0,0.0,0.0,100491.7612304688
2026-04-13 09:30:00-04:00,100491.76123046875,149546.8017578125,0.0,0.0,0.0,False,margin,0.0,0.0,0.0,0,0,,,"[{'asset': {'symbol': 'SPY', 'type': 'stock'}, 'quantity': -72.0}]",0.0,0.0,0.0,0.0,0.0,0.0,0.0,100491.7612304688
2026-04-13 16:00:00-04:00,100491.76123046875,149546.8017578125,0.0,0.0,0.0,False,margin,0.0,0.0,0.0,0,0,,,"[{'asset': {'symbol': 'SPY', 'type': 'stock'}, 'quantity': -72.0}]",0.0,0.0,0.0,0.0,0.0,0.0,0.0,100491.7612304688
2026-04-14 08:30:00-04:00,100773.28369140625,149546.8017578125,0.0,0.0,0.0,False,margin,0.0,0.0,0.0,0,0,,,"[{'asset': {'symbol': 'SPY', 'type': 'stock'}, 'quantity': -72.0}]",0.0,0.0,0.0,0.0,0.0,0.0,0.0028014481733667075,100773.28369140628
2026-04-14 09:30:00-04:00,100773.28369140625,149546.8017578125,0.0,0.0,0.0,False,margin,0.0,0.0,0.0,0,0,,,"[{'asset': {'symbol': 'SPY', 'type': 'stock'}, 'quantity': -72.0}]",0.0,0.0,0.0,0.0,0.0,0.0,0.0,100773.28369140628
2026-04-14 09:30:00-04:00,100773.28369140625,149546.8017578125,0.0,0.0,0.0,False,margin,0.0,0.0,0.0,0,0,,,"[{'asset': {'symbol': 'SPY', 'type': 'stock'}, 'quantity': -72.0}]",0.0,0.0,0.0,0.0,0.0,0.0,0.0,100773.28369140628
2026-04-14 16:00:00-04:00,100773.28369140625,149546.8017578125,0.0,0.0,0.0,False,margin,0.0,0.0,0.0,0,0,,,"[{'asset': {'symbol': 'SPY', 'type': 'stock'}, 'quantity': -72.0}]",0.0,0.0,0.0,0.0,0.0,0.0,0.0,100773.28369140628
2026-04-15 08:30:00-04:00,100033.12158203125,149546.8017578125,0.0,0.0,0.0,False,margin,0.0,0.0,0.0,0,0,,,"[{'asset': {'symbol': 'SPY', 'type': 'stock'}, 'quantity': -72.0}]",0.0,0.0,0.0,0.0,0.0,0.0,-0.007344824761705364,100033.12158203128
2026-04-15 09:30:00-04:00,100033.12158203125,149546.8017578125,0.0,0.0,0.0,False,margin,0.0,0.0,0.0,0,0,,,"[{'asset': {'symbol': 'SPY', 'type': 'stock'}, 'quantity': -72.0}]",0.0,0.0,0.0,0.0,0.0,0.0,0.0,100033.12158203128
2026-04-15 09:30:00-04:00,100033.12158203125,149546.8017578125,0.0,0.0,0.0,False,margin,0.0,0.0,0.0,0,0,,,"[{'asset': {'symbol': 'SPY', 'type': 'stock'}, 'quantity': -72.0}]",0.0,0.0,0.0,0.0,0.0,0.0,0.0,100033.12158203128
2026-04-15 16:00:00-04:00,100033.12158203125,149546.8017578125,0.0,0.0,0.0,False,margin,0.0,0.0,0.0,0,0,,,"[{'asset': {'symbol': 'SPY', 'type': 'stock'}, 'quantity': -72.0}]",0.0,0.0,0.0,0.0,0.0,0.0,0.0,100033.12158203128
2026-04-16 08:30:00-04:00,99488.0810546875,149546.8017578125,0.0,0.0,0.0,False,margin,0.0,0.0,0.0,0,0,,,"[{'asset': {'symbol': 'SPY', 'type': 'stock'}, 'quantity': -72.0}]",0.0,0.0,0.0,0.0,0.0,0.0,-0.005448600610716666,99488.08105468754
2026-04-16 09:30:00-04:00,99488.0810546875,149546.8017578125,0.0,0.0,0.0,False,margin,0.0,0.0,0.0,0,0,,,"[{'asset': {'symbol': 'SPY', 'type': 'stock'}, 'quantity': -72.0}]",0.0,0.0,0.0,0.0,0.0,0.0,0.0,99488.08105468754
2026-04-16 09:30:00-04:00,99488.0810546875,149546.8017578125,0.0,0.0,0.0,False,margin,0.0,0.0,0.0,0,0,,,"[{'asset': {'symbol': 'SPY', 'type': 'stock'}, 'quantity': -72.0}]",0.0,0.0,0.0,0.0,0.0,0.0,0.0,99488.08105468754
2026-04-16 16:00:00-04:00,99488.0810546875,149546.8017578125,0.0,0.0,0.0,False,margin,0.0,0.0,0.0,0,0,,,"[{'asset': {'symbol': 'SPY', 'type': 'stock'}, 'quantity': -72.0}]",0.0,0.0,0.0,0.0,0.0,0.0,0.0,99488.08105468754
2026-04-17 08:30:00-04:00,99070.48193359375,149546.8017578125,0.0,0.0,0.0,False,margin,0.0,0.0,0.0,0,0,,,"[{'asset': {'symbol': 'SPY', 'type': 'stock'}, 'quantity': -72.0}]",0.0,0.0,0.0,0.0,0.0,0.0,-0.00419747890065545,99070.4819335938
2026-04-17 09:30:00-04:00,99070.48193359375,149546.8017578125,0.0,0.0,0.0,False,margin,0.0,0.0,0.0,0,0,,,"[{'asset': {'symbol': 'SPY', 'type': 'stock'}, 'quantity': -72.0}]",0.0,0.0,0.0,0.0,0.0,0.0,0.0,99070.4819335938
2026-04-17 09:30:00-04:00,99070.48193359375,149546.8017578125,0.0,0.0,0.0,False,margin,0.0,0.0,0.0,0,0,,,"[{'asset': {'symbol': 'SPY', 'type': 'stock'}, 'quantity': -72.0}]",0.0,0.0,0.0,0.0,0.0,0.0,0.0,99070.4819335938
2026-04-17 16:00:00-04:00,99070.48193359375,149546.8017578125,0.0,0.0,0.0,False,margin,0.0,0.0,0.0,0,0,,,"[{'asset': {'symbol': 'SPY', 'type': 'stock'}, 'quantity': -72.0}]",0.0,0.0,0.0,0.0,0.0,0.0,0.0,99070.4819335938
2026-04-20 08:30:00-04:00,98704.720703125,149546.8017578125,0.0,0.0,0.0,False,margin,0.0,0.0,0.0,0,0,,,"[{'asset': {'symbol': 'SPY', 'type': 'stock'}, 'quantity': -72.0}]",0.0,0.0,0.0,0.0,0.0,0.0,-0.0036919294559798065,98704.72070312504
2026-04-20 09:30:00-04:00,98704.720703125,149546.8017578125,0.0,0.0,0.0,False,margin,0.0,0.0,0.0,0,0,,,"[{'asset': {'symbol': 'SPY', 'type': 'stock'}, 'quantity': -72.0}]",0.0,0.0,0.0,0.0,0.0,0.0,0.0,98704.72070312504
2026-04-20 09:30:00-04:00,98704.720703125,149546.8017578125,0.0,0.0,0.0,False,margin,0.0,0.0,0.0,0,0,,,"[{'asset': {'symbol': 'SPY', 'type': 'stock'}, 'quantity': -72.0}]",0.0,0.0,0.0,0.0,0.0,0.0,0.0,98704.72070312504
2026-04-20 16:00:00-04:00,98704.720703125,149546.8017578125,0.0,0.0,0.0,False,margin,0.0,0.0,0.0,0,0,,,"[{'asset': {'symbol': 'SPY', 'type': 'stock'}, 'quantity': -72.0}]",0.0,0.0,0.0,0.0,0.0,0.0,0.0,98704.72070312504
2026-04-21 08:30:00-04:00,98514.6396484375,149546.8017578125,0.0,0.0,0.0,False,margin,0.0,0.0,0.0,0,0,,,"[{'asset': {'symbol': 'SPY', 'type': 'stock'}, 'quantity': -72.0}]",0.0,0.0,0.0,0.0,0.0,0.0,-0.001925754445516424,98514.63964843753
2026-04-21 09:30:00-04:00,98514.6396484375,149546.8017578125,0.0,0.0,0.0,False,margin,0.0,0.0,0.0,0,0,,,"[{'asset': {'symbol': 'SPY', 'type': 'stock'}, 'quantity': -72.0}]",0.0,0.0,0.0,0.0,0.0,0.0,0.0,98514.63964843753
2026-04-21 09:30:00-04:00,98514.6396484375,149546.8017578125,0.0,0.0,0.0,False,margin,0.0,0.0,0.0,0,0,,,"[{'asset': {'symbol': 'SPY', 'type': 'stock'}, 'quantity': -72.0}]",0.0,0.0,0.0,0.0,0.0,0.0,0.0,98514.63964843753
2026-04-21 16:00:00-04:00,98514.6396484375,149546.8017578125,0.0,0.0,0.0,False,margin,0.0,0.0,0.0,0,0,,,"[{'asset': {'symbol': 'SPY', 'type': 'stock'}, 'quantity': -72.0}]",0.0,0.0,0.0,0.0,0.0,0.0,0.0,98514.63964843753
2026-04-22 08:30:00-04:00,98406.6396484375,149546.8017578125,0.0,0.0,0.0,False,margin,0.0,0.0,0.0,0,0,,,"[{'asset': {'symbol': 'SPY', 'type': 'stock'}, 'quantity': -72.0}]",0.0,0.0,0.0,0.0,0.0,0.0,-0.0010962837643766678,98406.63964843753
2026-04-22 09:30:00-04:00,98406.6396484375,149546.8017578125,0.0,0.0,0.0,False,margin,0.0,0.0,0.0,0,0,,,"[{'asset': {'symbol': 'SPY', 'type': 'stock'}, 'quantity': -72.0}]",0.0,0.0,0.0,0.0,0.0,0.0,0.0,98406.63964843753
2026-04-22 09:30:00-04:00,98406.6396484375,149546.8017578125,0.0,0.0,0.0,False,margin,0.0,0.0,0.0,0,0,,,"[{'asset': {'symbol': 'SPY', 'type': 'stock'}, 'quantity': -72.0}]",0.0,0.0,0.0,0.0,0.0,0.0,0.0,98406.63964843753
2026-04-22 16:00:00-04:00,98406.6396484375,149546.8017578125,0.0,0.0,0.0,False,margin,0.0,0.0,0.0,0,0,,,"[{'asset': {'symbol': 'SPY', 'type': 'stock'}, 'quantity': -72.0}]",0.0,0.0,0.0,0.0,0.0,0.0,0.0,98406.63964843753
2026-04-23 08:30:00-04:00,98488.0,149546.8017578125,0.0,0.0,0.0,False,margin,0.0,0.0,0.0,0,0,,,"[{'asset': {'symbol': 'SPY', 'type': 'stock'}, 'quantity': -72.0}]",0.0,0.0,0.0,0.0,0.0,0.0,0.0008267770533895254,98488.00000000004
2026-04-23 09:30:00-04:00,98488.0,149546.8017578125,0.0,0.0,0.0,False,margin,0.0,0.0,0.0,0,0,,,"[{'asset': {'symbol': 'SPY', 'type': 'stock'}, 'quantity': -72.0}]",0.0,0.0,0.0,0.0,0.0,0.0,0.0,98488.00000000004
2026-04-23 09:30:00-04:00,98488.0,149546.8017578125,0.0,0.0,0.0,False,margin,0.0,0.0,0.0,0,0,,,"[{'asset': {'symbol': 'SPY', 'type': 'stock'}, 'quantity': -72.0}]",0.0,0.0,0.0,0.0,0.0,0.0,0.0,98488.00000000004
2026-04-23 16:00:00-04:00,98488.0,149546.8017578125,0.0,0.0,0.0,False,margin,0.0,0.0,0.0,0,0,,,"[{'asset': {'symbol': 'SPY', 'type': 'stock'}, 'quantity': -72.0}]",0.0,0.0,0.0,0.0,0.0,0.0,0.0,98488.00000000004
2026-04-24 08:30:00-04:00,98462.8017578125,149546.8017578125,0.0,0.0,0.0,False,margin,0.0,0.0,0.0,0,0,,,"[{'asset': {'symbol': 'SPY', 'type': 'stock'}, 'quantity': -72.0}]",0.0,0.0,0.0,0.0,0.0,0.0,-0.00025585088729083744,98462.80175781254
2026-04-24 09:30:00-04:00,98462.8017578125,149546.8017578125,0.0,0.0,0.0,False,margin,0.0,0.0,0.0,0,0,,,"[{'asset': {'symbol': 'SPY', 'type': 'stock'}, 'quantity': -72.0}]",0.0,0.0,0.0,0.0,0.0,0.0,0.0,98462.80175781254
2026-04-24 09:30:00-04:00,98462.8017578125,149546.8017578125,0.0,0.0,0.0,False,margin,0.0,0.0,0.0,0,0,,,"[{'asset': {'symbol': 'SPY', 'type': 'stock'}, 'quantity': -72.0}]",0.0,0.0,0.0,0.0,0.0,0.0,0.0,98462.80175781254
2026-04-24 16:00:00-04:00,98462.8017578125,149546.8017578125,0.0,0.0,0.0,False,margin,0.0,0.0,0.0,0,0,,,"[{'asset': {'symbol': 'SPY', 'type': 'stock'}, 'quantity': -72.0}]",0.0,0.0,0.0,0.0,0.0,0.0,0.0,98462.80175781254
2026-04-27 08:30:00-04:00,98372.8017578125,149546.8017578125,0.0,0.0,0.0,False,margin,0.0,0.0,0.0,0,0,,,"[{'asset': {'symbol': 'SPY', 'type': 'stock'}, 'quantity': -72.0}]",0.0,0.0,0.0,0.0,0.0,0.0,-0.0009140507724061282,98372.80175781254
2026-04-27 09:30:00-04:00,98372.8017578125,149546.8017578125,0.0,0.0,0.0,False,margin,0.0,0.0,0.0,0,0,,,"[{'asset': {'symbol': 'SPY', 'type': 'stock'}, 'quantity': -72.0}]",0.0,0.0,0.0,0.0,0.0,0.0,0.0,98372.80175781254
2026-04-27 09:30:00-04:00,98372.8017578125,149546.8017578125,0.0,0.0,0.0,False,margin,0.0,0.0,0.0,0,0,,,"[{'asset': {'symbol': 'SPY', 'type': 'stock'}, 'quantity': -72.0}]",0.0,0.0,0.0,0.0,0.0,0.0,0.0,98372.80175781254
2026-04-27 16:00:00-04:00,98372.8017578125,149546.8017578125,0.0,0.0,0.0,False,margin,0.0,0.0,0.0,0,0,,,"[{'asset': {'symbol': 'SPY', 'type': 'stock'}, 'quantity': -72.0}]",0.0,0.0,0.0,0.0,0.0,0.0,0.0,98372.80175781254
2026-04-28 08:30:00-04:00,98198.56298828125,149546.8017578125,0.0,0.0,0.0,False,margin,0.0,0.0,0.0,0,0,,,"[{'asset': {'symbol': 'SPY', 'type': 'stock'}, 'quantity': -72.0}]",0.0,0.0,0.0,0.0,0.0,0.0,-0.0017712087733377222,98198.56298828131
2026-04-28 09:30:00-04:00,98198.56298828125,149546.8017578125,0.0,0.0,0.0,False,margin,0.0,0.0,0.0,0,0,,,"[{'asset': {'symbol': 'SPY', 'type': 'stock'}, 'quantity': -72.0}]",0.0,0.0,0.0,0.0,0.0,0.0,0.0,98198.56298828131
2026-04-28 09:30:00-04:00,98198.56298828125,149546.8017578125,0.0,0.0,0.0,False,margin,0.0,0.0,0.0,0,0,,,"[{'asset': {'symbol': 'SPY', 'type': 'stock'}, 'quantity': -72.0}]",0.0,0.0,0.0,0.0,0.0,0.0,0.0,98198.56298828131
2026-04-28 16:00:00-04:00,98198.56298828125,149546.8017578125,0.0,0.0,0.0,False,margin,0.0,0.0,0.0,0,0,,,"[{'asset': {'symbol': 'SPY', 'type': 'stock'}, 'quantity': -72.0}]",0.0,0.0,0.0,0.0,0.0,0.0,0.0,98198.56298828131
2026-04-29 08:30:00-04:00,98295.76123046875,149546.8017578125,0.0,0.0,0.0,False,margin,0.0,0.0,0.0,0,0,,,"[{'asset': {'symbol': 'SPY', 'type': 'stock'}, 'quantity': -72.0}]",0.0,0.0,0.0,0.0,0.0,0.0,0.000989813284733091,98295.7612304688
2026-04-29 09:30:00-04:00,98295.76123046875,149546.8017578125,0.0,0.0,0.0,False,margin,0.0,0.0,0.0,0,0,,,"[{'asset': {'symbol': 'SPY', 'type': 'stock'}, 'quantity': -72.0}]",0.0,0.0,0.0,0.0,0.0,0.0,0.0,98295.7612304688
2026-04-29 09:30:00-04:00,98295.76123046875,149546.8017578125,0.0,0.0,0.0,False,margin,0.0,0.0,0.0,0,0,,,"[{'asset': {'symbol': 'SPY', 'type': 'stock'}, 'quantity': -72.0}]",0.0,0.0,0.0,0.0,0.0,0.0,0.0,98295.7612304688
2026-04-29 16:00:00-04:00,98295.76123046875,149546.8017578125,0.0,0.0,0.0,False,margin,0.0,0.0,0.0,0,0,,,"[{'asset': {'symbol': 'SPY', 'type': 'stock'}, 'quantity': -72.0}]",0.0,0.0,0.0,0.0,0.0,0.0,0.0,98295.7612304688
2026-04-30 08:30:00-04:00,98354.8017578125,149546.8017578125,0.0,0.0,0.0,False,margin,0.0,0.0,0.0,0,0,,,"[{'asset': {'symbol': 'SPY', 'type': 'stock'}, 'quantity': -72.0}]",0.0,0.0,0.0,0.0,0.0,0.0,0.0006006416411519605,98354.80175781254
2026-04-30 09:30:00-04:00,98354.8017578125,149546.8017578125,0.0,0.0,0.0,False,margin,0.0,0.0,0.0,0,0,,,"[{'asset': {'symbol': 'SPY', 'type': 'stock'}, 'quantity': -72.0}]",0.0,0.0,0.0,0.0,0.0,0.0,0.0,98354.80175781254
2026-04-30 09:30:00-04:00,98354.8017578125,149546.8017578125,0.0,0.0,0.0,False,margin,0.0,0.0,0.0,0,0,,,"[{'asset': {'symbol': 'SPY', 'type': 'stock'}, 'quantity': -72.0}]",0.0,0.0,0.0,0.0,0.0,0.0,0.0,98354.80175781254
2026-04-30 16:00:00-04:00,98354.8017578125,149546.8017578125,0.0,0.0,0.0,False,margin,0.0,0.0,0.0,0,0,,,"[{'asset': {'symbol': 'SPY', 'type': 'stock'}, 'quantity': -72.0}]",0.0,0.0,0.0,0.0,0.0,0.0,0.0,98354.80175781254
2026-05-01 08:30:00-04:00,97394.14360351562,97394.14360351562,0.0,0.0,0.0,False,margin,0.0,0.0,0.0,0,0,,,[],0.0,0.0,0.0,0.0,0.0,0.0,-0.009767272539091576,97394.14360351567
2026-05-01 09:30:00-04:00,97394.14360351562,97394.14360351562,0.0,0.0,0.0,False,margin,0.0,0.0,0.0,0,0,,,[],0.0,0.0,0.0,0.0,0.0,0.0,0.0,97394.14360351567
2026-05-01 09:30:00-04:00,97394.14360351562,97394.14360351562,0.0,0.0,0.0,False,margin,0.0,0.0,0.0,0,0,,,[],0.0,0.0,0.0,0.0,0.0,0.0,0.0,97394.14360351567
2026-05-01 16:00:00-04:00,97844.30327148436,146439.1436035156,0.0,0.0,0.0,False,margin,0.0,0.0,0.0,0,0,,,"[{'asset': {'symbol': 'SPY', 'type': 'stock'}, 'quantity': -68.0}]",0.0,0.0,0.0,0.0,0.0,0.0,0.004622040415502828,97844.3032714844
2026-05-04 08:30:00-04:00,97394.14360351561,146439.1436035156,0.0,0.0,0.0,False,margin,0.0,0.0,0.0,0,0,,,"[{'asset': {'symbol': 'SPY', 'type': 'stock'}, 'quantity': -68.0}]",0.0,0.0,0.0,0.0,0.0,0.0,-0.004600775445451448,97394.14360351565
2026-05-04 09:30:00-04:00,97394.14360351561,146439.1436035156,0.0,0.0,0.0,False,margin,0.0,0.0,0.0,0,0,,,"[{'asset': {'symbol': 'SPY', 'type': 'stock'}, 'quantity': -68.0}]",0.0,0.0,0.0,0.0,0.0,0.0,0.0,97394.14360351565
2026-05-04 09:30:00-04:00,97394.14360351561,146439.1436035156,0.0,0.0,0.0,False,margin,0.0,0.0,0.0,0,0,,,"[{'asset': {'symbol': 'SPY', 'type': 'stock'}, 'quantity': -68.0}]",0.0,0.0,0.0,0.0,0.0,0.0,0.0,97394.14360351565
2026-05-04 16:00:00-04:00,97394.14360351561,146439.1436035156,0.0,0.0,0.0,False,margin,0.0,0.0,0.0,0,0,,,"[{'asset': {'symbol': 'SPY', 'type': 'stock'}, 'quantity': -68.0}]",0.0,0.0,0.0,0.0,0.0,0.0,0.0,97394.14360351565
2026-05-05 08:30:00-04:00,97474.38310546873,146439.1436035156,0.0,0.0,0.0,False,margin,0.0,0.0,0.0,0,0,,,"[{'asset': {'symbol': 'SPY', 'type': 'stock'}, 'quantity': -68.0}]",0.0,0.0,0.0,0.0,0.0,0.0,0.0008238637251103527,97474.38310546878
2026-05-05 09:30:00-04:00,97474.38310546873,146439.1436035156,0.0,0.0,0.0,False,margin,0.0,0.0,0.0,0,0,,,"[{'asset': {'symbol': 'SPY', 'type': 'stock'}, 'quantity': -68.0}]",0.0,0.0,0.0,0.0,0.0,0.0,0.0,97474.38310546878
2026-05-05 09:30:00-04:00,97474.38310546873,146439.1436035156,0.0,0.0,0.0,False,margin,0.0,0.0,0.0,0,0,,,"[{'asset': {'symbol': 'SPY', 'type': 'stock'}, 'quantity': -68.0}]",0.0,0.0,0.0,0.0,0.0,0.0,0.0,97474.38310546878
2026-05-05 16:00:00-04:00,97474.38310546873,146439.1436035156,0.0,0.0,0.0,False,margin,0.0,0.0,0.0,0,0,,,"[{'asset': {'symbol': 'SPY', 'type': 'stock'}, 'quantity': -68.0}]",0.0,0.0,0.0,0.0,0.0,0.0,0.0,97474.38310546878
2026-05-06 08:30:00-04:00,97358.78227539061,146439.1436035156,0.0,0.0,0.0,False,margin,0.0,0.0,0.0,0,0,,,"[{'asset': {'symbol': 'SPY', 'type': 'stock'}, 'quantity': -68.0}]",0.0,0.0,0.0,0.0,0.0,0.0,-0.0011859611355841378,97358.78227539065
2026-05-06 09:30:00-04:00,97358.78227539061,146439.1436035156,0.0,0.0,0.0,False,margin,0.0,0.0,0.0,0,0,,,"[{'asset': {'symbol': 'SPY', 'type': 'stock'}, 'quantity': -68.0}]",0.0,0.0,0.0,0.0,0.0,0.0,0.0,97358.78227539065
2026-05-06 09:30:00-04:00,97358.78227539061,146439.1436035156,0.0,0.0,0.0,False,margin,0.0,0.0,0.0,0,0,,,"[{'asset': {'symbol': 'SPY', 'type': 'stock'}, 'quantity': -68.0}]",0.0,0.0,0.0,0.0,0.0,0.0,0.0,97358.78227539065
2026-05-06 16:00:00-04:00,97358.78227539061,146439.1436035156,0.0,0.0,0.0,False,margin,0.0,0.0,0.0,0,0,,,"[{'asset': {'symbol': 'SPY', 'type': 'stock'}, 'quantity': -68.0}]",0.0,0.0,0.0,0.0,0.0,0.0,0.0,97358.78227539065
2026-05-07 08:30:00-04:00,96924.26542968748,146439.1436035156,0.0,0.0,0.0,False,margin,0.0,0.0,0.0,0,0,,,"[{'asset': {'symbol': 'SPY', 'type': 'stock'}, 'quantity': -68.0}]",0.0,0.0,0.0,0.0,0.0,0.0,-0.004463047252111717,96924.26542968754
2026-05-07 09:30:00-04:00,96924.26542968748,146439.1436035156,0.0,0.0,0.0,False,margin,0.0,0.0,0.0,0,0,,,"[{'asset': {'symbol': 'SPY', 'type': 'stock'}, 'quantity': -68.0}]",0.0,0.0,0.0,0.0,0.0,0.0,0.0,96924.26542968754
2026-05-07 09:30:00-04:00,96924.26542968748,146439.1436035156,0.0,0.0,0.0,False,margin,0.0,0.0,0.0,0,0,,,"[{'asset': {'symbol': 'SPY', 'type': 'stock'}, 'quantity': -68.0}]",0.0,0.0,0.0,0.0,0.0,0.0,0.0,96924.26542968754
2026-05-07 16:00:00-04:00,96924.26542968748,146439.1436035156,0.0,0.0,0.0,False,margin,0.0,0.0,0.0,0,0,,,"[{'asset': {'symbol': 'SPY', 'type': 'stock'}, 'quantity': -68.0}]",0.0,0.0,0.0,0.0,0.0,0.0,0.0,96924.26542968754
2026-05-08 08:30:00-04:00,96455.74443359373,146439.1436035156,0.0,0.0,0.0,False,margin,0.0,0.0,0.0,0,0,,,"[{'asset': {'symbol': 'SPY', 'type': 'stock'}, 'quantity': -68.0}]",0.0,0.0,0.0,0.0,0.0,0.0,-0.004833887510178066,96455.74443359378
2026-05-08 09:30:00-04:00,96455.74443359373,146439.1436035156,0.0,0.0,0.0,False,margin,0.0,0.0,0.0,0,0,,,"[{'asset': {'symbol': 'SPY', 'type': 'stock'}, 'quantity': -68.0}]",0.0,0.0,0.0,0.0,0.0,0.0,0.0,96455.74443359378
2026-05-08 09:30:00-04:00,96455.74443359373,146439.1436035156,0.0,0.0,0.0,False,margin,0.0,0.0,0.0,0,0,,,"[{'asset': {'symbol': 'SPY', 'type': 'stock'}, 'quantity': -68.0}]",0.0,0.0,0.0,0.0,0.0,0.0,0.0,96455.74443359378
2026-05-08 16:00:00-04:00,96455.74443359373,146439.1436035156,0.0,0.0,0.0,False,margin,0.0,0.0,0.0,0,0,,,"[{'asset': {'symbol': 'SPY', 'type': 'stock'}, 'quantity': -68.0}]",0.0,0.0,0.0,0.0,0.0,0.0,0.0,96455.74443359378
2026-05-11 08:30:00-04:00,96463.90410156248,146439.1436035156,0.0,0.0,0.0,False,margin,0.0,0.0,0.0,0,0,,,"[{'asset': {'symbol': 'SPY', 'type': 'stock'}, 'quantity': -68.0}]",0.0,0.0,0.0,0.0,0.0,0.0,8.459494057782774e-05,96463.90410156254
2026-05-11 09:30:00-04:00,96463.90410156248,146439.1436035156,0.0,0.0,0.0,False,margin,0.0,0.0,0.0,0,0,,,"[{'asset': {'symbol': 'SPY', 'type': 'stock'}, 'quantity': -68.0}]",0.0,0.0,0.0,0.0,0.0,0.0,0.0,96463.90410156254
2026-05-11 09:30:00-04:00,96463.90410156248,146439.1436035156,0.0,0.0,0.0,False,margin,0.0,0.0,0.0,0,0,,,"[{'asset': {'symbol': 'SPY', 'type': 'stock'}, 'quantity': -68.0}]",0.0,0.0,0.0,0.0,0.0,0.0,0.0,96463.90410156254
2026-05-11 16:00:00-04:00,96463.90410156248,146439.1436035156,0.0,0.0,0.0,False,margin,0.0,0.0,0.0,0,0,,,"[{'asset': {'symbol': 'SPY', 'type': 'stock'}, 'quantity': -68.0}]",0.0,0.0,0.0,0.0,0.0,0.0,0.0,96463.90410156254
2026-05-12 08:30:00-04:00,96360.54277343748,146439.1436035156,0.0,0.0,0.0,False,margin,0.0,0.0,0.0,0,0,,,"[{'asset': {'symbol': 'SPY', 'type': 'stock'}, 'quantity': -68.0}]",0.0,0.0,0.0,0.0,0.0,0.0,-0.0010715026422336747,96360.54277343754
2026-05-12 09:30:00-04:00,96360.54277343748,146439.1436035156,0.0,0.0,0.0,False,margin,0.0,0.0,0.0,0,0,,,"[{'asset': {'symbol': 'SPY', 'type': 'stock'}, 'quantity': -68.0}]",0.0,0.0,0.0,0.0,0.0,0.0,0.0,96360.54277343754
2026-05-12 09:30:00-04:00,96360.54277343748,146439.1436035156,0.0,0.0,0.0,False,margin,0.0,0.0,0.0,0,0,,,"[{'asset': {'symbol': 'SPY', 'type': 'stock'}, 'quantity': -68.0}]",0.0,0.0,0.0,0.0,0.0,0.0,0.0,96360.54277343754
2026-05-12 16:00:00-04:00,96360.54277343748,146439.1436035156,0.0,0.0,0.0,False,margin,0.0,0.0,0.0,0,0,,,"[{'asset': {'symbol': 'SPY', 'type': 'stock'}, 'quantity': -68.0}]",0.0,0.0,0.0,0.0,0.0,0.0,0.0,96360.54277343754
2026-05-13 08:30:00-04:00,96330.62260742186,146439.1436035156,0.0,0.0,0.0,False,margin,0.0,0.0,0.0,0,0,,,"[{'asset': {'symbol': 'SPY', 'type': 'stock'}, 'quantity': -68.0}]",0.0,0.0,0.0,0.0,0.0,0.0,-0.00031050225698679566,96330.62260742192
2026-05-13 09:30:00-04:00,96330.62260742186,146439.1436035156,0.0,0.0,0.0,False,margin,0.0,0.0,0.0,0,0,,,"[{'asset': {'symbol': 'SPY', 'type': 'stock'}, 'quantity': -68.0}]",0.0,0.0,0.0,0.0,0.0,0.0,0.0,96330.62260742192
2026-05-13 09:30:00-04:00,96330.62260742186,146439.1436035156,0.0,0.0,0.0,False,margin,0.0,0.0,0.0,0,0,,,"[{'asset': {'symbol': 'SPY', 'type': 'stock'}, 'quantity': -68.0}]",0.0,0.0,0.0,0.0,0.0,0.0,0.0,96330.62260742192
2026-05-13 16:00:00-04:00,96330.62260742186,146439.1436035156,0.0,0.0,0.0,False,margin,0.0,0.0,0.0,0,0,,,"[{'asset': {'symbol': 'SPY', 'type': 'stock'}, 'quantity': -68.0}]",0.0,0.0,0.0,0.0,0.0,0.0,0.0,96330.62260742192
2026-05-14 08:30:00-04:00,96223.18559570311,146439.1436035156,0.0,0.0,0.0,False,margin,0.0,0.0,0.0,0,0,,,"[{'asset': {'symbol': 'SPY', 'type': 'stock'}, 'quantity': -68.0}]",0.0,0.0,0.0,0.0,0.0,0.0,-0.0011152944807238528,96223.18559570315
2026-05-14 09:30:00-04:00,96223.18559570311,146439.1436035156,0.0,0.0,0.0,False,margin,0.0,0.0,0.0,0,0,,,"[{'asset': {'symbol': 'SPY', 'type': 'stock'}, 'quantity': -68.0}]",0.0,0.0,0.0,0.0,0.0,0.0,0.0,96223.18559570315
2026-05-14 09:30:00-04:00,96223.18559570311,146439.1436035156,0.0,0.0,0.0,False,margin,0.0,0.0,0.0,0,0,,,"[{'asset': {'symbol': 'SPY', 'type': 'stock'}, 'quantity': -68.0}]",0.0,0.0,0.0,0.0,0.0,0.0,0.0,96223.18559570315
2026-05-14 16:00:00-04:00,96223.18559570311,146439.1436035156,0.0,0.0,0.0,False,margin,0.0,0.0,0.0,0,0,,,"[{'asset': {'symbol': 'SPY', 'type': 'stock'}, 'quantity': -68.0}]",0.0,0.0,0.0,0.0,0.0,0.0,0.0,96223.18559570315
2026-05-15 08:30:00-04:00,95870.94194335936,146439.1436035156,0.0,0.0,0.0,False,margin,0.0,0.0,0.0,0,0,,,"[{'asset': {'symbol': 'SPY', 'type': 'stock'}, 'quantity': -68.0}]",0.0,0.0,0.0,0.0,0.0,0.0,-0.0036606941472895863,95870.94194335942
2026-05-15 09:30:00-04:00,95870.94194335936,146439.1436035156,0.0,0.0,0.0,False,margin,0.0,0.0,0.0,0,0,,,"[{'asset': {'symbol': 'SPY', 'type': 'stock'}, 'quantity': -68.0}]",0.0,0.0,0.0,0.0,0.0,0.0,0.0,95870.94194335942
2026-05-15 09:30:00-04:00,95870.94194335936,146439.1436035156,0.0,0.0,0.0,False,margin,0.0,0.0,0.0,0,0,,,"[{'asset': {'symbol': 'SPY', 'type': 'stock'}, 'quantity': -68.0}]",0.0,0.0,0.0,0.0,0.0,0.0,0.0,95870.94194335942
2026-05-15 16:00:00-04:00,95870.94194335936,146439.1436035156,0.0,0.0,0.0,False,margin,0.0,0.0,0.0,0,0,,,"[{'asset': {'symbol': 'SPY', 'type': 'stock'}, 'quantity': -68.0}]",0.0,0.0,0.0,0.0,0.0,0.0,0.0,95870.94194335942
2026-05-18 08:30:00-04:00,95997.42509765623,146439.1436035156,0.0,0.0,0.0,False,margin,0.0,0.0,0.0,0,0,,,"[{'asset': {'symbol': 'SPY', 'type': 'stock'}, 'quantity': -68.0}]",0.0,0.0,0.0,0.0,0.0,0.0,0.00131930647319186,95997.42509765628
2026-05-18 09:30:00-04:00,95997.42509765623,146439.1436035156,0.0,0.0,0.0,False,margin,0.0,0.0,0.0,0,0,,,"[{'asset': {'symbol': 'SPY', 'type': 'stock'}, 'quantity': -68.0}]",0.0,0.0,0.0,0.0,0.0,0.0,0.0,95997.42509765628
2026-05-18 09:30:00-04:00,95997.42509765623,146439.1436035156,0.0,0.0,0.0,False,margin,0.0,0.0,0.0,0,0,,,"[{'asset': {'symbol': 'SPY', 'type': 'stock'}, 'quantity': -68.0}]",0.0,0.0,0.0,0.0,0.0,0.0,0.0,95997.42509765628
2026-05-18 16:00:00-04:00,95997.42509765623,146439.1436035156,0.0,0.0,0.0,False,margin,0.0,0.0,0.0,0,0,,,"[{'asset': {'symbol': 'SPY', 'type': 'stock'}, 'quantity': -68.0}]",0.0,0.0,0.0,0.0,0.0,0.0,0.0,95997.42509765628
2026-05-19 08:30:00-04:00,96130.70244140623,146439.1436035156,0.0,0.0,0.0,False,margin,0.0,0.0,0.0,0,0,,,"[{'asset': {'symbol': 'SPY', 'type': 'stock'}, 'quantity': -68.0}]",0.0,0.0,0.0,0.0,0.0,0.0,0.0013883429020561714,96130.70244140628
2026-05-19 09:30:00-04:00,96130.70244140623,146439.1436035156,0.0,0.0,0.0,False,margin,0.0,0.0,0.0,0,0,,,"[{'asset': {'symbol': 'SPY', 'type': 'stock'}, 'quantity': -68.0}]",0.0,0.0,0.0,0.0,0.0,0.0,0.0,96130.70244140628
2026-05-19 09:30:00-04:00,96130.70244140623,146439.1436035156,0.0,0.0,0.0,False,margin,0.0,0.0,0.0,0,0,,,"[{'asset': {'symbol': 'SPY', 'type': 'stock'}, 'quantity': -68.0}]",0.0,0.0,0.0,0.0,0.0,0.0,0.0,96130.70244140628
2026-05-19 16:00:00-04:00,96130.70244140623,146439.1436035156,0.0,0.0,0.0,False,margin,0.0,0.0,0.0,0,0,,,"[{'asset': {'symbol': 'SPY', 'type': 'stock'}, 'quantity': -68.0}]",0.0,0.0,0.0,0.0,0.0,0.0,0.0,96130.70244140628
2026-05-20 08:30:00-04:00,96474.10161132811,146439.1436035156,0.0,0.0,0.0,False,margin,0.0,0.0,0.0,0,0,,,"[{'asset': {'symbol': 'SPY', 'type': 'stock'}, 'quantity': -68.0}]",0.0,0.0,0.0,0.0,0.0,0.0,0.003572211179161874,96474.10161132815
2026-05-20 09:30:00-04:00,96474.10161132811,146439.1436035156,0.0,0.0,0.0,False,margin,0.0,0.0,0.0,0,0,,,"[{'asset': {'symbol': 'SPY', 'type': 'stock'}, 'quantity': -68.0}]",0.0,0.0,0.0,0.0,0.0,0.0,0.0,96474.10161132815
2026-05-20 09:30:00-04:00,96474.10161132811,146439.1436035156,0.0,0.0,0.0,False,margin,0.0,0.0,0.0,0,0,,,"[{'asset': {'symbol': 'SPY', 'type': 'stock'}, 'quantity': -68.0}]",0.0,0.0,0.0,0.0,0.0,0.0,0.0,96474.10161132815
2026-05-20 16:00:00-04:00,96474.10161132811,146439.1436035156,0.0,0.0,0.0,False,margin,0.0,0.0,0.0,0,0,,,"[{'asset': {'symbol': 'SPY', 'type': 'stock'}, 'quantity': -68.0}]",0.0,0.0,0.0,0.0,0.0,0.0,0.0,96474.10161132815
2026-05-21 08:30:00-04:00,96410.86210937498,146439.1436035156,0.0,0.0,0.0,False,margin,0.0,0.0,0.0,0,0,,,"[{'asset': {'symbol': 'SPY', 'type': 'stock'}, 'quantity': -68.0}]",0.0,0.0,0.0,0.0,0.0,0.0,-0.0006555075496624199,96410.86210937504
2026-05-21 09:30:00-04:00,96410.86210937498,146439.1436035156,0.0,0.0,0.0,False,margin,0.0,0.0,0.0,0,0,,,"[{'asset': {'symbol': 'SPY', 'type': 'stock'}, 'quantity': -68.0}]",0.0,0.0,0.0,0.0,0.0,0.0,0.0,96410.86210937504
2026-05-21 09:30:00-04:00,96410.86210937498,146439.1436035156,0.0,0.0,0.0,False,margin,0.0,0.0,0.0,0,0,,,"[{'asset': {'symbol': 'SPY', 'type': 'stock'}, 'quantity': -68.0}]",0.0,0.0,0.0,0.0,0.0,0.0,0.0,96410.86210937504
2026-05-21 16:00:00-04:00,96410.86210937498,146439.1436035156,0.0,0.0,0.0,False,margin,0.0,0.0,0.0,0,0,,,"[{'asset': {'symbol': 'SPY', 'type': 'stock'}, 'quantity': -68.0}]",0.0,0.0,0.0,0.0,0.0,0.0,0.0,96410.86210937504
2026-05-22 08:30:00-04:00,96211.62260742186,146439.1436035156,0.0,0.0,0.0,False,margin,0.0,0.0,0.0,0,0,,,"[{'asset': {'symbol': 'SPY', 'type': 'stock'}, 'quantity': -68.0}]",0.0,0.0,0.0,0.0,0.0,0.0,-0.002066566957228266,96211.62260742192
2026-05-22 09:30:00-04:00,96211.62260742186,146439.1436035156,0.0,0.0,0.0,False,margin,0.0,0.0,0.0,0,0,,,"[{'asset': {'symbol': 'SPY', 'type': 'stock'}, 'quantity': -68.0}]",0.0,0.0,0.0,0.0,0.0,0.0,0.0,96211.62260742192
2026-05-22 09:30:00-04:00,96211.62260742186,146439.1436035156,0.0,0.0,0.0,False,margin,0.0,0.0,0.0,0,0,,,"[{'asset': {'symbol': 'SPY', 'type': 'stock'}, 'quantity': -68.0}]",0.0,0.0,0.0,0.0,0.0,0.0,0.0,96211.62260742192
2026-05-22 16:00:00-04:00,96211.62260742186,146439.1436035156,0.0,0.0,0.0,False,margin,0.0,0.0,0.0,0,0,,,"[{'asset': {'symbol': 'SPY', 'type': 'stock'}, 'quantity': -68.0}]",0.0,0.0,0.0,0.0,0.0,0.0,0.0,96211.62260742192
2026-05-26 08:30:00-04:00,95414.56125488279,95414.56125488279,0.0,0.0,0.0,False,margin,0.0,0.0,0.0,0,0,,,[],0.0,0.0,0.0,0.0,0.0,0.0,-0.008284460140448554,95414.56125488284
2026-05-26 09:30:00-04:00,95414.56125488279,95414.56125488279,0.0,0.0,0.0,False,margin,0.0,0.0,0.0,0,0,,,[],0.0,0.0,0.0,0.0,0.0,0.0,0.0,95414.56125488284
2026-05-26 09:30:00-04:00,95414.56125488279,95414.56125488279,0.0,0.0,0.0,False,margin,0.0,0.0,0.0,0,0,,,[],0.0,0.0,0.0,0.0,0.0,0.0,0.0,95414.56125488284
2026-05-26 16:00:00-04:00,95414.56125488279,95414.56125488279,0.0,0.0,0.0,False,margin,0.0,0.0,0.0,0,0,,,[],0.0,0.0,0.0,0.0,0.0,0.0,0.0,95414.56125488284
2026-05-27 08:30:00-04:00,95414.56125488279,95414.56125488279,0.0,0.0,0.0,False,margin,0.0,0.0,0.0,0,0,,,[],0.0,0.0,0.0,0.0,0.0,0.0,0.0,95414.56125488284
2026-05-27 09:30:00-04:00,95414.56125488279,95414.56125488279,0.0,0.0,0.0,False,margin,0.0,0.0,0.0,0,0,,,[],0.0,0.0,0.0,0.0,0.0,0.0,0.0,95414.56125488284
2026-05-27 09:30:00-04:00,95414.56125488279,95414.56125488279,0.0,0.0,0.0,False,margin,0.0,0.0,0.0,0,0,,,[],0.0,0.0,0.0,0.0,0.0,0.0,0.0,95414.56125488284
2026-05-27 16:00:00-04:00,95414.56125488279,95414.56125488279,0.0,0.0,0.0,False,margin,0.0,0.0,0.0,0,0,,,[],0.0,0.0,0.0,0.0,0.0,0.0,0.0,95414.56125488284
2026-05-28 08:30:00-04:00,95414.56125488279,95414.56125488279,0.0,0.0,0.0,False,margin,0.0,0.0,0.0,0,0,,,[],0.0,0.0,0.0,0.0,0.0,0.0,0.0,95414.56125488284
2026-05-28 09:30:00-04:00,95414.56125488279,95414.56125488279,0.0,0.0,0.0,False,margin,0.0,0.0,0.0,0,0,,,[],0.0,0.0,0.0,0.0,0.0,0.0,0.0,95414.56125488284
2026-05-28 09:30:00-04:00,95414.56125488279,95414.56125488279,0.0,0.0,0.0,False,margin,0.0,0.0,0.0,0,0,,,[],0.0,0.0,0.0,0.0,0.0,0.0,0.0,95414.56125488284
2026-05-28 16:00:00-04:00,95414.56125488279,95414.56125488279,0.0,0.0,0.0,False,margin,0.0,0.0,0.0,0,0,,,[],0.0,0.0,0.0,0.0,0.0,0.0,0.0,95414.56125488284
2026-05-29 08:30:00-04:00,95414.56125488279,95414.56125488279,0.0,0.0,0.0,False,margin,0.0,0.0,0.0,0,0,,,[],0.0,0.0,0.0,0.0,0.0,0.0,0.0,95414.56125488284
2026-05-29 09:30:00-04:00,95414.56125488279,95414.56125488279,0.0,0.0,0.0,False,margin,0.0,0.0,0.0,0,0,,,[],0.0,0.0,0.0,0.0,0.0,0.0,0.0,95414.56125488284
2026-05-29 09:30:00-04:00,95414.56125488279,95414.56125488279,0.0,0.0,0.0,False,margin,0.0,0.0,0.0,0,0,,,[],0.0,0.0,0.0,0.0,0.0,0.0,0.0,95414.56125488284
2026-05-29 16:00:00-04:00,95414.56125488279,95414.56125488279,0.0,0.0,0.0,False,margin,0.0,0.0,0.0,0,0,,,[],0.0,0.0,0.0,0.0,0.0,0.0,0.0,95414.56125488284
2026-06-01 08:30:00-04:00,95414.56125488279,95414.56125488279,0.0,0.0,0.0,False,margin,0.0,0.0,0.0,0,0,,,[],0.0,0.0,0.0,0.0,0.0,0.0,0.0,95414.56125488284
2026-06-01 09:30:00-04:00,95414.56125488279,95414.56125488279,0.0,0.0,0.0,False,margin,0.0,0.0,0.0,0,0,,,[],0.0,0.0,0.0,0.0,0.0,0.0,0.0,95414.56125488284
2026-06-01 09:30:00-04:00,95414.56125488279,95414.56125488279,0.0,0.0,0.0,False,margin,0.0,0.0,0.0,0,0,,,[],0.0,0.0,0.0,0.0,0.0,0.0,0.0,95414.56125488284
2026-06-01 16:00:00-04:00,95414.56125488279,95414.56125488279,0.0,0.0,0.0,False,margin,0.0,0.0,0.0,0,0,,,[],0.0,0.0,0.0,0.0,0.0,0.0,0.0,95414.56125488284
2026-06-02 08:30:00-04:00,95414.56125488279,95414.56125488279,0.0,0.0,0.0,False,margin,0.0,0.0,0.0,0,0,,,[],0.0,0.0,0.0,0.0,0.0,0.0,0.0,95414.56125488284
2026-06-02 09:30:00-04:00,95414.56125488279,95414.56125488279,0.0,0.0,0.0,False,margin,0.0,0.0,0.0,0,0,,,[],0.0,0.0,0.0,0.0,0.0,0.0,0.0,95414.56125488284
2026-06-02 09:30:00-04:00,95414.56125488279,95414.56125488279,0.0,0.0,0.0,False,margin,0.0,0.0,0.0,0,0,,,[],0.0,0.0,0.0,0.0,0.0,0.0,0.0,95414.56125488284
2026-06-02 16:00:00-04:00,95414.56125488279,95414.56125488279,0.0,0.0,0.0,False,margin,0.0,0.0,0.0,0,0,,,[],0.0,0.0,0.0,0.0,0.0,0.0,0.0,95414.56125488284
2026-06-03 08:30:00-04:00,95414.56125488279,95414.56125488279,0.0,0.0,0.0,False,margin,0.0,0.0,0.0,0,0,,,[],0.0,0.0,0.0,0.0,0.0,0.0,0.0,95414.56125488284
2026-06-03 09:30:00-04:00,95414.56125488279,95414.56125488279,0.0,0.0,0.0,False,margin,0.0,0.0,0.0,0,0,,,[],0.0,0.0,0.0,0.0,0.0,0.0,0.0,95414.56125488284
2026-06-03 09:30:00-04:00,95414.56125488279,95414.56125488279,0.0,0.0,0.0,False,margin,0.0,0.0,0.0,0,0,,,[],0.0,0.0,0.0,0.0,0.0,0.0,0.0,95414.56125488284
2026-06-03 16:00:00-04:00,95414.56125488279,95414.56125488279,0.0,0.0,0.0,False,margin,0.0,0.0,0.0,0,0,,,[],0.0,0.0,0.0,0.0,0.0,0.0,0.0,95414.56125488284
2026-06-04 08:30:00-04:00,95414.56125488279,95414.56125488279,0.0,0.0,0.0,False,margin,0.0,0.0,0.0,0,0,,,[],0.0,0.0,0.0,0.0,0.0,0.0,0.0,95414.56125488284
2026-06-04 09:30:00-04:00,95414.56125488279,95414.56125488279,0.0,0.0,0.0,False,margin,0.0,0.0,0.0,0,0,,,[],0.0,0.0,0.0,0.0,0.0,0.0,0.0,95414.56125488284
2026-06-04 09:30:00-04:00,95414.56125488279,95414.56125488279,0.0,0.0,0.0,False,margin,0.0,0.0,0.0,0,0,,,[],0.0,0.0,0.0,0.0,0.0,0.0,0.0,95414.56125488284
2026-06-04 16:00:00-04:00,95414.56125488279,95414.56125488279,0.0,0.0,0.0,False,margin,0.0,0.0,0.0,0,0,,,[],0.0,0.0,0.0,0.0,0.0,0.0,0.0,95414.56125488284
2026-06-05 08:30:00-04:00,95414.56125488279,95414.56125488279,0.0,0.0,0.0,False,margin,0.0,0.0,0.0,0,0,,,[],0.0,0.0,0.0,0.0,0.0,0.0,0.0,95414.56125488284
2026-06-05 09:30:00-04:00,95414.56125488279,95414.56125488279,0.0,0.0,0.0,False,margin,0.0,0.0,0.0,0,0,,,[],0.0,0.0,0.0,0.0,0.0,0.0,0.0,95414.56125488284
2026-06-05 09:30:00-04:00,95414.56125488279,95414.56125488279,0.0,0.0,0.0,False,margin,0.0,0.0,0.0,0,0,,,[],0.0,0.0,0.0,0.0,0.0,0.0,0.0,95414.56125488284
2026-06-05 16:00:00-04:00,95414.56125488279,95414.56125488279,0.0,0.0,0.0,False,margin,0.0,0.0,0.0,0,0,,,[],0.0,0.0,0.0,0.0,0.0,0.0,0.0,95414.56125488284
2026-06-08 08:30:00-04:00,95414.56125488279,95414.56125488279,0.0,0.0,0.0,False,margin,0.0,0.0,0.0,0,0,,,[],0.0,0.0,0.0,0.0,0.0,0.0,0.0,95414.56125488284
2026-06-08 09:30:00-04:00,95414.56125488279,95414.56125488279,0.0,0.0,0.0,False,margin,0.0,0.0,0.0,0,0,,,[],0.0,0.0,0.0,0.0,0.0,0.0,0.0,95414.56125488284
2026-06-08 09:30:00-04:00,95414.56125488279,95414.56125488279,0.0,0.0,0.0,False,margin,0.0,0.0,0.0,0,0,,,[],0.0,0.0,0.0,0.0,0.0,0.0,0.0,95414.56125488284
2026-06-08 16:00:00-04:00,95414.56125488279,95414.56125488279,0.0,0.0,0.0,False,margin,0.0,0.0,0.0,0,0,,,[],0.0,0.0,0.0,0.0,0.0,0.0,0.0,95414.56125488284
2026-06-09 08:30:00-04:00,95414.56125488279,95414.56125488279,0.0,0.0,0.0,False,margin,0.0,0.0,0.0,0,0,,,[],0.0,0.0,0.0,0.0,0.0,0.0,0.0,95414.56125488284
2026-06-09 09:30:00-04:00,95414.56125488279,95414.56125488279,0.0,0.0,0.0,False,margin,0.0,0.0,0.0,0,0,,,[],0.0,0.0,0.0,0.0,0.0,0.0,0.0,95414.56125488284
2026-06-09 09:30:00-04:00,95414.56125488279,95414.56125488279,0.0,0.0,0.0,False,margin,0.0,0.0,0.0,0,0,,,[],0.0,0.0,0.0,0.0,0.0,0.0,0.0,95414.56125488284
2026-06-09 16:00:00-04:00,95414.56125488279,95414.56125488279,0.0,0.0,0.0,False,margin,0.0,0.0,0.0,0,0,,,[],0.0,0.0,0.0,0.0,0.0,0.0,0.0,95414.56125488284
2026-06-10 08:30:00-04:00,95414.56125488279,95414.56125488279,0.0,0.0,0.0,False,margin,0.0,0.0,0.0,0,0,,,[],0.0,0.0,0.0,0.0,0.0,0.0,0.0,95414.56125488284
2026-06-10 09:30:00-04:00,95414.56125488279,95414.56125488279,0.0,0.0,0.0,False,margin,0.0,0.0,0.0,0,0,,,[],0.0,0.0,0.0,0.0,0.0,0.0,0.0,95414.56125488284
2026-06-10 09:30:00-04:00,95414.56125488279,95414.56125488279,0.0,0.0,0.0,False,margin,0.0,0.0,0.0,0,0,,,[],0.0,0.0,0.0,0.0,0.0,0.0,0.0,95414.56125488284
2026-06-10 16:00:00-04:00,95414.56125488279,95414.56125488279,0.0,0.0,0.0,False,margin,0.0,0.0,0.0,0,0,,,[],0.0,0.0,0.0,0.0,0.0,0.0,0.0,95414.56125488284
2026-06-11 08:30:00-04:00,95414.56125488279,95414.56125488279,0.0,0.0,0.0,False,margin,0.0,0.0,0.0,0,0,,,[],0.0,0.0,0.0,0.0,0.0,0.0,0.0,95414.56125488284
2026-06-11 09:30:00-04:00,95414.56125488279,95414.56125488279,0.0,0.0,0.0,False,margin,0.0,0.0,0.0,0,0,,,[],0.0,0.0,0.0,0.0,0.0,0.0,0.0,95414.56125488284
2026-06-11 09:30:00-04:00,95414.56125488279,95414.56125488279,0.0,0.0,0.0,False,margin,0.0,0.0,0.0,0,0,,,[],0.0,0.0,0.0,0.0,0.0,0.0,0.0,95414.56125488284
2026-06-11 16:00:00-04:00,95414.56125488279,95414.56125488279,0.0,0.0,0.0,False,margin,0.0,0.0,0.0,0,0,,,[],0.0,0.0,0.0,0.0,0.0,0.0,0.0,95414.56125488284
2026-06-12 08:30:00-04:00,95414.56125488279,95414.56125488279,0.0,0.0,0.0,False,margin,0.0,0.0,0.0,0,0,,,[],0.0,0.0,0.0,0.0,0.0,0.0,0.0,95414.56125488284
2026-06-12 09:30:00-04:00,95414.56125488279,95414.56125488279,0.0,0.0,0.0,False,margin,0.0,0.0,0.0,0,0,,,[],0.0,0.0,0.0,0.0,0.0,0.0,0.0,95414.56125488284
2026-06-12 09:30:00-04:00,95414.56125488279,95414.56125488279,0.0,0.0,0.0,False,margin,0.0,0.0,0.0,0,0,,,[],0.0,0.0,0.0,0.0,0.0,0.0,0.0,95414.56125488284
2026-06-12 16:00:00-04:00,95414.56125488279,95414.56125488279,0.0,0.0,0.0,False,margin,0.0,0.0,0.0,0,0,,,[],0.0,0.0,0.0,0.0,0.0,0.0,0.0,95414.56125488284
2026-06-15 08:30:00-04:00,95414.56125488279,95414.56125488279,0.0,0.0,0.0,False,margin,0.0,0.0,0.0,0,0,,,[],0.0,0.0,0.0,0.0,0.0,0.0,0.0,95414.56125488284
2026-06-15 09:30:00-04:00,95414.56125488279,95414.56125488279,0.0,0.0,0.0,False,margin,0.0,0.0,0.0,0,0,,,[],0.0,0.0,0.0,0.0,0.0,0.0,0.0,95414.56125488284
2026-06-15 09:30:00-04:00,95414.56125488279,95414.56125488279,0.0,0.0,0.0,False,margin,0.0,0.0,0.0,0,0,,,[],0.0,0.0,0.0,0.0,0.0,0.0,0.0,95414.56125488284
2026-06-15 16:00:00-04:00,95414.56125488279,95414.56125488279,0.0,0.0,0.0,False,margin,0.0,0.0,0.0,0,0,,,[],0.0,0.0,0.0,0.0,0.0,0.0,0.0,95414.56125488284
2026-06-16 08:30:00-04:00,95414.56125488279,95414.56125488279,0.0,0.0,0.0,False,margin,0.0,0.0,0.0,0,0,,,[],0.0,0.0,0.0,0.0,0.0,0.0,0.0,95414.56125488284
2026-06-16 09:30:00-04:00,95414.56125488279,95414.56125488279,0.0,0.0,0.0,False,margin,0.0,0.0,0.0,0,0,,,[],0.0,0.0,0.0,0.0,0.0,0.0,0.0,95414.56125488284
2026-06-16 09:30:00-04:00,95414.56125488279,95414.56125488279,0.0,0.0,0.0,False,margin,0.0,0.0,0.0,0,0,,,[],0.0,0.0,0.0,0.0,0.0,0.0,0.0,95414.56125488284
2026-06-16 16:00:00-04:00,95414.56125488279,95414.56125488279,0.0,0.0,0.0,False,margin,0.0,0.0,0.0,0,0,,,[],0.0,0.0,0.0,0.0,0.0,0.0,0.0,95414.56125488284
2026-06-17 08:30:00-04:00,95414.56125488279,95414.56125488279,0.0,0.0,0.0,False,margin,0.0,0.0,0.0,0,0,,,[],0.0,0.0,0.0,0.0,0.0,0.0,0.0,95414.56125488284
2026-06-17 09:30:00-04:00,95414.56125488279,95414.56125488279,0.0,0.0,0.0,False,margin,0.0,0.0,0.0,0,0,,,[],0.0,0.0,0.0,0.0,0.0,0.0,0.0,95414.56125488284
2026-06-17 09:30:00-04:00,95414.56125488279,95414.56125488279,0.0,0.0,0.0,False,margin,0.0,0.0,0.0,0,0,,,[],0.0,0.0,0.0,0.0,0.0,0.0,0.0,95414.56125488284
2026-06-17 16:00:00-04:00,95414.56125488279,95414.56125488279,0.0,0.0,0.0,False,margin,0.0,0.0,0.0,0,0,,,[],0.0,0.0,0.0,0.0,0.0,0.0,0.0,95414.56125488284
2026-06-18 08:30:00-04:00,95414.56125488279,95414.56125488279,0.0,0.0,0.0,False,margin,0.0,0.0,0.0,0,0,,,[],0.0,0.0,0.0,0.0,0.0,0.0,0.0,95414.56125488284
2026-06-18 09:30:00-04:00,95414.56125488279,95414.56125488279,0.0,0.0,0.0,False,margin,0.0,0.0,0.0,0,0,,,[],0.0,0.0,0.0,0.0,0.0,0.0,0.0,95414.56125488284
2026-06-18 09:30:00-04:00,95414.56125488279,95414.56125488279,0.0,0.0,0.0,False,margin,0.0,0.0,0.0,0,0,,,[],0.0,0.0,0.0,0.0,0.0,0.0,0.0,95414.56125488284
2026-06-18 16:00:00-04:00,95414.56125488279,95414.56125488279,0.0,0.0,0.0,False,margin,0.0,0.0,0.0,0,0,,,[],0.0,0.0,0.0,0.0,0.0,0.0,0.0,95414.56125488284
2026-06-22 08:30:00-04:00,95414.56125488279,95414.56125488279,0.0,0.0,0.0,False,margin,0.0,0.0,0.0,0,0,,,[],0.0,0.0,0.0,0.0,0.0,0.0,0.0,95414.56125488284
2026-06-22 09:30:00-04:00,95414.56125488279,95414.56125488279,0.0,0.0,0.0,False,margin,0.0,0.0,0.0,0,0,,,[],0.0,0.0,0.0,0.0,0.0,0.0,0.0,95414.56125488284
2026-06-22 09:30:00-04:00,95414.56125488279,95414.56125488279,0.0,0.0,0.0,False,margin,0.0,0.0,0.0,0,0,,,[],0.0,0.0,0.0,0.0,0.0,0.0,0.0,95414.56125488284
2026-06-22 16:00:00-04:00,95414.56125488279,95414.56125488279,0.0,0.0,0.0,False,margin,0.0,0.0,0.0,0,0,,,[],0.0,0.0,0.0,0.0,0.0,0.0,0.0,95414.56125488284
2026-06-23 08:30:00-04:00,95414.56125488279,95414.56125488279,0.0,0.0,0.0,False,margin,0.0,0.0,0.0,0,0,,,[],0.0,0.0,0.0,0.0,0.0,0.0,0.0,95414.56125488284
2026-06-23 09:30:00-04:00,95414.56125488279,95414.56125488279,0.0,0.0,0.0,False,margin,0.0,0.0,0.0,0,0,,,[],0.0,0.0,0.0,0.0,0.0,0.0,0.0,95414.56125488284
2026-06-23 09:30:00-04:00,95414.56125488279,95414.56125488279,0.0,0.0,0.0,False,margin,0.0,0.0,0.0,0,0,,,[],0.0,0.0,0.0,0.0,0.0,0.0,0.0,95414.56125488284
2026-06-23 16:00:00-04:00,95414.56125488279,95414.56125488279,0.0,0.0,0.0,False,margin,0.0,0.0,0.0,0,0,,,[],0.0,0.0,0.0,0.0,0.0,0.0,0.0,95414.56125488284
2026-06-24 08:30:00-04:00,95414.56125488279,95414.56125488279,0.0,0.0,0.0,False,margin,0.0,0.0,0.0,0,0,,,[],0.0,0.0,0.0,0.0,0.0,0.0,0.0,95414.56125488284
2026-06-24 09:30:00-04:00,95414.56125488279,95414.56125488279,0.0,0.0,0.0,False,margin,0.0,0.0,0.0,0,0,,,[],0.0,0.0,0.0,0.0,0.0,0.0,0.0,95414.56125488284
2026-06-24 09:30:00-04:00,95414.56125488279,95414.56125488279,0.0,0.0,0.0,False,margin,0.0,0.0,0.0,0,0,,,[],0.0,0.0,0.0,0.0,0.0,0.0,0.0,95414.56125488284
2026-06-24 16:00:00-04:00,95414.56125488279,95414.56125488279,0.0,0.0,0.0,False,margin,0.0,0.0,0.0,0,0,,,[],0.0,0.0,0.0,0.0,0.0,0.0,0.0,95414.56125488284
2026-06-25 08:30:00-04:00,95414.56125488279,95414.56125488279,0.0,0.0,0.0,False,margin,0.0,0.0,0.0,0,0,,,[],0.0,0.0,0.0,0.0,0.0,0.0,0.0,95414.56125488284
2026-06-25 09:30:00-04:00,95414.56125488279,95414.56125488279,0.0,0.0,0.0,False,margin,0.0,0.0,0.0,0,0,,,[],0.0,0.0,0.0,0.0,0.0,0.0,0.0,95414.56125488284
2026-06-25 09:30:00-04:00,95414.56125488279,95414.56125488279,0.0,0.0,0.0,False,margin,0.0,0.0,0.0,0,0,,,[],0.0,0.0,0.0,0.0,0.0,0.0,0.0,95414.56125488284
2026-06-25 16:00:00-04:00,95414.56125488279,95414.56125488279,0.0,0.0,0.0,False,margin,0.0,0.0,0.0,0,0,,,[],0.0,0.0,0.0,0.0,0.0,0.0,0.0,95414.56125488284
2026-06-26 08:30:00-04:00,95414.56125488279,95414.56125488279,0.0,0.0,0.0,False,margin,0.0,0.0,0.0,0,0,,,[],0.0,0.0,0.0,0.0,0.0,0.0,0.0,95414.56125488284
2026-06-26 09:30:00-04:00,95414.56125488279,95414.56125488279,0.0,0.0,0.0,False,margin,0.0,0.0,0.0,0,0,,,[],0.0,0.0,0.0,0.0,0.0,0.0,0.0,95414.56125488284
2026-06-26 09:30:00-04:00,95414.56125488279,95414.56125488279,0.0,0.0,0.0,False,margin,0.0,0.0,0.0,0,0,,,[],0.0,0.0,0.0,0.0,0.0,0.0,0.0,95414.56125488284
2026-06-26 16:00:00-04:00,95414.56125488279,95414.56125488279,0.0,0.0,0.0,False,margin,0.0,0.0,0.0,0,0,,,[],0.0,0.0,0.0,0.0,0.0,0.0,0.0,95414.56125488284
2026-06-29 08:30:00-04:00,95414.56125488279,95414.56125488279,0.0,0.0,0.0,False,margin,0.0,0.0,0.0,0,0,,,[],0.0,0.0,0.0,0.0,0.0,0.0,0.0,95414.56125488284
2026-06-29 09:30:00-04:00,95414.56125488279,95414.56125488279,0.0,0.0,0.0,False,margin,0.0,0.0,0.0,0,0,,,[],0.0,0.0,0.0,0.0,0.0,0.0,0.0,95414.56125488284
2026-06-29 09:30:00-04:00,95414.56125488279,95414.56125488279,0.0,0.0,0.0,False,margin,0.0,0.0,0.0,0,0,,,[],0.0,0.0,0.0,0.0,0.0,0.0,0.0,95414.56125488284
2026-06-29 16:00:00-04:00,95414.56125488279,95414.56125488279,0.0,0.0,0.0,False,margin,0.0,0.0,0.0,0,0,,,[],0.0,0.0,0.0,0.0,0.0,0.0,0.0,95414.56125488284
2026-06-30 08:30:00-04:00,95414.56125488279,95414.56125488279,0.0,0.0,0.0,False,margin,0.0,0.0,0.0,0,0,,,[],0.0,0.0,0.0,0.0,0.0,0.0,0.0,95414.56125488284
2026-06-30 09:30:00-04:00,95414.56125488279,95414.56125488279,0.0,0.0,0.0,False,margin,0.0,0.0,0.0,0,0,,,[],0.0,0.0,0.0,0.0,0.0,0.0,0.0,95414.56125488284
2026-06-30 09:30:00-04:00,95414.56125488279,95414.56125488279,0.0,0.0,0.0,False,margin,0.0,0.0,0.0,0,0,,,[],0.0,0.0,0.0,0.0,0.0,0.0,0.0,95414.56125488284
2026-06-30 16:00:00-04:00,95414.56125488279,95414.56125488279,0.0,0.0,0.0,False,margin,0.0,0.0,0.0,0,0,,,[],0.0,0.0,0.0,0.0,0.0,0.0,0.0,95414.56125488284
2026-07-01 08:30:00-04:00,95414.56125488279,95414.56125488279,0.0,0.0,0.0,False,margin,0.0,0.0,0.0,0,0,,,[],0.0,0.0,0.0,0.0,0.0,0.0,0.0,95414.56125488284
2026-07-01 09:30:00-04:00,95414.56125488279,95414.56125488279,0.0,0.0,0.0,False,margin,0.0,0.0,0.0,0,0,,,[],0.0,0.0,0.0,0.0,0.0,0.0,0.0,95414.56125488284
2026-07-01 09:30:00-04:00,95414.56125488279,95414.56125488279,0.0,0.0,0.0,False,margin,0.0,0.0,0.0,0,0,,,[],0.0,0.0,0.0,0.0,0.0,0.0,0.0,95414.56125488284
2026-07-01 16:00:00-04:00,95414.56125488279,95414.56125488279,0.0,0.0,0.0,False,margin,0.0,0.0,0.0,0,0,,,[],0.0,0.0,0.0,0.0,0.0,0.0,0.0,95414.56125488284
2026-07-02 08:30:00-04:00,95414.56125488279,95414.56125488279,0.0,0.0,0.0,False,margin,0.0,0.0,0.0,0,0,,,[],0.0,0.0,0.0,0.0,0.0,0.0,0.0,95414.56125488284
2026-07-02 09:30:00-04:00,95414.56125488279,95414.56125488279,0.0,0.0,0.0,False,margin,0.0,0.0,0.0,0,0,,,[],0.0,0.0,0.0,0.0,0.0,0.0,0.0,95414.56125488284
2026-07-02 09:30:00-04:00,95414.56125488279,95414.56125488279,0.0,0.0,0.0,False,margin,0.0,0.0,0.0,0,0,,,[],0.0,0.0,0.0,0.0,0.0,0.0,0.0,95414.56125488284
2026-07-02 16:00:00-04:00,95414.56125488279,95414.56125488279,0.0,0.0,0.0,False,margin,0.0,0.0,0.0,0,0,,,[],0.0,0.0,0.0,0.0,0.0,0.0,0.0,95414.56125488284
2026-07-06 08:30:00-04:00,95414.56125488279,95414.56125488279,0.0,0.0,0.0,False,margin,0.0,0.0,0.0,0,0,,,[],0.0,0.0,0.0,0.0,0.0,0.0,0.0,95414.56125488284
2026-07-06 09:30:00-04:00,95414.56125488279,95414.56125488279,0.0,0.0,0.0,False,margin,0.0,0.0,0.0,0,0,,,[],0.0,0.0,0.0,0.0,0.0,0.0,0.0,95414.56125488284
2026-07-06 09:30:00-04:00,95414.56125488279,95414.56125488279,0.0,0.0,0.0,False,margin,0.0,0.0,0.0,0,0,,,[],0.0,0.0,0.0,0.0,0.0,0.0,0.0,95414.56125488284
2026-07-06 16:00:00-04:00,95414.56125488279,95414.56125488279,0.0,0.0,0.0,False,margin,0.0,0.0,0.0,0,0,,,[],0.0,0.0,0.0,0.0,0.0,0.0,0.0,95414.56125488284
2026-07-07 08:30:00-04:00,95414.56125488279,95414.56125488279,0.0,0.0,0.0,False,margin,0.0,0.0,0.0,0,0,,,[],0.0,0.0,0.0,0.0,0.0,0.0,0.0,95414.56125488284
2026-07-07 09:30:00-04:00,95414.56125488279,95414.56125488279,0.0,0.0,0.0,False,margin,0.0,0.0,0.0,0,0,,,[],0.0,0.0,0.0,0.0,0.0,0.0,0.0,95414.56125488284
2026-07-07 09:30:00-04:00,95414.56125488279,95414.56125488279,0.0,0.0,0.0,False,margin,0.0,0.0,0.0,0,0,,,[],0.0,0.0,0.0,0.0,0.0,0.0,0.0,95414.56125488284
2026-07-07 16:00:00-04:00,95414.56125488279,95414.56125488279,0.0,0.0,0.0,False,margin,0.0,0.0,0.0,0,0,,,[],0.0,0.0,0.0,0.0,0.0,0.0,0.0,95414.56125488284
2026-07-08 08:30:00-04:00,95414.56125488279,95414.56125488279,0.0,0.0,0.0,False,margin,0.0,0.0,0.0,0,0,,,[],0.0,0.0,0.0,0.0,0.0,0.0,0.0,95414.56125488284
2026-07-08 09:30:00-04:00,95414.56125488279,95414.56125488279,0.0,0.0,0.0,False,margin,0.0,0.0,0.0,0,0,,,[],0.0,0.0,0.0,0.0,0.0,0.0,0.0,95414.56125488284
2026-07-08 09:30:00-04:00,95414.56125488279,95414.56125488279,0.0,0.0,0.0,False,margin,0.0,0.0,0.0,0,0,,,[],0.0,0.0,0.0,0.0,0.0,0.0,0.0,95414.56125488284
2026-07-08 16:00:00-04:00,95414.56125488279,95414.56125488279,0.0,0.0,0.0,False,margin,0.0,0.0,0.0,0,0,,,[],0.0,0.0,0.0,0.0,0.0,0.0,0.0,95414.56125488284
2026-07-09 08:30:00-04:00,95414.56125488279,95414.56125488279,0.0,0.0,0.0,False,margin,0.0,0.0,0.0,0,0,,,[],0.0,0.0,0.0,0.0,0.0,0.0,0.0,95414.56125488284
2026-07-09 09:30:00-04:00,95414.56125488279,95414.56125488279,0.0,0.0,0.0,False,margin,0.0,0.0,0.0,0,0,,,[],0.0,0.0,0.0,0.0,0.0,0.0,0.0,95414.56125488284
2026-07-09 09:30:00-04:00,95414.56125488279,95414.56125488279,0.0,0.0,0.0,False,margin,0.0,0.0,0.0,0,0,,,[],0.0,0.0,0.0,0.0,0.0,0.0,0.0,95414.56125488284
2026-07-09 16:00:00-04:00,95414.56125488279,95414.56125488279,0.0,0.0,0.0,False,margin,0.0,0.0,0.0,0,0,,,[],0.0,0.0,0.0,0.0,0.0,0.0,0.0,95414.56125488284
2026-07-10 08:30:00-04:00,95414.56125488279,95414.56125488279,0.0,0.0,0.0,False,margin,0.0,0.0,0.0,0,0,,,[],0.0,0.0,0.0,0.0,0.0,0.0,0.0,95414.56125488284
2026-07-10 09:30:00-04:00,95414.56125488279,95414.56125488279,0.0,0.0,0.0,False,margin,0.0,0.0,0.0,0,0,,,[],0.0,0.0,0.0,0.0,0.0,0.0,0.0,95414.56125488284
2026-07-10 09:30:00-04:00,95414.56125488279,95414.56125488279,0.0,0.0,0.0,False,margin,0.0,0.0,0.0,0,0,,,[],0.0,0.0,0.0,0.0,0.0,0.0,0.0,95414.56125488284
2026-07-10 16:00:00-04:00,95414.56125488279,95414.56125488279,0.0,0.0,0.0,False,margin,0.0,0.0,0.0,0,0,,,[],0.0,0.0,0.0,0.0,0.0,0.0,0.0,95414.56125488284
2026-07-13 08:30:00-04:00,95414.56125488279,95414.56125488279,0.0,0.0,0.0,False,margin,0.0,0.0,0.0,0,0,,,[],0.0,0.0,0.0,0.0,0.0,0.0,0.0,95414.56125488284
2026-07-13 09:30:00-04:00,95414.56125488279,95414.56125488279,0.0,0.0,0.0,False,margin,0.0,0.0,0.0,0,0,,,[],0.0,0.0,0.0,0.0,0.0,0.0,0.0,95414.56125488284
2026-07-13 09:30:00-04:00,95414.56125488279,95414.56125488279,0.0,0.0,0.0,False,margin,0.0,0.0,0.0,0,0,,,[],0.0,0.0,0.0,0.0,0.0,0.0,0.0,95414.56125488284
2026-07-13 16:00:00-04:00,95414.56125488279,95414.56125488279,0.0,0.0,0.0,False,margin,0.0,0.0,0.0,0,0,,,[],0.0,0.0,0.0,0.0,0.0,0.0,0.0,95414.56125488284
2026-07-14 08:30:00-04:00,95414.56125488279,95414.56125488279,0.0,0.0,0.0,False,margin,0.0,0.0,0.0,0,0,,,[],0.0,0.0,0.0,0.0,0.0,0.0,0.0,95414.56125488284
2026-07-14 09:30:00-04:00,95414.56125488279,95414.56125488279,0.0,0.0,0.0,False,margin,0.0,0.0,0.0,0,0,,,[],0.0,0.0,0.0,0.0,0.0,0.0,0.0,95414.56125488284
2026-07-14 09:30:00-04:00,95414.56125488279,95414.56125488279,0.0,0.0,0.0,False,margin,0.0,0.0,0.0,0,0,,,[],0.0,0.0,0.0,0.0,0.0,0.0,0.0,95414.56125488284
2026-07-14 16:00:00-04:00,95414.56125488279,95414.56125488279,0.0,0.0,0.0,False,margin,0.0,0.0,0.0,0,0,,,[],0.0,0.0,0.0,0.0,0.0,0.0,0.0,95414.56125488284
2026-07-15 08:30:00-04:00,95414.56125488279,95414.56125488279,0.0,0.0,0.0,False,margin,0.0,0.0,0.0,0,0,,,[],0.0,0.0,0.0,0.0,0.0,0.0,0.0,95414.56125488284
2026-07-15 09:30:00-04:00,95414.56125488279,95414.56125488279,0.0,0.0,0.0,False,margin,0.0,0.0,0.0,0,0,,,[],0.0,0.0,0.0,0.0,0.0,0.0,0.0,95414.56125488284
2026-07-15 09:30:00-04:00,95414.56125488279,95414.56125488279,0.0,0.0,0.0,False,margin,0.0,0.0,0.0,0,0,,,[],0.0,0.0,0.0,0.0,0.0,0.0,0.0,95414.56125488284
2026-07-15 16:00:00-04:00,95414.56125488279,95414.56125488279,0.0,0.0,0.0,False,margin,0.0,0.0,0.0,0,0,,,[],0.0,0.0,0.0,0.0,0.0,0.0,0.0,95414.56125488284
2026-07-16 08:30:00-04:00,95414.56125488279,95414.56125488279,0.0,0.0,0.0,False,margin,0.0,0.0,0.0,0,0,,,[],0.0,0.0,0.0,0.0,0.0,0.0,0.0,95414.56125488284
2026-07-16 09:30:00-04:00,95414.56125488279,95414.56125488279,0.0,0.0,0.0,False,margin,0.0,0.0,0.0,0,0,,,[],0.0,0.0,0.0,0.0,0.0,0.0,0.0,95414.56125488284
2026-07-16 09:30:00-04:00,95414.56125488279,95414.56125488279,0.0,0.0,0.0,False,margin,0.0,0.0,0.0,0,0,,,[],0.0,0.0,0.0,0.0,0.0,0.0,0.0,95414.56125488284
2026-07-16 16:00:00-04:00,95414.56125488279,95414.56125488279,0.0,0.0,0.0,False,margin,0.0,0.0,0.0,0,0,,,[],0.0,0.0,0.0,0.0,0.0,0.0,0.0,95414.56125488284
2026-07-17 08:30:00-04:00,95414.56125488279,95414.56125488279,0.0,0.0,0.0,False,margin,0.0,0.0,0.0,0,0,,,[],0.0,0.0,0.0,0.0,0.0,0.0,0.0,95414.56125488284
2026-07-17 09:30:00-04:00,95414.56125488279,95414.56125488279,0.0,0.0,0.0,False,margin,0.0,0.0,0.0,0,0,,,[],0.0,0.0,0.0,0.0,0.0,0.0,0.0,95414.56125488284
2026-07-17 09:30:00-04:00,95414.56125488279,95414.56125488279,0.0,0.0,0.0,False,margin,0.0,0.0,0.0,0,0,,,[],0.0,0.0,0.0,0.0,0.0,0.0,0.0,95414.56125488284
2026-07-17 16:00:00-04:00,95414.56125488279,95414.56125488279,0.0,0.0,0.0,False,margin,0.0,0.0,0.0,0,0,,,[],0.0,0.0,0.0,0.0,0.0,0.0,0.0,95414.56125488284
2026-07-20 08:30:00-04:00,95414.56125488279,95414.56125488279,0.0,0.0,0.0,False,margin,0.0,0.0,0.0,0,0,,,[],0.0,0.0,0.0,0.0,0.0,0.0,0.0,95414.56125488284
2026-07-20 09:30:00-04:00,95414.56125488279,95414.56125488279,0.0,0.0,0.0,False,margin,0.0,0.0,0.0,0,0,,,[],0.0,0.0,0.0,0.0,0.0,0.0,0.0,95414.56125488284
2026-07-20 09:30:00-04:00,95414.56125488279,95414.56125488279,0.0,0.0,0.0,False,margin,0.0,0.0,0.0,0,0,,,[],0.0,0.0,0.0,0.0,0.0,0.0,0.0,95414.56125488284
2026-07-20 16:00:00-04:00,95414.56125488279,95414.56125488279,0.0,0.0,0.0,False,margin,0.0,0.0,0.0,0,0,,,[],0.0,0.0,0.0,0.0,0.0,0.0,0.0,95414.56125488284
2026-07-21 08:30:00-04:00,95414.56125488279,95414.56125488279,0.0,0.0,0.0,False,margin,0.0,0.0,0.0,0,0,,,[],0.0,0.0,0.0,0.0,0.0,0.0,0.0,95414.56125488284
2026-07-21 09:30:00-04:00,95414.56125488279,95414.56125488279,0.0,0.0,0.0,False,margin,0.0,0.0,0.0,0,0,,,[],0.0,0.0,0.0,0.0,0.0,0.0,0.0,95414.56125488284
2026-07-21 09:30:00-04:00,95414.56125488279,95414.56125488279,0.0,0.0,0.0,False,margin,0.0,0.0,0.0,0,0,,,[],0.0,0.0,0.0,0.0,0.0,0.0,0.0,95414.56125488284
2026-07-21 16:00:00-04:00,95414.56125488279,95414.56125488279,0.0,0.0,0.0,False,margin,0.0,0.0,0.0,0,0,,,[],0.0,0.0,0.0,0.0,0.0,0.0,0.0,95414.56125488284
2026-07-22 08:30:00-04:00,95414.56125488279,95414.56125488279,0.0,0.0,0.0,False,margin,0.0,0.0,0.0,0,0,,,[],0.0,0.0,0.0,0.0,0.0,0.0,0.0,95414.56125488284
2026-07-22 09:30:00-04:00,95414.56125488279,95414.56125488279,0.0,0.0,0.0,False,margin,0.0,0.0,0.0,0,0,,,[],0.0,0.0,0.0,0.0,0.0,0.0,0.0,95414.56125488284
2026-07-22 09:30:00-04:00,95414.56125488279,95414.56125488279,0.0,0.0,0.0,False,margin,0.0,0.0,0.0,0,0,,,[],0.0,0.0,0.0,0.0,0.0,0.0,0.0,95414.56125488284
2026-07-22 16:00:00-04:00,95414.56125488279,95414.56125488279,0.0,0.0,0.0,False,margin,0.0,0.0,0.0,0,0,,,[],0.0,0.0,0.0,0.0,0.0,0.0,0.0,95414.56125488284
2026-07-23 08:30:00-04:00,95414.56125488279,95414.56125488279,0.0,0.0,0.0,False,margin,0.0,0.0,0.0,0,0,,,[],0.0,0.0,0.0,0.0,0.0,0.0,0.0,95414.56125488284
2026-07-23 09:30:00-04:00,95414.56125488279,95414.56125488279,0.0,0.0,0.0,False,margin,0.0,0.0,0.0,0,0,,,[],0.0,0.0,0.0,0.0,0.0,0.0,0.0,95414.56125488284
2026-07-23 09:30:00-04:00,95414.56125488279,95414.56125488279,0.0,0.0,0.0,False,margin,0.0,0.0,0.0,0,0,,,[],0.0,0.0,0.0,0.0,0.0,0.0,0.0,95414.56125488284
2026-07-23 16:00:00-04:00,95414.56125488279,95414.56125488279,0.0,0.0,0.0,False,margin,0.0,0.0,0.0,0,0,,,[],0.0,0.0,0.0,0.0,0.0,0.0,0.0,95414.56125488284
2026-07-24 08:30:00-04:00,95414.56125488279,95414.56125488279,0.0,0.0,0.0,False,margin,0.0,0.0,0.0,0,0,,,[],0.0,0.0,0.0,0.0,0.0,0.0,0.0,95414.56125488284
2026-07-24 09:30:00-04:00,95414.56125488279,95414.56125488279,0.0,0.0,0.0,False,margin,0.0,0.0,0.0,0,0,,,[],0.0,0.0,0.0,0.0,0.0,0.0,0.0,95414.56125488284
2026-07-24 09:30:00-04:00,95414.56125488279,95414.56125488279,0.0,0.0,0.0,False,margin,0.0,0.0,0.0,0,0,,,[],0.0,0.0,0.0,0.0,0.0,0.0,0.0,95414.56125488284
2026-07-24 16:00:00-04:00,95414.56125488279,95414.56125488279,0.0,0.0,0.0,False,margin,0.0,0.0,0.0,0,0,,,[],0.0,0.0,0.0,0.0,0.0,0.0,0.0,95414.56125488284
2026-07-27 08:30:00-04:00,95414.56125488279,95414.56125488279,0.0,0.0,0.0,False,margin,0.0,0.0,0.0,0,0,,,[],0.0,0.0,0.0,0.0,0.0,0.0,0.0,95414.56125488284
2026-07-27 09:30:00-04:00,95414.56125488279,95414.56125488279,0.0,0.0,0.0,False,margin,0.0,0.0,0.0,0,0,,,[],0.0,0.0,0.0,0.0,0.0,0.0,0.0,95414.56125488284
2026-07-27 09:30:00-04:00,95414.56125488279,95414.56125488279,0.0,0.0,0.0,False,margin,0.0,0.0,0.0,0,0,,,[],0.0,0.0,0.0,0.0,0.0,0.0,0.0,95414.56125488284
2026-07-27 16:00:00-04:00,95414.56125488279,95414.56125488279,0.0,0.0,0.0,False,margin,0.0,0.0,0.0,0,0,,,[],0.0,0.0,0.0,0.0,0.0,0.0,0.0,95414.56125488284
2026-07-28 08:30:00-04:00,95414.56125488279,95414.56125488279,0.0,0.0,0.0,False,margin,0.0,0.0,0.0,0,0,,,[],0.0,0.0,0.0,0.0,0.0,0.0,0.0,95414.56125488284
2026-07-28 09:30:00-04:00,95414.56125488279,95414.56125488279,0.0,0.0,0.0,False,margin,0.0,0.0,0.0,0,0,,,[],0.0,0.0,0.0,0.0,0.0,0.0,0.0,95414.56125488284
2026-07-28 09:30:00-04:00,95414.56125488279,95414.56125488279,0.0,0.0,0.0,False,margin,0.0,0.0,0.0,0,0,,,[],0.0,0.0,0.0,0.0,0.0,0.0,0.0,95414.56125488284
2026-07-28 16:00:00-04:00,95414.56125488279,95414.56125488279,0.0,0.0,0.0,False,margin,0.0,0.0,0.0,0,0,,,[],0.0,0.0,0.0,0.0,0.0,0.0,0.0,95414.56125488284
2026-07-29 08:30:00-04:00,95414.56125488279,95414.56125488279,0.0,0.0,0.0,False,margin,0.0,0.0,0.0,0,0,,,[],0.0,0.0,0.0,0.0,0.0,0.0,0.0,95414.56125488284
2026-07-29 09:30:00-04:00,95414.56125488279,95414.56125488279,0.0,0.0,0.0,False,margin,0.0,0.0,0.0,0,0,,,[],0.0,0.0,0.0,0.0,0.0,0.0,0.0,95414.56125488284
2026-07-29 09:30:00-04:00,95414.56125488279,95414.56125488279,0.0,0.0,0.0,False,margin,0.0,0.0,0.0,0,0,,,[],0.0,0.0,0.0,0.0,0.0,0.0,0.0,95414.56125488284
2026-07-29 16:00:00-04:00,95414.56125488279,95414.56125488279,0.0,0.0,0.0,False,margin,0.0,0.0,0.0,0,0,,,[],0.0,0.0,0.0,0.0,0.0,0.0,0.0,95414.56125488284
2026-07-30 08:30:00-04:00,95414.56125488279,95414.56125488279,0.0,0.0,0.0,False,margin,0.0,0.0,0.0,0,0,,,[],0.0,0.0,0.0,0.0,0.0,0.0,0.0,95414.56125488284
2026-07-30 09:30:00-04:00,95414.56125488279,95414.56125488279,0.0,0.0,0.0,False,margin,0.0,0.0,0.0,0,0,,,[],0.0,0.0,0.0,0.0,0.0,0.0,0.0,95414.56125488284
2026-07-30 09:30:00-04:00,95414.56125488279,95414.56125488279,0.0,0.0,0.0,False,margin,0.0,0.0,0.0,0,0,,,[],0.0,0.0,0.0,0.0,0.0,0.0,0.0,95414.56125488284
2026-07-30 16:00:00-04:00,95414.56125488279,95414.56125488279,0.0,0.0,0.0,False,margin,0.0,0.0,0.0,0,0,,,[],0.0,0.0,0.0,0.0,0.0,0.0,0.0,95414.56125488284
2026-07-31 08:30:00-04:00,95414.56125488279,95414.56125488279,0.0,0.0,0.0,False,margin,0.0,0.0,0.0,0,0,,,[],0.0,0.0,0.0,0.0,0.0,0.0,0.0,95414.56125488284
2026-07-31 09:30:00-04:00,95414.56125488279,95414.56125488279,0.0,0.0,0.0,False,margin,0.0,0.0,0.0,0,0,,,[],0.0,0.0,0.0,0.0,0.0,0.0,0.0,95414.56125488284
2026-07-31 09:30:00-04:00,95414.56125488279,95414.56125488279,0.0,0.0,0.0,False,margin,0.0,0.0,0.0,0,0,,,[],0.0,0.0,0.0,0.0,0.0,0.0,0.0,95414.56125488284
2026-07-31 16:00:00-04:00,95414.56125488279,95414.56125488279,0.0,0.0,0.0,False,margin,0.0,0.0,0.0,0,0,,,[],0.0,0.0,0.0,0.0,0.0,0.0,0.0,95414.56125488284
2026-08-03 08:30:00-04:00,95414.56125488279,95414.56125488279,0.0,0.0,0.0,False,margin,0.0,0.0,0.0,0,0,,,[],0.0,0.0,0.0,0.0,0.0,0.0,0.0,95414.56125488284
2026-08-03 09:30:00-04:00,95414.56125488279,95414.56125488279,0.0,0.0,0.0,False,margin,0.0,0.0,0.0,0,0,,,[],0.0,0.0,0.0,0.0,0.0,0.0,0.0,95414.56125488284
2026-08-03 09:30:00-04:00,95414.56125488279,95414.56125488279,0.0,0.0,0.0,False,margin,0.0,0.0,0.0,0,0,,,[],0.0,0.0,0.0,0.0,0.0,0.0,0.0,95414.56125488284
2026-08-03 16:00:00-04:00,95414.56125488279,95414.56125488279,0.0,0.0,0.0,False,margin,0.0,0.0,0.0,0,0,,,[],0.0,0.0,0.0,0.0,0.0,0.0,0.0,95414.56125488284
2026-08-04 08:30:00-04:00,95414.56125488279,95414.56125488279,0.0,0.0,0.0,False,margin,0.0,0.0,0.0,0,0,,,[],0.0,0.0,0.0,0.0,0.0,0.0,0.0,95414.56125488284
2026-08-04 09:30:00-04:00,95414.56125488279,95414.56125488279,0.0,0.0,0.0,False,margin,0.0,0.0,0.0,0,0,,,[],0.0,0.0,0.0,0.0,0.0,0.0,0.0,95414.56125488284
2026-08-04 09:30:00-04:00,95414.56125488279,95414.56125488279,0.0,0.0,0.0,False,margin,0.0,0.0,0.0,0,0,,,[],0.0,0.0,0.0,0.0,0.0,0.0,0.0,95414.56125488284
2026-08-04 16:00:00-04:00,95414.56125488279,95414.56125488279,0.0,0.0,0.0,False,margin,0.0,0.0,0.0,0,0,,,[],0.0,0.0,0.0,0.0,0.0,0.0,0.0,95414.56125488284
2026-08-05 08:30:00-04:00,95414.56125488279,95414.56125488279,0.0,0.0,0.0,False,margin,0.0,0.0,0.0,0,0,,,[],0.0,0.0,0.0,0.0,0.0,0.0,0.0,95414.56125488284
2026-08-05 09:30:00-04:00,95414.56125488279,95414.56125488279,0.0,0.0,0.0,False,margin,0.0,0.0,0.0,0,0,,,[],0.0,0.0,0.0,0.0,0.0,0.0,0.0,95414.56125488284
2026-08-05 09:30:00-04:00,95414.56125488279,95414.56125488279,0.0,0.0,0.0,False,margin,0.0,0.0,0.0,0,0,,,[],0.0,0.0,0.0,0.0,0.0,0.0,0.0,95414.56125488284
2026-08-05 16:00:00-04:00,95414.56125488279,95414.56125488279,0.0,0.0,0.0,False,margin,0.0,0.0,0.0,0,0,,,[],0.0,0.0,0.0,0.0,0.0,0.0,0.0,95414.56125488284
2026-08-06 08:30:00-04:00,95414.56125488279,95414.56125488279,0.0,0.0,0.0,False,margin,0.0,0.0,0.0,0,0,,,[],0.0,0.0,0.0,0.0,0.0,0.0,0.0,95414.56125488284
2026-08-06 09:30:00-04:00,95414.56125488279,95414.56125488279,0.0,0.0,0.0,False,margin,0.0,0.0,0.0,0,0,,,[],0.0,0.0,0.0,0.0,0.0,0.0,0.0,95414.56125488284
2026-08-06 09:30:00-04:00,95414.56125488279,95414.56125488279,0.0,0.0,0.0,False,margin,0.0,0.0,0.0,0,0,,,[],0.0,0.0,0.0,0.0,0.0,0.0,0.0,95414.56125488284
2026-08-06 16:00:00-04:00,95414.56125488279,95414.56125488279,0.0,0.0,0.0,False,margin,0.0,0.0,0.0,0,0,,,[],0.0,0.0,0.0,0.0,0.0,0.0,0.0,95414.56125488284
2026-08-07 08:30:00-04:00,95414.56125488279,95414.56125488279,0.0,0.0,0.0,False,margin,0.0,0.0,0.0,0,0,,,[],0.0,0.0,0.0,0.0,0.0,0.0,0.0,95414.56125488284
2026-08-07 09:30:00-04:00,95414.56125488279,95414.56125488279,0.0,0.0,0.0,False,margin,0.0,0.0,0.0,0,0,,,[],0.0,0.0,0.0,0.0,0.0,0.0,0.0,95414.56125488284
2026-08-07 09:30:00-04:00,95414.56125488279,95414.56125488279,0.0,0.0,0.0,False,margin,0.0,0.0,0.0,0,0,,,[],0.0,0.0,0.0,0.0,0.0,0.0,0.0,95414.56125488284
2026-08-07 16:00:00-04:00,95414.56125488279,95414.56125488279,0.0,0.0,0.0,False,margin,0.0,0.0,0.0,0,0,,,[],0.0,0.0,0.0,0.0,0.0,0.0,0.0,95414.56125488284
2026-08-10 08:30:00-04:00,95414.56125488279,95414.56125488279,0.0,0.0,0.0,False,margin,0.0,0.0,0.0,0,0,,,[],0.0,0.0,0.0,0.0,0.0,0.0,0.0,95414.56125488284
2026-08-10 09:30:00-04:00,95414.56125488279,95414.56125488279,0.0,0.0,0.0,False,margin,0.0,0.0,0.0,0,0,,,[],0.0,0.0,0.0,0.0,0.0,0.0,0.0,95414.56125488284
2026-08-10 09:30:00-04:00,95414.56125488279,95414.56125488279,0.0,0.0,0.0,False,margin,0.0,0.0,0.0,0,0,,,[],0.0,0.0,0.0,0.0,0.0,0.0,0.0,95414.56125488284
2026-08-10 16:00:00-04:00,95316.60397949217,47513.36276855467,0.0,0.0,0.0,False,margin,0.0,0.0,0.0,0,0,,,"[{'asset': {'symbol': 'SPY', 'type': 'stock'}, 'quantity': 62.0}]",0.0,0.0,0.0,0.0,0.0,0.0,-0.0010266491204518544,95316.60397949221
2026-08-11 08:30:00-04:00,95414.56125488279,47513.36276855467,0.0,0.0,0.0,False,margin,0.0,0.0,0.0,0,0,,,"[{'asset': {'symbol': 'SPY', 'type': 'stock'}, 'quantity': 62.0}]",0.0,0.0,0.0,0.0,0.0,0.0,0.0010277042120772682,95414.56125488282
2026-08-11 09:30:00-04:00,95414.56125488279,47513.36276855467,0.0,0.0,0.0,False,margin,0.0,0.0,0.0,0,0,,,"[{'asset': {'symbol': 'SPY', 'type': 'stock'}, 'quantity': 62.0}]",0.0,0.0,0.0,0.0,0.0,0.0,0.0,95414.56125488282
2026-08-11 09:30:00-04:00,95414.56125488279,47513.36276855467,0.0,0.0,0.0,False,margin,0.0,0.0,0.0,0,0,,,"[{'asset': {'symbol': 'SPY', 'type': 'stock'}, 'quantity': 62.0}]",0.0,0.0,0.0,0.0,0.0,0.0,0.0,95414.56125488282
2026-08-11 16:00:00-04:00,95414.56125488279,47513.36276855467,0.0,0.0,0.0,False,margin,0.0,0.0,0.0,0,0,,,"[{'asset': {'symbol': 'SPY', 'type': 'stock'}, 'quantity': 62.0}]",0.0,0.0,0.0,0.0,0.0,0.0,0.0,95414.56125488282
2026-08-12 08:30:00-04:00,95534.22458496092,47513.36276855467,0.0,0.0,0.0,False,margin,0.0,0.0,0.0,0,0,,,"[{'asset': {'symbol': 'SPY', 'type': 'stock'}, 'quantity': 62.0}]",0.0,0.0,0.0,0.0,0.0,0.0,0.0012541411761928664,95534.22458496095
2026-08-12 09:30:00-04:00,95534.22458496092,47513.36276855467,0.0,0.0,0.0,False,margin,0.0,0.0,0.0,0,0,,,"[{'asset': {'symbol': 'SPY', 'type': 'stock'}, 'quantity': 62.0}]",0.0,0.0,0.0,0.0,0.0,0.0,0.0,95534.22458496095
2026-08-12 09:30:00-04:00,95534.22458496092,47513.36276855467,0.0,0.0,0.0,False,margin,0.0,0.0,0.0,0,0,,,"[{'asset': {'symbol': 'SPY', 'type': 'stock'}, 'quantity': 62.0}]",0.0,0.0,0.0,0.0,0.0,0.0,0.0,95534.22458496095
2026-08-12 16:00:00-04:00,95534.22458496092,47513.36276855467,0.0,0.0,0.0,False,margin,0.0,0.0,0.0,0,0,,,"[{'asset': {'symbol': 'SPY', 'type': 'stock'}, 'quantity': 62.0}]",0.0,0.0,0.0,0.0,0.0,0.0,0.0,95534.22458496095
2026-08-13 08:30:00-04:00,95545.38413085935,47513.36276855467,0.0,0.0,0.0,False,margin,0.0,0.0,0.0,0,0,,,"[{'asset': {'symbol': 'SPY', 'type': 'stock'}, 'quantity': 62.0}]",0.0,0.0,0.0,0.0,0.0,0.0,0.00011681202152337609,95545.38413085938
2026-08-13 09:30:00-04:00,95545.38413085935,47513.36276855467,0.0,0.0,0.0,False,margin,0.0,0.0,0.0,0,0,,,"[{'asset': {'symbol': 'SPY', 'type': 'stock'}, 'quantity': 62.0}]",0.0,0.0,0.0,0.0,0.0,0.0,0.0,95545.38413085938
2026-08-13 09:30:00-04:00,95545.38413085935,47513.36276855467,0.0,0.0,0.0,False,margin,0.0,0.0,0.0,0,0,,,"[{'asset': {'symbol': 'SPY', 'type': 'stock'}, 'quantity': 62.0}]",0.0,0.0,0.0,0.0,0.0,0.0,0.0,95545.38413085938
2026-08-13 16:00:00-04:00,95545.38413085935,47513.36276855467,0.0,0.0,0.0,False,margin,0.0,0.0,0.0,0,0,,,"[{'asset': {'symbol': 'SPY', 'type': 'stock'}, 'quantity': 62.0}]",0.0,0.0,0.0,0.0,0.0,0.0,0.0,95545.38413085938
2026-08-14 08:30:00-04:00,95555.30246582029,47513.36276855467,0.0,0.0,0.0,False,margin,0.0,0.0,0.0,0,0,,,"[{'asset': {'symbol': 'SPY', 'type': 'stock'}, 'quantity': 62.0}]",0.0,0.0,0.0,0.0,0.0,0.0,0.00010380757847342272,95555.3024658203
2026-08-14 09:30:00-04:00,95555.30246582029,47513.36276855467,0.0,0.0,0.0,False,margin,0.0,0.0,0.0,0,0,,,"[{'asset': {'symbol': 'SPY', 'type': 'stock'}, 'quantity': 62.0}]",0.0,0.0,0.0,0.0,0.0,0.0,0.0,95555.3024658203
2026-08-14 09:30:00-04:00,95555.30246582029,47513.36276855467,0.0,0.0,0.0,False,margin,0.0,0.0,0.0,0,0,,,"[{'asset': {'symbol': 'SPY', 'type': 'stock'}, 'quantity': 62.0}]",0.0,0.0,0.0,0.0,0.0,0.0,0.0,95555.3024658203
2026-08-14 16:00:00-04:00,95555.30246582029,47513.36276855467,0.0,0.0,0.0,False,margin,0.0,0.0,0.0,0,0,,,"[{'asset': {'symbol': 'SPY', 'type': 'stock'}, 'quantity': 62.0}]",0.0,0.0,0.0,0.0,0.0,0.0,0.0,95555.3024658203
2026-08-17 08:30:00-04:00,95782.84140624998,47513.36276855467,0.0,0.0,0.0,False,margin,0.0,0.0,0.0,0,0,,,"[{'asset': {'symbol': 'SPY', 'type': 'stock'}, 'quantity': 62.0}]",0.0,0.0,0.0,0.0,0.0,0.0,0.0023812277765650645,95782.84140625001
2026-08-17 09:30:00-04:00,95782.84140624998,47513.36276855467,0.0,0.0,0.0,False,margin,0.0,0.0,0.0,0,0,,,"[{'asset': {'symbol': 'SPY', 'type': 'stock'}, 'quantity': 62.0}]",0.0,0.0,0.0,0.0,0.0,0.0,0.0,95782.84140625001
2026-08-17 09:30:00-04:00,95782.84140624998,47513.36276855467,0.0,0.0,0.0,False,margin,0.0,0.0,0.0,0,0,,,"[{'asset': {'symbol': 'SPY', 'type': 'stock'}, 'quantity': 62.0}]",0.0,0.0,0.0,0.0,0.0,0.0,0.0,95782.84140625001
2026-08-17 16:00:00-04:00,95782.84140624998,47513.36276855467,0.0,0.0,0.0,False,margin,0.0,0.0,0.0,0,0,,,"[{'asset': {'symbol': 'SPY', 'type': 'stock'}, 'quantity': 62.0}]",0.0,0.0,0.0,0.0,0.0,0.0,0.0,95782.84140625001
2026-08-18 08:30:00-04:00,95636.5223144531,47513.36276855467,0.0,0.0,0.0,False,margin,0.0,0.0,0.0,0,0,,,"[{'asset': {'symbol': 'SPY', 'type': 'stock'}, 'quantity': 62.0}]",0.0,0.0,0.0,0.0,0.0,0.0,-0.0015276127712298944,95636.52231445313
2026-08-18 09:30:00-04:00,95636.5223144531,47513.36276855467,0.0,0.0,0.0,False,margin,0.0,0.0,0.0,0,0,,,"[{'asset': {'symbol': 'SPY', 'type': 'stock'}, 'quantity': 62.0}]",0.0,0.0,0.0,0.0,0.0,0.0,0.0,95636.52231445313
2026-08-18 09:30:00-04:00,95636.5223144531,47513.36276855467,0.0,0.0,0.0,False,margin,0.0,0.0,0.0,0,0,,,"[{'asset': {'symbol': 'SPY', 'type': 'stock'}, 'quantity': 62.0}]",0.0,0.0,0.0,0.0,0.0,0.0,0.0,95636.52231445313
2026-08-18 16:00:00-04:00,95636.5223144531,47513.36276855467,0.0,0.0,0.0,False,margin,0.0,0.0,0.0,0,0,,,"[{'asset': {'symbol': 'SPY', 'type': 'stock'}, 'quantity': 62.0}]",0.0,0.0,0.0,0.0,0.0,0.0,0.0,95636.52231445313
2026-08-19 08:30:00-04:00,95172.7635253906,47513.36276855467,0.0,0.0,0.0,False,margin,0.0,0.0,0.0,0,0,,,"[{'asset': {'symbol': 'SPY', 'type': 'stock'}, 'quantity': 62.0}]",0.0,0.0,0.0,0.0,0.0,0.0,-0.004849180813347228,95172.76352539063
2026-08-19 09:30:00-04:00,95172.7635253906,47513.36276855467,0.0,0.0,0.0,False,margin,0.0,0.0,0.0,0,0,,,"[{'asset': {'symbol': 'SPY', 'type': 'stock'}, 'quantity': 62.0}]",0.0,0.0,0.0,0.0,0.0,0.0,0.0,95172.76352539063
2026-08-19 09:30:00-04:00,95172.7635253906,47513.36276855467,0.0,0.0,0.0,False,margin,0.0,0.0,0.0,0,0,,,"[{'asset': {'symbol': 'SPY', 'type': 'stock'}, 'quantity': 62.0}]",0.0,0.0,0.0,0.0,0.0,0.0,0.0,95172.76352539063
2026-08-19 16:00:00-04:00,95172.7635253906,47513.36276855467,0.0,0.0,0.0,False,margin,0.0,0.0,0.0,0,0,,,"[{'asset': {'symbol': 'SPY', 'type': 'stock'}, 'quantity': 62.0}]",0.0,0.0,0.0,0.0,0.0,0.0,0.0,95172.76352539063
2026-08-20 08:30:00-04:00,95275.68186035154,47513.36276855467,0.0,0.0,0.0,False,margin,0.0,0.0,0.0,0,0,,,"[{'asset': {'symbol': 'SPY', 'type': 'stock'}, 'quantity': 62.0}]",0.0,0.0,0.0,0.0,0.0,0.0,0.0010813843283375972,95275.68186035156
2026-08-20 09:30:00-04:00,95275.68186035154,47513.36276855467,0.0,0.0,0.0,False,margin,0.0,0.0,0.0,0,0,,,"[{'asset': {'symbol': 'SPY', 'type': 'stock'}, 'quantity': 62.0}]",0.0,0.0,0.0,0.0,0.0,0.0,0.0,95275.68186035156
2026-08-20 09:30:00-04:00,95275.68186035154,47513.36276855467,0.0,0.0,0.0,False,margin,0.0,0.0,0.0,0,0,,,"[{'asset': {'symbol': 'SPY', 'type': 'stock'}, 'quantity': 62.0}]",0.0,0.0,0.0,0.0,0.0,0.0,0.0,95275.68186035156
2026-08-20 16:00:00-04:00,95275.68186035154,47513.36276855467,0.0,0.0,0.0,False,margin,0.0,0.0,0.0,0,0,,,"[{'asset': {'symbol': 'SPY', 'type': 'stock'}, 'quantity': 62.0}]",0.0,0.0,0.0,0.0,0.0,0.0,0.0,95275.68186035156
2026-08-21 08:30:00-04:00,95002.88413085935,47513.36276855467,0.0,0.0,0.0,False,margin,0.0,0.0,0.0,0,0,,,"[{'asset': {'symbol': 'SPY', 'type': 'stock'}, 'quantity': 62.0}]",0.0,0.0,0.0,0.0,0.0,0.0,-0.002863246152276668,95002.88413085938
2026-08-21 09:30:00-04:00,95002.88413085935,47513.36276855467,0.0,0.0,0.0,False,margin,0.0,0.0,0.0,0,0,,,"[{'asset': {'symbol': 'SPY', 'type': 'stock'}, 'quantity': 62.0}]",0.0,0.0,0.0,0.0,0.0,0.0,0.0,95002.88413085938
2026-08-21 09:30:00-04:00,95002.88413085935,47513.36276855467,0.0,0.0,0.0,False,margin,0.0,0.0,0.0,0,0,,,"[{'asset': {'symbol': 'SPY', 'type': 'stock'}, 'quantity': 62.0}]",0.0,0.0,0.0,0.0,0.0,0.0,0.0,95002.88413085938
2026-08-21 16:00:00-04:00,95000.09519042967,23765.813146972636,0.0,0.0,0.0,False,margin,0.0,0.0,0.0,0,0,,,"[{'asset': {'symbol': 'SPY', 'type': 'stock'}, 'quantity': 93.0}]",0.0,0.0,0.0,0.0,0.0,0.0,-2.9356376442697714e-05,95000.0951904297
2026-08-24 08:30:00-04:00,95008.46201171873,23765.813146972636,0.0,0.0,0.0,False,margin,0.0,0.0,0.0,0,0,,,"[{'asset': {'symbol': 'SPY', 'type': 'stock'}, 'quantity': 93.0}]",0.0,0.0,0.0,0.0,0.0,0.0,8.80717147945066e-05,95008.46201171874
2026-08-24 09:30:00-04:00,95008.46201171873,23765.813146972636,0.0,0.0,0.0,False,margin,0.0,0.0,0.0,0,0,,,"[{'asset': {'symbol': 'SPY', 'type': 'stock'}, 'quantity': 93.0}]",0.0,0.0,0.0,0.0,0.0,0.0,0.0,95008.46201171874
2026-08-24 09:30:00-04:00,95008.46201171873,23765.813146972636,0.0,0.0,0.0,False,margin,0.0,0.0,0.0,0,0,,,"[{'asset': {'symbol': 'SPY', 'type': 'stock'}, 'quantity': 93.0}]",0.0,0.0,0.0,0.0,0.0,0.0,0.0,95008.46201171874
2026-08-24 16:00:00-04:00,95008.46201171873,23765.813146972636,0.0,0.0,0.0,False,margin,0.0,0.0,0.0,0,0,,,"[{'asset': {'symbol': 'SPY', 'type': 'stock'}, 'quantity': 93.0}]",0.0,0.0,0.0,0.0,0.0,0.0,0.0,95008.46201171874
2026-08-25 08:30:00-04:00,94890.35587158201,23765.813146972636,0.0,0.0,0.0,False,margin,0.0,0.0,0.0,0,0,,,"[{'asset': {'symbol': 'SPY', 'type': 'stock'}, 'quantity': 93.0}]",0.0,0.0,0.0,0.0,0.0,0.0,-0.0012431117990537627,94890.35587158203
2026-08-25 09:30:00-04:00,94890.35587158201,23765.813146972636,0.0,0.0,0.0,False,margin,0.0,0.0,0.0,0,0,,,"[{'asset': {'symbol': 'SPY', 'type': 'stock'}, 'quantity': 93.0}]",0.0,0.0,0.0,0.0,0.0,0.0,0.0,94890.35587158203
2026-08-25 09:30:00-04:00,94890.35587158201,23765.813146972636,0.0,0.0,0.0,False,margin,0.0,0.0,0.0,0,0,,,"[{'asset': {'symbol': 'SPY', 'type': 'stock'}, 'quantity': 93.0}]",0.0,0.0,0.0,0.0,0.0,0.0,0.0,94890.35587158203
2026-08-25 16:00:00-04:00,94890.35587158201,23765.813146972636,0.0,0.0,0.0,False,margin,0.0,0.0,0.0,0,0,,,"[{'asset': {'symbol': 'SPY', 'type': 'stock'}, 'quantity': 93.0}]",0.0,0.0,0.0,0.0,0.0,0.0,0.0,94890.35587158203
2026-08-26 08:30:00-04:00,95018.69064941404,23765.813146972636,0.0,0.0,0.0,False,margin,0.0,0.0,0.0,0,0,,,"[{'asset': {'symbol': 'SPY', 'type': 'stock'}, 'quantity': 93.0}]",0.0,0.0,0.0,0.0,0.0,0.0,0.0013524533305124347,95018.69064941406
2026-08-26 09:30:00-04:00,95018.69064941404,23765.813146972636,0.0,0.0,0.0,False,margin,0.0,0.0,0.0,0,0,,,"[{'asset': {'symbol': 'SPY', 'type': 'stock'}, 'quantity': 93.0}]",0.0,0.0,0.0,0.0,0.0,0.0,0.0,95018.69064941406
2026-08-26 09:30:00-04:00,95018.69064941404,23765.813146972636,0.0,0.0,0.0,False,margin,0.0,0.0,0.0,0,0,,,"[{'asset': {'symbol': 'SPY', 'type': 'stock'}, 'quantity': 93.0}]",0.0,0.0,0.0,0.0,0.0,0.0,0.0,95018.69064941406
2026-08-26 16:00:00-04:00,95018.69064941404,23765.813146972636,0.0,0.0,0.0,False,margin,0.0,0.0,0.0,0,0,,,"[{'asset': {'symbol': 'SPY', 'type': 'stock'}, 'quantity': 93.0}]",0.0,0.0,0.0,0.0,0.0,0.0,0.0,95018.69064941406
2026-08-27 08:30:00-04:00,94885.70133056639,23765.813146972636,0.0,0.0,0.0,False,margin,0.0,0.0,0.0,0,0,,,"[{'asset': {'symbol': 'SPY', 'type': 'stock'}, 'quantity': 93.0}]",0.0,0.0,0.0,0.0,0.0,0.0,-0.0013996122019649863,94885.7013305664
2026-08-27 09:30:00-04:00,94885.70133056639,23765.813146972636,0.0,0.0,0.0,False,margin,0.0,0.0,0.0,0,0,,,"[{'asset': {'symbol': 'SPY', 'type': 'stock'}, 'quantity': 93.0}]",0.0,0.0,0.0,0.0,0.0,0.0,0.0,94885.7013305664
2026-08-27 09:30:00-04:00,94885.70133056639,23765.813146972636,0.0,0.0,0.0,False,margin,0.0,0.0,0.0,0,0,,,"[{'asset': {'symbol': 'SPY', 'type': 'stock'}, 'quantity': 93.0}]",0.0,0.0,0.0,0.0,0.0,0.0,0.0,94885.7013305664
2026-08-27 16:00:00-04:00,94885.70133056639,23765.813146972636,0.0,0.0,0.0,False,margin,0.0,0.0,0.0,0,0,,,"[{'asset': {'symbol': 'SPY', 'type': 'stock'}, 'quantity': 93.0}]",0.0,0.0,0.0,0.0,0.0,0.0,0.0,94885.7013305664
2026-08-28 08:30:00-04:00,95236.31314697264,23765.813146972636,0.0,0.0,0.0,False,margin,0.0,0.0,0.0,0,0,,,"[{'asset': {'symbol': 'SPY', 'type': 'stock'}, 'quantity': 93.0}]",0.0,0.0,0.0,0.0,0.0,0.0,0.003695096431703396,95236.31314697265
2026-08-28 09:30:00-04:00,95236.31314697264,23765.813146972636,0.0,0.0,0.0,False,margin,0.0,0.0,0.0,0,0,,,"[{'asset': {'symbol': 'SPY', 'type': 'stock'}, 'quantity': 93.0}]",0.0,0.0,0.0,0.0,0.0,0.0,0.0,95236.31314697265
2026-08-28 09:30:00-04:00,95236.31314697264,23765.813146972636,0.0,0.0,0.0,False,margin,0.0,0.0,0.0,0,0,,,"[{'asset': {'symbol': 'SPY', 'type': 'stock'}, 'quantity': 93.0}]",0.0,0.0,0.0,0.0,0.0,0.0,0.0,95236.31314697265
2026-08-28 16:00:00-04:00,95236.31314697264,23765.813146972636,0.0,0.0,0.0,False,margin,0.0,0.0,0.0,0,0,,,"[{'asset': {'symbol': 'SPY', 'type': 'stock'}, 'quantity': 93.0}]",0.0,0.0,0.0,0.0,0.0,0.0,0.0,95236.31314697265
2026-08-31 08:30:00-04:00,95539.49405517576,23765.813146972636,0.0,0.0,0.0,False,margin,0.0,0.0,0.0,0,0,,,"[{'asset': {'symbol': 'SPY', 'type': 'stock'}, 'quantity': 93.0}]",0.0,0.0,0.0,0.0,0.0,0.0,0.003183459104882017,95539.49405517578
2026-08-31 09:30:00-04:00,95539.49405517576,23765.813146972636,0.0,0.0,0.0,False,margin,0.0,0.0,0.0,0,0,,,"[{'asset': {'symbol': 'SPY', 'type': 'stock'}, 'quantity': 93.0}]",0.0,0.0,0.0,0.0,0.0,0.0,0.0,95539.49405517578
2026-08-31 09:30:00-04:00,95539.49405517576,23765.813146972636,0.0,0.0,0.0,False,margin,0.0,0.0,0.0,0,0,,,"[{'asset': {'symbol': 'SPY', 'type': 'stock'}, 'quantity': 93.0}]",0.0,0.0,0.0,0.0,0.0,0.0,0.0,95539.49405517578
2026-08-31 16:00:00-04:00,95539.49405517576,23765.813146972636,0.0,0.0,0.0,False,margin,0.0,0.0,0.0,0,0,,,"[{'asset': {'symbol': 'SPY', 'type': 'stock'}, 'quantity': 93.0}]",0.0,0.0,0.0,0.0,0.0,0.0,0.0,95539.49405517578
2026-09-01 08:30:00-04:00,95127.5047363281,23765.813146972636,0.0,0.0,0.0,False,margin,0.0,0.0,0.0,0,0,,,"[{'asset': {'symbol': 'SPY', 'type': 'stock'}, 'quantity': 93.0}]",0.0,0.0,0.0,0.0,0.0,0.0,-0.00431224095251881,95127.50473632812
2026-09-01 09:30:00-04:00,95127.5047363281,23765.813146972636,0.0,0.0,0.0,False,margin,0.0,0.0,0.0,0,0,,,"[{'asset': {'symbol': 'SPY', 'type': 'stock'}, 'quantity': 93.0}]",0.0,0.0,0.0,0.0,0.0,0.0,0.0,95127.50473632812
2026-09-01 09:30:00-04:00,95127.5047363281,23765.813146972636,0.0,0.0,0.0,False,margin,0.0,0.0,0.0,0,0,,,"[{'asset': {'symbol': 'SPY', 'type': 'stock'}, 'quantity': 93.0}]",0.0,0.0,0.0,0.0,0.0,0.0,0.0,95127.50473632812
2026-09-01 16:00:00-04:00,95127.5047363281,23765.813146972636,0.0,0.0,0.0,False,margin,0.0,0.0,0.0,0,0,,,"[{'asset': {'symbol': 'SPY', 'type': 'stock'}, 'quantity': 93.0}]",0.0,0.0,0.0,0.0,0.0,0.0,0.0,95127.50473632812
2026-09-02 08:30:00-04:00,94632.74405517576,23765.813146972636,0.0,0.0,0.0,False,margin,0.0,0.0,0.0,0,0,,,"[{'asset': {'symbol': 'SPY', 'type': 'stock'}, 'quantity': 93.0}]",0.0,0.0,0.0,0.0,0.0,0.0,-0.005201026585567531,94632.74405517578
2026-09-02 09:30:00-04:00,94632.74405517576,23765.813146972636,0.0,0.0,0.0,False,margin,0.0,0.0,0.0,0,0,,,"[{'asset': {'symbol': 'SPY', 'type': 'stock'}, 'quantity': 93.0}]",0.0,0.0,0.0,0.0,0.0,0.0,0.0,94632.74405517578
2026-09-02 09:30:00-04:00,94632.74405517576,23765.813146972636,0.0,0.0,0.0,False,margin,0.0,0.0,0.0,0,0,,,"[{'asset': {'symbol': 'SPY', 'type': 'stock'}, 'quantity': 93.0}]",0.0,0.0,0.0,0.0,0.0,0.0,0.0,94632.74405517578
2026-09-02 16:00:00-04:00,94632.74405517576,23765.813146972636,0.0,0.0,0.0,False,margin,0.0,0.0,0.0,0,0,,,"[{'asset': {'symbol': 'SPY', 'type': 'stock'}, 'quantity': 93.0}]",0.0,0.0,0.0,0.0,0.0,0.0,0.0,94632.74405517578
2026-09-03 08:30:00-04:00,94673.66428222654,23765.813146972636,0.0,0.0,0.0,False,margin,0.0,0.0,0.0,0,0,,,"[{'asset': {'symbol': 'SPY', 'type': 'stock'}, 'quantity': 93.0}]",0.0,0.0,0.0,0.0,0.0,0.0,0.0004324108685564761,94673.66428222656
2026-09-03 09:30:00-04:00,94673.66428222654,23765.813146972636,0.0,0.0,0.0,False,margin,0.0,0.0,0.0,0,0,,,"[{'asset': {'symbol': 'SPY', 'type': 'stock'}, 'quantity': 93.0}]",0.0,0.0,0.0,0.0,0.0,0.0,0.0,94673.66428222656
2026-09-03 09:30:00-04:00,94673.66428222654,23765.813146972636,0.0,0.0,0.0,False,margin,0.0,0.0,0.0,0,0,,,"[{'asset': {'symbol': 'SPY', 'type': 'stock'}, 'quantity': 93.0}]",0.0,0.0,0.0,0.0,0.0,0.0,0.0,94673.66428222656
2026-09-03 16:00:00-04:00,94673.66428222654,23765.813146972636,0.0,0.0,0.0,False,margin,0.0,0.0,0.0,0,0,,,"[{'asset': {'symbol': 'SPY', 'type': 'stock'}, 'quantity': 93.0}]",0.0,0.0,0.0,0.0,0.0,0.0,0.0,94673.66428222656
2026-09-04 08:30:00-04:00,95180.51541748045,23765.813146972636,0.0,0.0,0.0,False,margin,0.0,0.0,0.0,0,0,,,"[{'asset': {'symbol': 'SPY', 'type': 'stock'}, 'quantity': 93.0}]",0.0,0.0,0.0,0.0,0.0,0.0,0.0053536655531041845,95180.51541748046
2026-09-04 09:30:00-04:00,95180.51541748045,23765.813146972636,0.0,0.0,0.0,False,margin,0.0,0.0,0.0,0,0,,,"[{'asset': {'symbol': 'SPY', 'type': 'stock'}, 'quantity': 93.0}]",0.0,0.0,0.0,0.0,0.0,0.0,0.0,95180.51541748046
2026-09-04 09:30:00-04:00,95180.51541748045,23765.813146972636,0.0,0.0,0.0,False,margin,0.0,0.0,0.0,0,0,,,"[{'asset': {'symbol': 'SPY', 'type': 'stock'}, 'quantity': 93.0}]",0.0,0.0,0.0,0.0,0.0,0.0,0.0,95180.51541748046
2026-09-04 16:00:00-04:00,95180.51541748045,23765.813146972636,0.0,0.0,0.0,False,margin,0.0,0.0,0.0,0,0,,,"[{'asset': {'symbol': 'SPY', 'type': 'stock'}, 'quantity': 93.0}]",0.0,0.0,0.0,0.0,0.0,0.0,0.0,95180.51541748046
2026-09-08 08:30:00-04:00,95562.74405517576,23765.813146972636,0.0,0.0,0.0,False,margin,0.0,0.0,0.0,0,0,,,"[{'asset': {'symbol': 'SPY', 'type': 'stock'}, 'quantity': 93.0}]",0.0,0.0,0.0,0.0,0.0,0.0,0.004015828618060982,95562.74405517576
2026-09-08 09:30:00-04:00,95562.74405517576,23765.813146972636,0.0,0.0,0.0,False,margin,0.0,0.0,0.0,0,0,,,"[{'asset': {'symbol': 'SPY', 'type': 'stock'}, 'quantity': 93.0}]",0.0,0.0,0.0,0.0,0.0,0.0,0.0,95562.74405517576
2026-09-08 09:30:00-04:00,95562.74405517576,23765.813146972636,0.0,0.0,0.0,False,margin,0.0,0.0,0.0,0,0,,,"[{'asset': {'symbol': 'SPY', 'type': 'stock'}, 'quantity': 93.0}]",0.0,0.0,0.0,0.0,0.0,0.0,0.0,95562.74405517576
2026-09-08 16:00:00-04:00,95562.74405517576,23765.813146972636,0.0,0.0,0.0,False,margin,0.0,0.0,0.0,0,0,,,"[{'asset': {'symbol': 'SPY', 'type': 'stock'}, 'quantity': 93.0}]",0.0,0.0,0.0,0.0,0.0,0.0,0.0,95562.74405517576
2026-09-09 08:30:00-04:00,95289.32382812498,23765.813146972636,0.0,0.0,0.0,False,margin,0.0,0.0,0.0,0,0,,,"[{'asset': {'symbol': 'SPY', 'type': 'stock'}, 'quantity': 93.0}]",0.0,0.0,0.0,0.0,0.0,0.0,-0.0028611592284637057,95289.32382812498
2026-09-09 09:30:00-04:00,95289.32382812498,23765.813146972636,0.0,0.0,0.0,False,margin,0.0,0.0,0.0,0,0,,,"[{'asset': {'symbol': 'SPY', 'type': 'stock'}, 'quantity': 93.0}]",0.0,0.0,0.0,0.0,0.0,0.0,0.0,95289.32382812498
2026-09-09 09:30:00-04:00,95289.32382812498,23765.813146972636,0.0,0.0,0.0,False,margin,0.0,0.0,0.0,0,0,,,"[{'asset': {'symbol': 'SPY', 'type': 'stock'}, 'quantity': 93.0}]",0.0,0.0,0.0,0.0,0.0,0.0,0.0,95289.32382812498
2026-09-09 16:00:00-04:00,94825.2547363281,94825.2547363281,0.0,0.0,0.0,False,margin,0.0,0.0,0.0,0,0,,,[],0.0,0.0,0.0,0.0,0.0,0.0,-0.004870105832988431,94825.25473632812
2026-09-10 08:30:00-04:00,94825.2547363281,94825.2547363281,0.0,0.0,0.0,False,margin,0.0,0.0,0.0,0,0,,,[],0.0,0.0,0.0,0.0,0.0,0.0,0.0,94825.25473632812
2026-09-10 09:30:00-04:00,94825.2547363281,94825.2547363281,0.0,0.0,0.0,False,margin,0.0,0.0,0.0,0,0,,,[],0.0,0.0,0.0,0.0,0.0,0.0,0.0,94825.25473632812
2026-09-10 09:30:00-04:00,94825.2547363281,94825.2547363281,0.0,0.0,0.0,False,margin,0.0,0.0,0.0,0,0,,,[],0.0,0.0,0.0,0.0,0.0,0.0,0.0,94825.25473632812
2026-09-10 16:00:00-04:00,94825.2547363281,94825.2547363281,0.0,0.0,0.0,False,margin,0.0,0.0,0.0,0,0,,,[],0.0,0.0,0.0,0.0,0.0,0.0,0.0,94825.25473632812
2026-09-11 08:30:00-04:00,94825.2547363281,94825.2547363281,0.0,0.0,0.0,False,margin,0.0,0.0,0.0,0,0,,,[],0.0,0.0,0.0,0.0,0.0,0.0,0.0,94825.25473632812
2026-09-11 09:30:00-04:00,94825.2547363281,94825.2547363281,0.0,0.0,0.0,False,margin,0.0,0.0,0.0,0,0,,,[],0.0,0.0,0.0,0.0,0.0,0.0,0.0,94825.25473632812
2026-09-11 09:30:00-04:00,94825.2547363281,94825.2547363281,0.0,0.0,0.0,False,margin,0.0,0.0,0.0,0,0,,,[],0.0,0.0,0.0,0.0,0.0,0.0,0.0,94825.25473632812
2026-09-11 16:00:00-04:00,94825.2547363281,94825.2547363281,0.0,0.0,0.0,False,margin,0.0,0.0,0.0,0,0,,,[],0.0,0.0,0.0,0.0,0.0,0.0,0.0,94825.25473632812
2026-09-14 08:30:00-04:00,94825.2547363281,94825.2547363281,0.0,0.0,0.0,False,margin,0.0,0.0,0.0,0,0,,,[],0.0,0.0,0.0,0.0,0.0,0.0,0.0,94825.25473632812
2026-09-14 09:30:00-04:00,94825.2547363281,94825.2547363281,0.0,0.0,0.0,False,margin,0.0,0.0,0.0,0,0,,,[],0.0,0.0,0.0,0.0,0.0,0.0,0.0,94825.25473632812
2026-09-14 09:30:00-04:00,94825.2547363281,94825.2547363281,0.0,0.0,0.0,False,margin,0.0,0.0,0.0,0,0,,,[],0.0,0.0,0.0,0.0,0.0,0.0,0.0,94825.25473632812
2026-09-14 16:00:00-04:00,94825.2547363281,94825.2547363281,0.0,0.0,0.0,False,margin,0.0,0.0,0.0,0,0,,,[],0.0,0.0,0.0,0.0,0.0,0.0,0.0,94825.25473632812
